problemId,titleKo,titles,isSolvable,isPartial,acceptedUserCount,level,votedUserCount,sprout,givesNoRating,isLevelLocked,averageTries,official,tags,metadata
6500,랜덤 숫자 만들기,"[{'language': 'ko', 'languageDisplayName': 'ko', 'title': '랜덤 숫자 만들기', 'isOriginal': False}, {'language': 'en', 'languageDisplayName': 'en', 'title': 'Generate random numbers', 'isOriginal': True}]",True,False,307,4,19,False,False,False,1.5016,True,"[{'key': 'arithmetic', 'isMeta': False, 'bojTagId': 121, 'problemCount': 1097, 'displayNames': [{'language': 'ko', 'name': '사칙연산', 'short': '사칙연산'}, {'language': 'en', 'name': 'arithmetic', 'short': 'arithmetic'}, {'language': 'ja', 'name': '算数', 'short': '算数'}], 'aliases': [{'alias': '덧셈'}, {'alias': '뺄셈'}, {'alias': '곱셈'}, {'alias': '나눗셈'}, {'alias': '더하기'}, {'alias': '빼기'}, {'alias': '곱하기'}, {'alias': '나누기'}]}, {'key': 'implementation', 'isMeta': False, 'bojTagId': 102, 'problemCount': 5468, 'displayNames': [{'language': 'ko', 'name': '구현', 'short': '구현'}, {'language': 'en', 'name': 'implementation', 'short': 'impl'}, {'language': 'ja', 'name': '実装', 'short': 'impl'}], 'aliases': []}, {'key': 'math', 'isMeta': False, 'bojTagId': 124, 'problemCount': 6275, 'displayNames': [{'language': 'ko', 'name': '수학', 'short': '수학'}, {'language': 'en', 'name': 'mathematics', 'short': 'math'}, {'language': 'ja', 'name': '数学', 'short': '数学'}], 'aliases': []}]",{}
6501,Hotel booking,"[{'language': 'en', 'languageDisplayName': 'en', 'title': 'Hotel booking', 'isOriginal': True}]",True,False,11,12,1,False,False,False,3.9091,True,[],{}
6502,동혁 피자,"[{'language': 'ko', 'languageDisplayName': 'ko', 'title': '동혁 피자', 'isOriginal': False}, {'language': 'en', 'languageDisplayName': 'en', 'title': ""Alfredo's Pizza Restaurant"", 'isOriginal': True}]",True,False,1690,4,37,False,False,False,1.9408,True,"[{'key': 'geometry', 'isMeta': False, 'bojTagId': 100, 'problemCount': 1482, 'displayNames': [{'language': 'ko', 'name': '기하학', 'short': '기하학'}, {'language': 'en', 'name': 'geometry', 'short': 'geom'}, {'language': 'ja', 'name': '幾何学', 'short': '幾何'}], 'aliases': []}, {'key': 'implementation', 'isMeta': False, 'bojTagId': 102, 'problemCount': 5468, 'displayNames': [{'language': 'ko', 'name': '구현', 'short': '구현'}, {'language': 'en', 'name': 'implementation', 'short': 'impl'}, {'language': 'ja', 'name': '実装', 'short': 'impl'}], 'aliases': []}, {'key': 'math', 'isMeta': False, 'bojTagId': 124, 'problemCount': 6275, 'displayNames': [{'language': 'ko', 'name': '수학', 'short': '수학'}, {'language': 'en', 'name': 'mathematics', 'short': 'math'}, {'language': 'ja', 'name': '数学', 'short': '数学'}], 'aliases': []}, {'key': 'pythagoras', 'isMeta': False, 'bojTagId': 60, 'problemCount': 88, 'displayNames': [{'language': 'ko', 'name': '피타고라스 정리', 'short': '피타고라스 정리'}, {'language': 'en', 'name': 'pythagoras theorem', 'short': 'pythagoras thm'}, {'language': 'ja', 'name': 'ピタゴラスの定理', 'short': 'ピタゴラス'}], 'aliases': []}]",{}
6503,망가진 키보드,"[{'language': 'ko', 'languageDisplayName': 'ko', 'title': '망가진 키보드', 'isOriginal': False}, {'language': 'en', 'languageDisplayName': 'en', 'title': 'Broken Keyboard', 'isOriginal': True}]",True,False,217,10,15,False,False,False,3.3594,True,"[{'key': 'string', 'isMeta': False, 'bojTagId': 158, 'problemCount': 2357, 'displayNames': [{'language': 'ko', 'name': '문자열', 'short': '문자열'}, {'language': 'en', 'name': 'string', 'short': 'string'}, {'language': 'ja', 'name': '文字列', 'short': '文字列'}], 'aliases': [{'alias': '스트링'}]}, {'key': 'two_pointer', 'isMeta': False, 'bojTagId': 80, 'problemCount': 380, 'displayNames': [{'language': 'ko', 'name': '두 포인터', 'short': '두 포인터'}, {'language': 'en', 'name': 'two-pointer', 'short': 'two-pointer'}, {'language': 'ja', 'name': '尺取り法', 'short': '尺取り'}], 'aliases': [{'alias': '투포인터'}, {'alias': '인치웜'}, {'alias': 'inchworm'}, {'alias': 'twopointer'}]}]",{}
6504,킬로미터를 마일로,"[{'language': 'ko', 'languageDisplayName': 'ko', 'title': '킬로미터를 마일로', 'isOriginal': False}, {'language': 'en', 'languageDisplayName': 'en', 'title': 'Convert Kilometers to Miles', 'isOriginal': True}]",True,False,214,6,9,False,False,False,1.3972,True,"[{'key': 'implementation', 'isMeta': False, 'bojTagId': 102, 'problemCount': 5468, 'displayNames': [{'language': 'ko', 'name': '구현', 'short': '구현'}, {'language': 'en', 'name': 'implementation', 'short': 'impl'}, {'language': 'ja', 'name': '実装', 'short': 'impl'}], 'aliases': []}, {'key': 'math', 'isMeta': False, 'bojTagId': 124, 'problemCount': 6275, 'displayNames': [{'language': 'ko', 'name': '수학', 'short': '수학'}, {'language': 'en', 'name': 'mathematics', 'short': 'math'}, {'language': 'ja', 'name': '数学', 'short': '数学'}], 'aliases': []}]",{}
6505,문자열 디코딩,"[{'language': 'ko', 'languageDisplayName': 'ko', 'title': '문자열 디코딩', 'isOriginal': False}, {'language': 'en', 'languageDisplayName': 'en', 'title': 'Decode the Strings', 'isOriginal': True}]",True,False,60,14,10,False,False,False,2.9333,True,"[{'key': 'data_structures', 'isMeta': False, 'bojTagId': 175, 'problemCount': 3772, 'displayNames': [{'language': 'ko', 'name': '자료 구조', 'short': '자료 구조'}, {'language': 'en', 'name': 'data structures', 'short': 'ds'}, {'language': 'ja', 'name': 'データ構造', 'short': 'ds'}], 'aliases': [{'alias': '자료구조'}, {'alias': '자구'}]}, {'key': 'permutation_cycle_decomposition', 'isMeta': False, 'bojTagId': 171, 'problemCount': 88, 'displayNames': [{'language': 'ko', 'name': '순열 사이클 분할', 'short': '순열 사이클 분할'}, {'language': 'en', 'name': 'permutation cycle decomposition', 'short': 'permutation cycle decomposition'}, {'language': 'ja', 'name': '順列サイクル分解', 'short': '順列サイクル分解'}], 'aliases': []}, {'key': 'sparse_table', 'isMeta': False, 'bojTagId': 84, 'problemCount': 138, 'displayNames': [{'language': 'ko', 'name': '희소 배열', 'short': '희소 배열'}, {'language': 'en', 'name': 'sparse table', 'short': 'sparse table'}, {'language': 'ja', 'name': 'sparse table', 'short': 'sparse table'}], 'aliases': [{'alias': '스파스어레이'}, {'alias': 'sparse table'}]}]",{}
6506,엘 도라도,"[{'language': 'ko', 'languageDisplayName': 'ko', 'title': '엘 도라도', 'isOriginal': False}, {'language': 'en', 'languageDisplayName': 'en', 'title': 'El Dorado', 'isOriginal': True}]",True,False,91,11,12,False,False,False,1.9341,True,"[{'key': 'dp', 'isMeta': False, 'bojTagId': 25, 'problemCount': 3982, 'displayNames': [{'language': 'ko', 'name': '다이나믹 프로그래밍', 'short': '다이나믹 프로그래밍'}, {'language': 'en', 'name': 'dynamic programming', 'short': 'dp'}, {'language': 'ja', 'name': '動的計画法', 'short': 'dp'}], 'aliases': [{'alias': '동적계획법'}, {'alias': '동적 계획법'}, {'alias': '다이나믹프로그래밍'}]}]",{}
6507,Forest,"[{'language': 'en', 'languageDisplayName': 'en', 'title': 'Forest', 'isOriginal': True}]",True,False,1,0,0,False,False,False,2.0,True,[],{}
6508,A Game with Marbles,"[{'language': 'en', 'languageDisplayName': 'en', 'title': 'A Game with Marbles', 'isOriginal': True}]",True,False,80,5,12,False,False,False,1.35,True,"[{'key': 'arithmetic', 'isMeta': False, 'bojTagId': 121, 'problemCount': 1097, 'displayNames': [{'language': 'ko', 'name': '사칙연산', 'short': '사칙연산'}, {'language': 'en', 'name': 'arithmetic', 'short': 'arithmetic'}, {'language': 'ja', 'name': '算数', 'short': '算数'}], 'aliases': [{'alias': '덧셈'}, {'alias': '뺄셈'}, {'alias': '곱셈'}, {'alias': '나눗셈'}, {'alias': '더하기'}, {'alias': '빼기'}, {'alias': '곱하기'}, {'alias': '나누기'}]}, {'key': 'implementation', 'isMeta': False, 'bojTagId': 102, 'problemCount': 5468, 'displayNames': [{'language': 'ko', 'name': '구현', 'short': '구현'}, {'language': 'en', 'name': 'implementation', 'short': 'impl'}, {'language': 'ja', 'name': '実装', 'short': 'impl'}], 'aliases': []}, {'key': 'math', 'isMeta': False, 'bojTagId': 124, 'problemCount': 6275, 'displayNames': [{'language': 'ko', 'name': '수학', 'short': '수학'}, {'language': 'en', 'name': 'mathematics', 'short': 'math'}, {'language': 'ja', 'name': '数学', 'short': '数学'}], 'aliases': []}, {'key': 'simulation', 'isMeta': False, 'bojTagId': 141, 'problemCount': 1066, 'displayNames': [{'language': 'ko', 'name': '시뮬레이션', 'short': '시뮬레이션'}, {'language': 'en', 'name': 'simulation', 'short': 'simulation'}, {'language': 'ja', 'name': 'シミュレーション', 'short': 'シミュレーション'}], 'aliases': []}]",{}
6509,Help Bob,"[{'language': 'en', 'languageDisplayName': 'en', 'title': 'Help Bob', 'isOriginal': True}]",True,False,4,13,1,False,False,False,1.25,True,[],{}
6510,Annoying painting tool,"[{'language': 'en', 'languageDisplayName': 'en', 'title': 'Annoying painting tool', 'isOriginal': True}]",True,False,15,10,1,False,False,False,1.4667,True,"[{'key': 'greedy', 'isMeta': False, 'bojTagId': 33, 'problemCount': 2504, 'displayNames': [{'language': 'ko', 'name': '그리디 알고리즘', 'short': '그리디 알고리즘'}, {'language': 'en', 'name': 'greedy', 'short': 'greedy'}, {'language': 'ja', 'name': '貪欲法', 'short': '貪欲法'}], 'aliases': [{'alias': '탐욕법'}]}]",{}
6511,Black and white painting,"[{'language': 'en', 'languageDisplayName': 'en', 'title': 'Black and white painting', 'isOriginal': True}]",True,False,37,4,3,False,False,False,1.8378,True,"[{'key': 'arithmetic', 'isMeta': False, 'bojTagId': 121, 'problemCount': 1097, 'displayNames': [{'language': 'ko', 'name': '사칙연산', 'short': '사칙연산'}, {'language': 'en', 'name': 'arithmetic', 'short': 'arithmetic'}, {'language': 'ja', 'name': '算数', 'short': '算数'}], 'aliases': [{'alias': '덧셈'}, {'alias': '뺄셈'}, {'alias': '곱셈'}, {'alias': '나눗셈'}, {'alias': '더하기'}, {'alias': '빼기'}, {'alias': '곱하기'}, {'alias': '나누기'}]}, {'key': 'math', 'isMeta': False, 'bojTagId': 124, 'problemCount': 6275, 'displayNames': [{'language': 'ko', 'name': '수학', 'short': '수학'}, {'language': 'en', 'name': 'mathematics', 'short': 'math'}, {'language': 'ja', 'name': '数学', 'short': '数学'}], 'aliases': []}]",{}
6512,Cylinder,"[{'language': 'en', 'languageDisplayName': 'en', 'title': 'Cylinder', 'isOriginal': True}]",True,False,7,12,2,False,False,False,1.0,True,"[{'key': 'geometry', 'isMeta': False, 'bojTagId': 100, 'problemCount': 1482, 'displayNames': [{'language': 'ko', 'name': '기하학', 'short': '기하학'}, {'language': 'en', 'name': 'geometry', 'short': 'geom'}, {'language': 'ja', 'name': '幾何学', 'short': '幾何'}], 'aliases': []}, {'key': 'math', 'isMeta': False, 'bojTagId': 124, 'problemCount': 6275, 'displayNames': [{'language': 'ko', 'name': '수학', 'short': '수학'}, {'language': 'en', 'name': 'mathematics', 'short': 'math'}, {'language': 'ja', 'name': '数学', 'short': '数学'}], 'aliases': []}]",{}
6513,Deli Deli,"[{'language': 'en', 'languageDisplayName': 'en', 'title': 'Deli Deli', 'isOriginal': True}]",True,False,47,7,3,False,False,False,1.2128,True,"[{'key': 'case_work', 'isMeta': False, 'bojTagId': 137, 'problemCount': 856, 'displayNames': [{'language': 'ko', 'name': '많은 조건 분기', 'short': '많은 조건 분기'}, {'language': 'en', 'name': 'case work', 'short': 'case work'}, {'language': 'ja', 'name': 'ケースワーク', 'short': 'ケースワーク'}], 'aliases': [{'alias': '케이스'}, {'alias': '케이스워크'}, {'alias': '케이스 워크'}]}, {'key': 'data_structures', 'isMeta': False, 'bojTagId': 175, 'problemCount': 3772, 'displayNames': [{'language': 'ko', 'name': '자료 구조', 'short': '자료 구조'}, {'language': 'en', 'name': 'data structures', 'short': 'ds'}, {'language': 'ja', 'name': 'データ構造', 'short': 'ds'}], 'aliases': [{'alias': '자료구조'}, {'alias': '자구'}]}, {'key': 'hash_set', 'isMeta': False, 'bojTagId': 136, 'problemCount': 626, 'displayNames': [{'language': 'ko', 'name': '해시를 사용한 집합과 맵', 'short': '해시를 사용한 집합과 맵'}, {'language': 'en', 'name': 'set / map by hashing', 'short': 'hashset'}, {'language': 'ja', 'name': 'ハッシュ化によるセット・マップ', 'short': 'hashset'}], 'aliases': [{'alias': '집합'}, {'alias': '맵'}, {'alias': '셋'}, {'alias': '딕셔너리'}, {'alias': 'dictionary'}, {'alias': 'map'}, {'alias': 'set'}, {'alias': '해싱'}, {'alias': 'hashing'}, {'alias': 'dict'}]}, {'key': 'implementation', 'isMeta': False, 'bojTagId': 102, 'problemCount': 5468, 'displayNames': [{'language': 'ko', 'name': '구현', 'short': '구현'}, {'language': 'en', 'name': 'implementation', 'short': 'impl'}, {'language': 'ja', 'name': '実装', 'short': 'impl'}], 'aliases': []}, {'key': 'string', 'isMeta': False, 'bojTagId': 158, 'problemCount': 2357, 'displayNames': [{'language': 'ko', 'name': '문자열', 'short': '문자열'}, {'language': 'en', 'name': 'string', 'short': 'string'}, {'language': 'ja', 'name': '文字列', 'short': '文字列'}], 'aliases': [{'alias': '스트링'}]}]",{}
6514,Expressions,"[{'language': 'en', 'languageDisplayName': 'en', 'title': 'Expressions', 'isOriginal': True}]",True,False,9,10,3,False,False,False,1.3333,True,"[{'key': 'data_structures', 'isMeta': False, 'bojTagId': 175, 'problemCount': 3772, 'displayNames': [{'language': 'ko', 'name': '자료 구조', 'short': '자료 구조'}, {'language': 'en', 'name': 'data structures', 'short': 'ds'}, {'language': 'ja', 'name': 'データ構造', 'short': 'ds'}], 'aliases': [{'alias': '자료구조'}, {'alias': '자구'}]}, {'key': 'implementation', 'isMeta': False, 'bojTagId': 102, 'problemCount': 5468, 'displayNames': [{'language': 'ko', 'name': '구현', 'short': '구현'}, {'language': 'en', 'name': 'implementation', 'short': 'impl'}, {'language': 'ja', 'name': '実装', 'short': 'impl'}], 'aliases': []}, {'key': 'queue', 'isMeta': False, 'bojTagId': 72, 'problemCount': 66, 'displayNames': [{'language': 'ko', 'name': '큐', 'short': '큐'}, {'language': 'en', 'name': 'queue', 'short': 'queue'}, {'language': 'ja', 'name': 'キュー', 'short': 'キュー'}], 'aliases': []}, {'key': 'stack', 'isMeta': False, 'bojTagId': 71, 'problemCount': 372, 'displayNames': [{'language': 'ko', 'name': '스택', 'short': '스택'}, {'language': 'en', 'name': 'stack', 'short': 'stack'}, {'language': 'ja', 'name': 'スタック', 'short': 'スタック'}], 'aliases': []}]",{}
6515,Frequent values,"[{'language': 'en', 'languageDisplayName': 'en', 'title': 'Frequent values', 'isOriginal': True}]",True,False,327,19,73,False,False,False,3.6758,True,"[{'key': 'data_structures', 'isMeta': False, 'bojTagId': 175, 'problemCount': 3772, 'displayNames': [{'language': 'ko', 'name': '자료 구조', 'short': '자료 구조'}, {'language': 'en', 'name': 'data structures', 'short': 'ds'}, {'language': 'ja', 'name': 'データ構造', 'short': 'ds'}], 'aliases': [{'alias': '자료구조'}, {'alias': '자구'}]}, {'key': 'mo', 'isMeta': False, 'bojTagId': 50, 'problemCount': 34, 'displayNames': [{'language': 'ko', 'name': ""mo's"", 'short': ""Mo's""}, {'language': 'en', 'name': ""mo's"", 'short': ""mo's""}, {'language': 'ja', 'name': ""mo's"", 'short': ""mo's""}], 'aliases': [{'alias': 'squarerootdecomposition'}, {'alias': 'sqrtdecomposition'}, {'alias': '평방분할법'}]}, {'key': 'offline_queries', 'isMeta': False, 'bojTagId': 123, 'problemCount': 253, 'displayNames': [{'language': 'ko', 'name': '오프라인 쿼리', 'short': '오프라인 쿼리'}, {'language': 'en', 'name': 'offline queries', 'short': 'offline query'}, {'language': 'ja', 'name': 'offline queries', 'short': 'offline query'}], 'aliases': [{'alias': 'offlinequery'}]}, {'key': 'segtree', 'isMeta': False, 'bojTagId': 65, 'problemCount': 1289, 'displayNames': [{'language': 'ko', 'name': '세그먼트 트리', 'short': '세그먼트 트리'}, {'language': 'en', 'name': 'segment tree', 'short': 'segtree'}, {'language': 'ja', 'name': 'セグメント木', 'short': 'セグ木'}], 'aliases': [{'alias': '구간트리'}, {'alias': '세그트리'}, {'alias': 'fenwick'}, {'alias': '펜윅'}]}]",{}
6516,Grocery store,"[{'language': 'en', 'languageDisplayName': 'en', 'title': 'Grocery store', 'isOriginal': True}]",True,False,20,8,3,False,False,False,2.8,True,"[{'key': 'arithmetic', 'isMeta': False, 'bojTagId': 121, 'problemCount': 1097, 'displayNames': [{'language': 'ko', 'name': '사칙연산', 'short': '사칙연산'}, {'language': 'en', 'name': 'arithmetic', 'short': 'arithmetic'}, {'language': 'ja', 'name': '算数', 'short': '算数'}], 'aliases': [{'alias': '덧셈'}, {'alias': '뺄셈'}, {'alias': '곱셈'}, {'alias': '나눗셈'}, {'alias': '더하기'}, {'alias': '빼기'}, {'alias': '곱하기'}, {'alias': '나누기'}]}, {'key': 'bruteforcing', 'isMeta': False, 'bojTagId': 125, 'problemCount': 2158, 'displayNames': [{'language': 'ko', 'name': '브루트포스 알고리즘', 'short': '브루트포스 알고리즘'}, {'language': 'en', 'name': 'bruteforcing', 'short': 'bruteforce'}, {'language': 'ja', 'name': '全探索', 'short': '全探索'}], 'aliases': [{'alias': '완전탐색'}, {'alias': '완전 탐색'}, {'alias': '브루트포스'}, {'alias': 'bruteforce'}, {'alias': 'brute force'}, {'alias': '완탐'}]}, {'key': 'math', 'isMeta': False, 'bojTagId': 124, 'problemCount': 6275, 'displayNames': [{'language': 'ko', 'name': '수학', 'short': '수학'}, {'language': 'en', 'name': 'mathematics', 'short': 'math'}, {'language': 'ja', 'name': '数学', 'short': '数学'}], 'aliases': []}]",{}
6517,Halloween treats,"[{'language': 'en', 'languageDisplayName': 'en', 'title': 'Halloween treats', 'isOriginal': True}]",True,False,8,12,1,False,False,False,2.5,True,"[{'key': 'pigeonhole_principle', 'isMeta': False, 'bojTagId': 189, 'problemCount': 42, 'displayNames': [{'language': 'ko', 'name': '비둘기집 원리', 'short': '비둘기집'}, {'language': 'en', 'name': 'pigeonhole principle', 'short': 'pigeonhole'}, {'language': 'ja', 'name': '鳩の巣原理', 'short': '鳩'}], 'aliases': []}]",{}
6518,오타 자동 수정,"[{'language': 'ko', 'languageDisplayName': 'ko', 'title': '오타 자동 수정', 'isOriginal': False}, {'language': 'en', 'languageDisplayName': 'en', 'title': 'Automatic Correction of Misspellings', 'isOriginal': True}]",True,False,21,8,3,False,False,False,3.0952,True,"[{'key': 'bruteforcing', 'isMeta': False, 'bojTagId': 125, 'problemCount': 2158, 'displayNames': [{'language': 'ko', 'name': '브루트포스 알고리즘', 'short': '브루트포스 알고리즘'}, {'language': 'en', 'name': 'bruteforcing', 'short': 'bruteforce'}, {'language': 'ja', 'name': '全探索', 'short': '全探索'}], 'aliases': [{'alias': '완전탐색'}, {'alias': '완전 탐색'}, {'alias': '브루트포스'}, {'alias': 'bruteforce'}, {'alias': 'brute force'}, {'alias': '완탐'}]}, {'key': 'case_work', 'isMeta': False, 'bojTagId': 137, 'problemCount': 856, 'displayNames': [{'language': 'ko', 'name': '많은 조건 분기', 'short': '많은 조건 분기'}, {'language': 'en', 'name': 'case work', 'short': 'case work'}, {'language': 'ja', 'name': 'ケースワーク', 'short': 'ケースワーク'}], 'aliases': [{'alias': '케이스'}, {'alias': '케이스워크'}, {'alias': '케이스 워크'}]}, {'key': 'data_structures', 'isMeta': False, 'bojTagId': 175, 'problemCount': 3772, 'displayNames': [{'language': 'ko', 'name': '자료 구조', 'short': '자료 구조'}, {'language': 'en', 'name': 'data structures', 'short': 'ds'}, {'language': 'ja', 'name': 'データ構造', 'short': 'ds'}], 'aliases': [{'alias': '자료구조'}, {'alias': '자구'}]}, {'key': 'hash_set', 'isMeta': False, 'bojTagId': 136, 'problemCount': 626, 'displayNames': [{'language': 'ko', 'name': '해시를 사용한 집합과 맵', 'short': '해시를 사용한 집합과 맵'}, {'language': 'en', 'name': 'set / map by hashing', 'short': 'hashset'}, {'language': 'ja', 'name': 'ハッシュ化によるセット・マップ', 'short': 'hashset'}], 'aliases': [{'alias': '집합'}, {'alias': '맵'}, {'alias': '셋'}, {'alias': '딕셔너리'}, {'alias': 'dictionary'}, {'alias': 'map'}, {'alias': 'set'}, {'alias': '해싱'}, {'alias': 'hashing'}, {'alias': 'dict'}]}]",{}
6519,Basic wall maze,"[{'language': 'en', 'languageDisplayName': 'en', 'title': 'Basic wall maze', 'isOriginal': True}]",True,False,8,0,0,False,False,False,2.0,True,[],{}
6520,Construct the wall maze,"[{'language': 'en', 'languageDisplayName': 'en', 'title': 'Construct the wall maze', 'isOriginal': True}]",True,False,0,0,0,False,False,False,0.0,True,[],{}
6521,Dihedral groups,"[{'language': 'en', 'languageDisplayName': 'en', 'title': 'Dihedral groups', 'isOriginal': True}]",True,False,6,13,3,False,False,False,1.5,True,"[{'key': 'math', 'isMeta': False, 'bojTagId': 124, 'problemCount': 6275, 'displayNames': [{'language': 'ko', 'name': '수학', 'short': '수학'}, {'language': 'en', 'name': 'mathematics', 'short': 'math'}, {'language': 'ja', 'name': '数学', 'short': '数学'}], 'aliases': []}]",{}
6522,Economic phone calls,"[{'language': 'en', 'languageDisplayName': 'en', 'title': 'Economic phone calls', 'isOriginal': True}]",True,False,0,0,0,False,False,False,0.0,True,[],{}
6523,요세푸스 한 번 더!,"[{'language': 'ko', 'languageDisplayName': 'ko', 'title': '요세푸스 한 번 더!', 'isOriginal': False}, {'language': 'en', 'languageDisplayName': 'en', 'title': 'Flavius Josephus Reloaded', 'isOriginal': True}]",True,False,91,14,12,False,False,False,2.5495,True,"[{'key': 'data_structures', 'isMeta': False, 'bojTagId': 175, 'problemCount': 3772, 'displayNames': [{'language': 'ko', 'name': '자료 구조', 'short': '자료 구조'}, {'language': 'en', 'name': 'data structures', 'short': 'ds'}, {'language': 'ja', 'name': 'データ構造', 'short': 'ds'}], 'aliases': [{'alias': '자료구조'}, {'alias': '자구'}]}, {'key': 'hash_set', 'isMeta': False, 'bojTagId': 136, 'problemCount': 626, 'displayNames': [{'language': 'ko', 'name': '해시를 사용한 집합과 맵', 'short': '해시를 사용한 집합과 맵'}, {'language': 'en', 'name': 'set / map by hashing', 'short': 'hashset'}, {'language': 'ja', 'name': 'ハッシュ化によるセット・マップ', 'short': 'hashset'}], 'aliases': [{'alias': '집합'}, {'alias': '맵'}, {'alias': '셋'}, {'alias': '딕셔너리'}, {'alias': 'dictionary'}, {'alias': 'map'}, {'alias': 'set'}, {'alias': '해싱'}, {'alias': 'hashing'}, {'alias': 'dict'}]}, {'key': 'implementation', 'isMeta': False, 'bojTagId': 102, 'problemCount': 5468, 'displayNames': [{'language': 'ko', 'name': '구현', 'short': '구현'}, {'language': 'en', 'name': 'implementation', 'short': 'impl'}, {'language': 'ja', 'name': '実装', 'short': 'impl'}], 'aliases': []}]",{}
6524,Wine trading in Gergovia,"[{'language': 'en', 'languageDisplayName': 'en', 'title': 'Wine trading in Gergovia', 'isOriginal': True}]",True,False,4,0,0,False,False,False,1.25,True,[],{}
6525,동차 수열,"[{'language': 'ko', 'languageDisplayName': 'ko', 'title': '동차 수열', 'isOriginal': False}, {'language': 'en', 'languageDisplayName': 'en', 'title': 'Homogeneous squares', 'isOriginal': True}]",True,False,32,13,5,False,False,False,2.625,True,"[{'key': 'ad_hoc', 'isMeta': False, 'bojTagId': 109, 'problemCount': 1448, 'displayNames': [{'language': 'ko', 'name': '애드 혹', 'short': '애드 혹'}, {'language': 'en', 'name': 'ad-hoc', 'short': 'ad-hoc'}, {'language': 'ja', 'name': 'アドホック', 'short': 'アドホック'}], 'aliases': []}]",{}
6526,Ambiguous permutations,"[{'language': 'en', 'languageDisplayName': 'en', 'title': 'Ambiguous permutations', 'isOriginal': True}]",True,False,45,5,8,False,False,False,1.1556,True,"[{'key': 'implementation', 'isMeta': False, 'bojTagId': 102, 'problemCount': 5468, 'displayNames': [{'language': 'ko', 'name': '구현', 'short': '구현'}, {'language': 'en', 'name': 'implementation', 'short': 'impl'}, {'language': 'ja', 'name': '実装', 'short': 'impl'}], 'aliases': []}]",{}
6527,빙고라니!,"[{'language': 'ko', 'languageDisplayName': 'ko', 'title': '빙고라니!', 'isOriginal': False}, {'language': 'en', 'languageDisplayName': 'en', 'title': 'Bullshit Bingo', 'isOriginal': True}]",True,False,31,8,6,False,False,False,2.6774,True,"[{'key': 'data_structures', 'isMeta': False, 'bojTagId': 175, 'problemCount': 3772, 'displayNames': [{'language': 'ko', 'name': '자료 구조', 'short': '자료 구조'}, {'language': 'en', 'name': 'data structures', 'short': 'ds'}, {'language': 'ja', 'name': 'データ構造', 'short': 'ds'}], 'aliases': [{'alias': '자료구조'}, {'alias': '자구'}]}, {'key': 'hash_set', 'isMeta': False, 'bojTagId': 136, 'problemCount': 626, 'displayNames': [{'language': 'ko', 'name': '해시를 사용한 집합과 맵', 'short': '해시를 사용한 집합과 맵'}, {'language': 'en', 'name': 'set / map by hashing', 'short': 'hashset'}, {'language': 'ja', 'name': 'ハッシュ化によるセット・マップ', 'short': 'hashset'}], 'aliases': [{'alias': '집합'}, {'alias': '맵'}, {'alias': '셋'}, {'alias': '딕셔너리'}, {'alias': 'dictionary'}, {'alias': 'map'}, {'alias': 'set'}, {'alias': '해싱'}, {'alias': 'hashing'}, {'alias': 'dict'}]}, {'key': 'implementation', 'isMeta': False, 'bojTagId': 102, 'problemCount': 5468, 'displayNames': [{'language': 'ko', 'name': '구현', 'short': '구현'}, {'language': 'en', 'name': 'implementation', 'short': 'impl'}, {'language': 'ja', 'name': '実装', 'short': 'impl'}], 'aliases': []}, {'key': 'parsing', 'isMeta': False, 'bojTagId': 96, 'problemCount': 454, 'displayNames': [{'language': 'ko', 'name': '파싱', 'short': '파싱'}, {'language': 'en', 'name': 'parsing', 'short': 'parsing'}, {'language': 'ja', 'name': 'パージング', 'short': 'パージング'}], 'aliases': []}, {'key': 'regex', 'isMeta': False, 'bojTagId': 63, 'problemCount': 27, 'displayNames': [{'language': 'ko', 'name': '정규 표현식', 'short': '정규 표현식'}, {'language': 'en', 'name': 'regular expression', 'short': 'regex'}, {'language': 'ja', 'name': '正規表現', 'short': 'regex'}], 'aliases': [{'alias': '정규식'}]}, {'key': 'string', 'isMeta': False, 'bojTagId': 158, 'problemCount': 2357, 'displayNames': [{'language': 'ko', 'name': '문자열', 'short': '문자열'}, {'language': 'en', 'name': 'string', 'short': 'string'}, {'language': 'ja', 'name': '文字列', 'short': '文字列'}], 'aliases': [{'alias': '스트링'}]}]",{}
6528,106 miles to Chicago,"[{'language': 'en', 'languageDisplayName': 'en', 'title': '106 miles to Chicago', 'isOriginal': True}]",True,False,29,12,6,False,False,False,1.2414,True,"[{'key': 'dijkstra', 'isMeta': False, 'bojTagId': 22, 'problemCount': 573, 'displayNames': [{'language': 'ko', 'name': '데이크스트라', 'short': '데이크스트라'}, {'language': 'en', 'name': ""dijkstra's"", 'short': ""dijkstra's""}, {'language': 'ja', 'name': 'ダイクストラ法', 'short': 'ダイクストラ法'}], 'aliases': [{'alias': '다익'}, {'alias': '다익스트라'}, {'alias': '데이크스트라'}]}, {'key': 'floyd_warshall', 'isMeta': False, 'bojTagId': 31, 'problemCount': 170, 'displayNames': [{'language': 'ko', 'name': '플로이드–워셜', 'short': '플로이드–워셜'}, {'language': 'en', 'name': 'floyd–warshall', 'short': 'floyd–warshall'}, {'language': 'ja', 'name': 'ワーシャル–フロイド法', 'short': 'ワーシャル–フロイド法'}], 'aliases': [{'alias': '플로이드'}, {'alias': '플로이드와셜'}, {'alias': '플로이드와샬'}]}, {'key': 'graphs', 'isMeta': False, 'bojTagId': 7, 'problemCount': 3637, 'displayNames': [{'language': 'ko', 'name': '그래프 이론', 'short': '그래프 이론'}, {'language': 'en', 'name': 'graph theory', 'short': 'graph'}, {'language': 'ja', 'name': 'グラフ理論', 'short': 'グラフ'}], 'aliases': [{'alias': '그래프이론'}, {'alias': '그래프'}]}, {'key': 'shortest_path', 'isMeta': False, 'bojTagId': 215, 'problemCount': 760, 'displayNames': [{'language': 'ko', 'name': '최단 경로', 'short': '최단 경로'}, {'language': 'en', 'name': 'shortest path', 'short': 'shortest path'}, {'language': 'ja', 'name': '最短経路', 'short': '最短経路'}], 'aliases': []}]",{}
6529,Decorate the wall,"[{'language': 'en', 'languageDisplayName': 'en', 'title': 'Decorate the wall', 'isOriginal': True}]",True,False,2,16,2,False,False,False,1.5,True,"[{'key': 'coordinate_compression', 'isMeta': False, 'bojTagId': 161, 'problemCount': 226, 'displayNames': [{'language': 'ko', 'name': '값 / 좌표 압축', 'short': '값 / 좌표 압축'}, {'language': 'en', 'name': 'value / coordinate compression', 'short': 'compression'}, {'language': 'ja', 'name': 'value / coordinate compression', 'short': 'compression'}], 'aliases': [{'alias': 'zip'}]}, {'key': 'sweeping', 'isMeta': False, 'bojTagId': 106, 'problemCount': 469, 'displayNames': [{'language': 'ko', 'name': '스위핑', 'short': '스위핑'}, {'language': 'en', 'name': 'sweeping', 'short': 'sweeping'}, {'language': 'ja', 'name': '平面走査', 'short': '平面走査'}], 'aliases': [{'alias': '라인 스위핑'}]}]",{}
6530,European railroad tracks,"[{'language': 'en', 'languageDisplayName': 'en', 'title': 'European railroad tracks', 'isOriginal': True}]",True,False,0,0,0,False,False,False,0.0,True,[],{}
6531,이런 문제는 유치원생도 해결할 수 있어,"[{'language': 'ko', 'languageDisplayName': 'ko', 'title': '이런 문제는 유치원생도 해결할 수 있어', 'isOriginal': False}, {'language': 'en', 'languageDisplayName': 'en', 'title': 'Any fool can do it', 'isOriginal': True}]",True,False,66,16,13,False,False,False,2.5,True,"[{'key': 'dp', 'isMeta': False, 'bojTagId': 25, 'problemCount': 3982, 'displayNames': [{'language': 'ko', 'name': '다이나믹 프로그래밍', 'short': '다이나믹 프로그래밍'}, {'language': 'en', 'name': 'dynamic programming', 'short': 'dp'}, {'language': 'ja', 'name': '動的計画法', 'short': 'dp'}], 'aliases': [{'alias': '동적계획법'}, {'alias': '동적 계획법'}, {'alias': '다이나믹프로그래밍'}]}, {'key': 'parsing', 'isMeta': False, 'bojTagId': 96, 'problemCount': 454, 'displayNames': [{'language': 'ko', 'name': '파싱', 'short': '파싱'}, {'language': 'en', 'name': 'parsing', 'short': 'parsing'}, {'language': 'ja', 'name': 'パージング', 'short': 'パージング'}], 'aliases': []}, {'key': 'string', 'isMeta': False, 'bojTagId': 158, 'problemCount': 2357, 'displayNames': [{'language': 'ko', 'name': '문자열', 'short': '문자열'}, {'language': 'en', 'name': 'string', 'short': 'string'}, {'language': 'ja', 'name': '文字列', 'short': '文字列'}], 'aliases': [{'alias': '스트링'}]}]",{}
6532,Game schedule required,"[{'language': 'en', 'languageDisplayName': 'en', 'title': 'Game schedule required', 'isOriginal': True}]",True,False,0,0,0,False,False,False,0.0,True,[],{}
6533,Help the problem setter,"[{'language': 'en', 'languageDisplayName': 'en', 'title': 'Help the problem setter', 'isOriginal': True}]",True,False,1,0,0,False,False,False,1.0,True,[],{}
6534,All Discs Considered,"[{'language': 'en', 'languageDisplayName': 'en', 'title': 'All Discs Considered', 'isOriginal': True}]",True,False,8,13,1,False,False,False,2.0,True,"[{'key': 'bfs', 'isMeta': False, 'bojTagId': 126, 'problemCount': 969, 'displayNames': [{'language': 'ko', 'name': '너비 우선 탐색', 'short': '너비 우선 탐색'}, {'language': 'en', 'name': 'breadth-first search', 'short': 'bfs'}, {'language': 'ja', 'name': '幅優先検索', 'short': 'bfs'}], 'aliases': [{'alias': 'breadthfirst'}, {'alias': 'breadth first'}]}, {'key': 'graphs', 'isMeta': False, 'bojTagId': 7, 'problemCount': 3637, 'displayNames': [{'language': 'ko', 'name': '그래프 이론', 'short': '그래프 이론'}, {'language': 'en', 'name': 'graph theory', 'short': 'graph'}, {'language': 'ja', 'name': 'グラフ理論', 'short': 'グラフ'}], 'aliases': [{'alias': '그래프이론'}, {'alias': '그래프'}]}, {'key': 'graph_traversal', 'isMeta': False, 'bojTagId': 11, 'problemCount': 1983, 'displayNames': [{'language': 'ko', 'name': '그래프 탐색', 'short': '그래프 탐색'}, {'language': 'en', 'name': 'graph traversal', 'short': 'traversal'}, {'language': 'ja', 'name': 'グラフの探索', 'short': '横断'}], 'aliases': [{'alias': 'bfs'}, {'alias': 'dfs'}]}]",{}
6535,Boolean Logic,"[{'language': 'en', 'languageDisplayName': 'en', 'title': 'Boolean Logic', 'isOriginal': True}]",True,False,7,20,4,False,False,False,2.0,True,"[{'key': 'implementation', 'isMeta': False, 'bojTagId': 102, 'problemCount': 5468, 'displayNames': [{'language': 'ko', 'name': '구현', 'short': '구현'}, {'language': 'en', 'name': 'implementation', 'short': 'impl'}, {'language': 'ja', 'name': '実装', 'short': 'impl'}], 'aliases': []}, {'key': 'parsing', 'isMeta': False, 'bojTagId': 96, 'problemCount': 454, 'displayNames': [{'language': 'ko', 'name': '파싱', 'short': '파싱'}, {'language': 'en', 'name': 'parsing', 'short': 'parsing'}, {'language': 'ja', 'name': 'パージング', 'short': 'パージング'}], 'aliases': []}, {'key': 'string', 'isMeta': False, 'bojTagId': 158, 'problemCount': 2357, 'displayNames': [{'language': 'ko', 'name': '문자열', 'short': '문자열'}, {'language': 'en', 'name': 'string', 'short': 'string'}, {'language': 'ja', 'name': '文字列', 'short': '文字列'}], 'aliases': [{'alias': '스트링'}]}]",{}
6536,Code,"[{'language': 'en', 'languageDisplayName': 'en', 'title': 'Code', 'isOriginal': True}]",True,False,12,17,6,False,False,False,2.6667,True,"[{'key': 'backtracking', 'isMeta': False, 'bojTagId': 5, 'problemCount': 531, 'displayNames': [{'language': 'ko', 'name': '백트래킹', 'short': '백트래킹'}, {'language': 'en', 'name': 'backtracking', 'short': 'backtrack'}, {'language': 'ja', 'name': 'バックトラック法', 'short': 'バックトラック'}], 'aliases': [{'alias': '백트래킹'}, {'alias': '퇴각검색'}, {'alias': '퇴각 검색'}]}, {'key': 'graphs', 'isMeta': False, 'bojTagId': 7, 'problemCount': 3637, 'displayNames': [{'language': 'ko', 'name': '그래프 이론', 'short': '그래프 이론'}, {'language': 'en', 'name': 'graph theory', 'short': 'graph'}, {'language': 'ja', 'name': 'グラフ理論', 'short': 'グラフ'}], 'aliases': [{'alias': '그래프이론'}, {'alias': '그래프'}]}]",{}
6537,In Danger,"[{'language': 'en', 'languageDisplayName': 'en', 'title': 'In Danger', 'isOriginal': True}]",True,False,24,8,3,False,False,False,1.4583,True,"[{'key': 'implementation', 'isMeta': False, 'bojTagId': 102, 'problemCount': 5468, 'displayNames': [{'language': 'ko', 'name': '구현', 'short': '구현'}, {'language': 'en', 'name': 'implementation', 'short': 'impl'}, {'language': 'ja', 'name': '実装', 'short': 'impl'}], 'aliases': []}, {'key': 'math', 'isMeta': False, 'bojTagId': 124, 'problemCount': 6275, 'displayNames': [{'language': 'ko', 'name': '수학', 'short': '수학'}, {'language': 'en', 'name': 'mathematics', 'short': 'math'}, {'language': 'ja', 'name': '数学', 'short': '数学'}], 'aliases': []}, {'key': 'simulation', 'isMeta': False, 'bojTagId': 141, 'problemCount': 1066, 'displayNames': [{'language': 'ko', 'name': '시뮬레이션', 'short': '시뮬레이션'}, {'language': 'en', 'name': 'simulation', 'short': 'simulation'}, {'language': 'ja', 'name': 'シミュレーション', 'short': 'シミュレーション'}], 'aliases': []}]",{}
6538,Run Length Encoding,"[{'language': 'en', 'languageDisplayName': 'en', 'title': 'Run Length Encoding', 'isOriginal': True}]",True,False,28,7,12,False,False,False,5.4643,True,"[{'key': 'implementation', 'isMeta': False, 'bojTagId': 102, 'problemCount': 5468, 'displayNames': [{'language': 'ko', 'name': '구현', 'short': '구현'}, {'language': 'en', 'name': 'implementation', 'short': 'impl'}, {'language': 'ja', 'name': '実装', 'short': 'impl'}], 'aliases': []}, {'key': 'parsing', 'isMeta': False, 'bojTagId': 96, 'problemCount': 454, 'displayNames': [{'language': 'ko', 'name': '파싱', 'short': '파싱'}, {'language': 'en', 'name': 'parsing', 'short': 'parsing'}, {'language': 'ja', 'name': 'パージング', 'short': 'パージング'}], 'aliases': []}, {'key': 'string', 'isMeta': False, 'bojTagId': 158, 'problemCount': 2357, 'displayNames': [{'language': 'ko', 'name': '문자열', 'short': '문자열'}, {'language': 'en', 'name': 'string', 'short': 'string'}, {'language': 'ja', 'name': '文字列', 'short': '文字列'}], 'aliases': [{'alias': '스트링'}]}]",{}
6539,Fractran,"[{'language': 'en', 'languageDisplayName': 'en', 'title': 'Fractran', 'isOriginal': True}]",True,False,0,0,0,False,False,False,0.0,True,[],{}
6540,Huffman's Greed,"[{'language': 'en', 'languageDisplayName': 'en', 'title': ""Huffman's Greed"", 'isOriginal': True}]",True,False,1,16,1,False,False,False,4.0,True,"[{'key': 'dp', 'isMeta': False, 'bojTagId': 25, 'problemCount': 3982, 'displayNames': [{'language': 'ko', 'name': '다이나믹 프로그래밍', 'short': '다이나믹 프로그래밍'}, {'language': 'en', 'name': 'dynamic programming', 'short': 'dp'}, {'language': 'ja', 'name': '動的計画法', 'short': 'dp'}], 'aliases': [{'alias': '동적계획법'}, {'alias': '동적 계획법'}, {'alias': '다이나믹프로그래밍'}]}, {'key': 'trees', 'isMeta': False, 'bojTagId': 120, 'problemCount': 1384, 'displayNames': [{'language': 'ko', 'name': '트리', 'short': '트리'}, {'language': 'en', 'name': 'tree', 'short': 'tree'}, {'language': 'ja', 'name': '木', 'short': '木'}], 'aliases': [{'alias': 'trees'}]}]",{}
6541,Binary Search Heap Construction,"[{'language': 'en', 'languageDisplayName': 'en', 'title': 'Binary Search Heap Construction', 'isOriginal': True}]",True,False,6,15,2,False,False,False,2.1667,True,"[{'key': 'data_structures', 'isMeta': False, 'bojTagId': 175, 'problemCount': 3772, 'displayNames': [{'language': 'ko', 'name': '자료 구조', 'short': '자료 구조'}, {'language': 'en', 'name': 'data structures', 'short': 'ds'}, {'language': 'ja', 'name': 'データ構造', 'short': 'ds'}], 'aliases': [{'alias': '자료구조'}, {'alias': '자구'}]}, {'key': 'parsing', 'isMeta': False, 'bojTagId': 96, 'problemCount': 454, 'displayNames': [{'language': 'ko', 'name': '파싱', 'short': '파싱'}, {'language': 'en', 'name': 'parsing', 'short': 'parsing'}, {'language': 'ja', 'name': 'パージング', 'short': 'パージング'}], 'aliases': []}, {'key': 'segtree', 'isMeta': False, 'bojTagId': 65, 'problemCount': 1289, 'displayNames': [{'language': 'ko', 'name': '세그먼트 트리', 'short': '세그먼트 트리'}, {'language': 'en', 'name': 'segment tree', 'short': 'segtree'}, {'language': 'ja', 'name': 'セグメント木', 'short': 'セグ木'}], 'aliases': [{'alias': '구간트리'}, {'alias': '세그트리'}, {'alias': 'fenwick'}, {'alias': '펜윅'}]}, {'key': 'stack', 'isMeta': False, 'bojTagId': 71, 'problemCount': 372, 'displayNames': [{'language': 'ko', 'name': '스택', 'short': '스택'}, {'language': 'en', 'name': 'stack', 'short': 'stack'}, {'language': 'ja', 'name': 'スタック', 'short': 'スタック'}], 'aliases': []}, {'key': 'string', 'isMeta': False, 'bojTagId': 158, 'problemCount': 2357, 'displayNames': [{'language': 'ko', 'name': '문자열', 'short': '문자열'}, {'language': 'en', 'name': 'string', 'short': 'string'}, {'language': 'ja', 'name': '文字列', 'short': '文字列'}], 'aliases': [{'alias': '스트링'}]}]",{}
6542,Assistance Required,"[{'language': 'en', 'languageDisplayName': 'en', 'title': 'Assistance Required', 'isOriginal': True}]",True,False,24,9,5,False,False,False,2.5417,True,"[{'key': 'data_structures', 'isMeta': False, 'bojTagId': 175, 'problemCount': 3772, 'displayNames': [{'language': 'ko', 'name': '자료 구조', 'short': '자료 구조'}, {'language': 'en', 'name': 'data structures', 'short': 'ds'}, {'language': 'ja', 'name': 'データ構造', 'short': 'ds'}], 'aliases': [{'alias': '자료구조'}, {'alias': '자구'}]}, {'key': 'implementation', 'isMeta': False, 'bojTagId': 102, 'problemCount': 5468, 'displayNames': [{'language': 'ko', 'name': '구현', 'short': '구현'}, {'language': 'en', 'name': 'implementation', 'short': 'impl'}, {'language': 'ja', 'name': '実装', 'short': 'impl'}], 'aliases': []}, {'key': 'linked_list', 'isMeta': False, 'bojTagId': 154, 'problemCount': 44, 'displayNames': [{'language': 'ko', 'name': '연결 리스트', 'short': '연결 리스트'}, {'language': 'en', 'name': 'linked list', 'short': 'll'}, {'language': 'ja', 'name': '連結リスト', 'short': '連結リスト'}], 'aliases': [{'alias': '링크드리스트'}]}, {'key': 'simulation', 'isMeta': False, 'bojTagId': 141, 'problemCount': 1066, 'displayNames': [{'language': 'ko', 'name': '시뮬레이션', 'short': '시뮬레이션'}, {'language': 'en', 'name': 'simulation', 'short': 'simulation'}, {'language': 'ja', 'name': 'シミュレーション', 'short': 'シミュレーション'}], 'aliases': []}]",{}
6543,그래프의 싱크,"[{'language': 'ko', 'languageDisplayName': 'ko', 'title': '그래프의 싱크', 'isOriginal': False}, {'language': 'en', 'languageDisplayName': 'en', 'title': 'The Bottom of a Graph', 'isOriginal': True}]",True,False,595,17,61,False,False,False,1.8891,True,"[{'key': 'graphs', 'isMeta': False, 'bojTagId': 7, 'problemCount': 3637, 'displayNames': [{'language': 'ko', 'name': '그래프 이론', 'short': '그래프 이론'}, {'language': 'en', 'name': 'graph theory', 'short': 'graph'}, {'language': 'ja', 'name': 'グラフ理論', 'short': 'グラフ'}], 'aliases': [{'alias': '그래프이론'}, {'alias': '그래프'}]}, {'key': 'scc', 'isMeta': False, 'bojTagId': 76, 'problemCount': 148, 'displayNames': [{'language': 'ko', 'name': '강한 연결 요소', 'short': '강한 연결 요소'}, {'language': 'en', 'name': 'strongly connected component', 'short': 'scc'}, {'language': 'ja', 'name': '強連結', 'short': '強連結'}], 'aliases': []}]",{}
6544,Fixed Partition Contest Management,"[{'language': 'en', 'languageDisplayName': 'en', 'title': 'Fixed Partition Contest Management', 'isOriginal': True}]",True,False,1,0,1,False,False,False,4.0,True,"[{'key': 'bruteforcing', 'isMeta': False, 'bojTagId': 125, 'problemCount': 2158, 'displayNames': [{'language': 'ko', 'name': '브루트포스 알고리즘', 'short': '브루트포스 알고리즘'}, {'language': 'en', 'name': 'bruteforcing', 'short': 'bruteforce'}, {'language': 'ja', 'name': '全探索', 'short': '全探索'}], 'aliases': [{'alias': '완전탐색'}, {'alias': '완전 탐색'}, {'alias': '브루트포스'}, {'alias': 'bruteforce'}, {'alias': 'brute force'}, {'alias': '완탐'}]}, {'key': 'greedy', 'isMeta': False, 'bojTagId': 33, 'problemCount': 2504, 'displayNames': [{'language': 'ko', 'name': '그리디 알고리즘', 'short': '그리디 알고리즘'}, {'language': 'en', 'name': 'greedy', 'short': 'greedy'}, {'language': 'ja', 'name': '貪欲法', 'short': '貪欲法'}], 'aliases': [{'alias': '탐욕법'}]}, {'key': 'sorting', 'isMeta': False, 'bojTagId': 97, 'problemCount': 1833, 'displayNames': [{'language': 'ko', 'name': '정렬', 'short': '정렬'}, {'language': 'en', 'name': 'sorting', 'short': 'sorting'}, {'language': 'ja', 'name': 'ソート', 'short': 'ソート'}], 'aliases': []}]",{}
6545,"Drink, on Ice","[{'language': 'en', 'languageDisplayName': 'en', 'title': 'Drink, on Ice', 'isOriginal': True}]",True,False,28,7,6,False,False,False,1.7857,True,"[{'key': 'case_work', 'isMeta': False, 'bojTagId': 137, 'problemCount': 856, 'displayNames': [{'language': 'ko', 'name': '많은 조건 분기', 'short': '많은 조건 분기'}, {'language': 'en', 'name': 'case work', 'short': 'case work'}, {'language': 'ja', 'name': 'ケースワーク', 'short': 'ケースワーク'}], 'aliases': [{'alias': '케이스'}, {'alias': '케이스워크'}, {'alias': '케이스 워크'}]}, {'key': 'math', 'isMeta': False, 'bojTagId': 124, 'problemCount': 6275, 'displayNames': [{'language': 'ko', 'name': '수학', 'short': '수학'}, {'language': 'en', 'name': 'mathematics', 'short': 'math'}, {'language': 'ja', 'name': '数学', 'short': '数学'}], 'aliases': []}, {'key': 'physics', 'isMeta': False, 'bojTagId': 116, 'problemCount': 62, 'displayNames': [{'language': 'ko', 'name': '물리학', 'short': '물리학'}, {'language': 'en', 'name': 'physics', 'short': 'physics'}, {'language': 'ja', 'name': '物理', 'short': '物理'}], 'aliases': []}]",{}
6546,Edge,"[{'language': 'en', 'languageDisplayName': 'en', 'title': 'Edge', 'isOriginal': True}]",True,False,40,5,6,False,False,False,1.225,True,"[{'key': 'implementation', 'isMeta': False, 'bojTagId': 102, 'problemCount': 5468, 'displayNames': [{'language': 'ko', 'name': '구현', 'short': '구현'}, {'language': 'en', 'name': 'implementation', 'short': 'impl'}, {'language': 'ja', 'name': '実装', 'short': 'impl'}], 'aliases': []}, {'key': 'simulation', 'isMeta': False, 'bojTagId': 141, 'problemCount': 1066, 'displayNames': [{'language': 'ko', 'name': '시뮬레이션', 'short': '시뮬레이션'}, {'language': 'en', 'name': 'simulation', 'short': 'simulation'}, {'language': 'ja', 'name': 'シミュレーション', 'short': 'シミュレーション'}], 'aliases': []}]",{}
6547,Fold,"[{'language': 'en', 'languageDisplayName': 'en', 'title': 'Fold', 'isOriginal': True}]",True,False,3,13,2,False,False,False,2.0,True,"[{'key': 'dp', 'isMeta': False, 'bojTagId': 25, 'problemCount': 3982, 'displayNames': [{'language': 'ko', 'name': '다이나믹 프로그래밍', 'short': '다이나믹 프로그래밍'}, {'language': 'en', 'name': 'dynamic programming', 'short': 'dp'}, {'language': 'ja', 'name': '動的計画法', 'short': 'dp'}], 'aliases': [{'alias': '동적계획법'}, {'alias': '동적 계획법'}, {'alias': '다이나믹프로그래밍'}]}]",{}
6548,Genetic Code,"[{'language': 'en', 'languageDisplayName': 'en', 'title': 'Genetic Code', 'isOriginal': True}]",True,False,2,0,1,False,False,False,2.5,True,"[{'key': 'backtracking', 'isMeta': False, 'bojTagId': 5, 'problemCount': 531, 'displayNames': [{'language': 'ko', 'name': '백트래킹', 'short': '백트래킹'}, {'language': 'en', 'name': 'backtracking', 'short': 'backtrack'}, {'language': 'ja', 'name': 'バックトラック法', 'short': 'バックトラック'}], 'aliases': [{'alias': '백트래킹'}, {'alias': '퇴각검색'}, {'alias': '퇴각 검색'}]}, {'key': 'precomputation', 'isMeta': False, 'bojTagId': 172, 'problemCount': 204, 'displayNames': [{'language': 'ko', 'name': '런타임 전의 전처리', 'short': '런타임 전의 전처리'}, {'language': 'en', 'name': 'precomputation', 'short': 'precomputation'}, {'language': 'ja', 'name': '事前計算', 'short': '事前計算'}], 'aliases': [{'alias': 'lookup table'}, {'alias': 'db'}, {'alias': 'database'}]}, {'key': 'string', 'isMeta': False, 'bojTagId': 158, 'problemCount': 2357, 'displayNames': [{'language': 'ko', 'name': '문자열', 'short': '문자열'}, {'language': 'en', 'name': 'string', 'short': 'string'}, {'language': 'ja', 'name': '文字列', 'short': '文字列'}], 'aliases': [{'alias': '스트링'}]}]",{}
6549,히스토그램에서 가장 큰 직사각형,"[{'language': 'ko', 'languageDisplayName': 'ko', 'title': '히스토그램에서 가장 큰 직사각형', 'isOriginal': False}, {'language': 'en', 'languageDisplayName': 'en', 'title': 'Largest Rectangle in a Histogram', 'isOriginal': True}]",True,False,10087,16,350,False,False,False,3.6916,True,"[{'key': 'data_structures', 'isMeta': False, 'bojTagId': 175, 'problemCount': 3772, 'displayNames': [{'language': 'ko', 'name': '자료 구조', 'short': '자료 구조'}, {'language': 'en', 'name': 'data structures', 'short': 'ds'}, {'language': 'ja', 'name': 'データ構造', 'short': 'ds'}], 'aliases': [{'alias': '자료구조'}, {'alias': '자구'}]}, {'key': 'divide_and_conquer', 'isMeta': False, 'bojTagId': 24, 'problemCount': 412, 'displayNames': [{'language': 'ko', 'name': '분할 정복', 'short': '분할 정복'}, {'language': 'en', 'name': 'divide and conquer', 'short': 'd&c'}, {'language': 'ja', 'name': '分割統治法', 'short': '分割統治法'}], 'aliases': [{'alias': 'dnc'}]}, {'key': 'segtree', 'isMeta': False, 'bojTagId': 65, 'problemCount': 1289, 'displayNames': [{'language': 'ko', 'name': '세그먼트 트리', 'short': '세그먼트 트리'}, {'language': 'en', 'name': 'segment tree', 'short': 'segtree'}, {'language': 'ja', 'name': 'セグメント木', 'short': 'セグ木'}], 'aliases': [{'alias': '구간트리'}, {'alias': '세그트리'}, {'alias': 'fenwick'}, {'alias': '펜윅'}]}, {'key': 'stack', 'isMeta': False, 'bojTagId': 71, 'problemCount': 372, 'displayNames': [{'language': 'ko', 'name': '스택', 'short': '스택'}, {'language': 'en', 'name': 'stack', 'short': 'stack'}, {'language': 'ja', 'name': 'スタック', 'short': 'スタック'}], 'aliases': []}]",{'warn': []}
6550,부분 문자열,"[{'language': 'ko', 'languageDisplayName': 'ko', 'title': '부분 문자열', 'isOriginal': False}, {'language': 'en', 'languageDisplayName': 'en', 'title': 'All in All', 'isOriginal': True}]",True,False,2071,6,46,False,False,False,2.5896,True,"[{'key': 'greedy', 'isMeta': False, 'bojTagId': 33, 'problemCount': 2504, 'displayNames': [{'language': 'ko', 'name': '그리디 알고리즘', 'short': '그리디 알고리즘'}, {'language': 'en', 'name': 'greedy', 'short': 'greedy'}, {'language': 'ja', 'name': '貪欲法', 'short': '貪欲法'}], 'aliases': [{'alias': '탐욕법'}]}, {'key': 'string', 'isMeta': False, 'bojTagId': 158, 'problemCount': 2357, 'displayNames': [{'language': 'ko', 'name': '문자열', 'short': '문자열'}, {'language': 'en', 'name': 'string', 'short': 'string'}, {'language': 'ja', 'name': '文字列', 'short': '文字列'}], 'aliases': [{'alias': '스트링'}]}]",{}
6551,Balanced Food,"[{'language': 'en', 'languageDisplayName': 'en', 'title': 'Balanced Food', 'isOriginal': True}]",True,False,0,0,0,False,False,False,0.0,True,[],{}
6552,California Jones and the Gate to Freedom,"[{'language': 'en', 'languageDisplayName': 'en', 'title': 'California Jones and the Gate to Freedom', 'isOriginal': True}]",True,False,3,13,1,False,False,False,1.3333,True,"[{'key': 'combinatorics', 'isMeta': False, 'bojTagId': 6, 'problemCount': 895, 'displayNames': [{'language': 'ko', 'name': '조합론', 'short': '조합론'}, {'language': 'en', 'name': 'combinatorics', 'short': 'combinatorics'}, {'language': 'ja', 'name': '組み合わせ', 'short': '組み合わせ'}], 'aliases': [{'alias': 'combination'}, {'alias': 'permutation'}, {'alias': 'probability'}, {'alias': '확률'}, {'alias': '순열'}]}, {'key': 'dp', 'isMeta': False, 'bojTagId': 25, 'problemCount': 3982, 'displayNames': [{'language': 'ko', 'name': '다이나믹 프로그래밍', 'short': '다이나믹 프로그래밍'}, {'language': 'en', 'name': 'dynamic programming', 'short': 'dp'}, {'language': 'ja', 'name': '動的計画法', 'short': 'dp'}], 'aliases': [{'alias': '동적계획법'}, {'alias': '동적 계획법'}, {'alias': '다이나믹프로그래밍'}]}, {'key': 'math', 'isMeta': False, 'bojTagId': 124, 'problemCount': 6275, 'displayNames': [{'language': 'ko', 'name': '수학', 'short': '수학'}, {'language': 'en', 'name': 'mathematics', 'short': 'math'}, {'language': 'ja', 'name': '数学', 'short': '数学'}], 'aliases': []}]",{}
6553,Diplomatic License,"[{'language': 'en', 'languageDisplayName': 'en', 'title': 'Diplomatic License', 'isOriginal': True}]",True,False,35,5,9,False,False,False,1.7429,True,"[{'key': 'geometry', 'isMeta': False, 'bojTagId': 100, 'problemCount': 1482, 'displayNames': [{'language': 'ko', 'name': '기하학', 'short': '기하학'}, {'language': 'en', 'name': 'geometry', 'short': 'geom'}, {'language': 'ja', 'name': '幾何学', 'short': '幾何'}], 'aliases': []}]",{}
6554,Polygon Programming with Ease,"[{'language': 'en', 'languageDisplayName': 'en', 'title': 'Polygon Programming with Ease', 'isOriginal': True}]",True,False,14,9,3,False,False,False,1.7857,True,"[{'key': 'arithmetic', 'isMeta': False, 'bojTagId': 121, 'problemCount': 1097, 'displayNames': [{'language': 'ko', 'name': '사칙연산', 'short': '사칙연산'}, {'language': 'en', 'name': 'arithmetic', 'short': 'arithmetic'}, {'language': 'ja', 'name': '算数', 'short': '算数'}], 'aliases': [{'alias': '덧셈'}, {'alias': '뺄셈'}, {'alias': '곱셈'}, {'alias': '나눗셈'}, {'alias': '더하기'}, {'alias': '빼기'}, {'alias': '곱하기'}, {'alias': '나누기'}]}, {'key': 'geometry', 'isMeta': False, 'bojTagId': 100, 'problemCount': 1482, 'displayNames': [{'language': 'ko', 'name': '기하학', 'short': '기하학'}, {'language': 'en', 'name': 'geometry', 'short': 'geom'}, {'language': 'ja', 'name': '幾何学', 'short': '幾何'}], 'aliases': []}, {'key': 'math', 'isMeta': False, 'bojTagId': 124, 'problemCount': 6275, 'displayNames': [{'language': 'ko', 'name': '수학', 'short': '수학'}, {'language': 'en', 'name': 'mathematics', 'short': 'math'}, {'language': 'ja', 'name': '数学', 'short': '数学'}], 'aliases': []}]",{}
6555,The Sierpinski Fractal,"[{'language': 'en', 'languageDisplayName': 'en', 'title': 'The Sierpinski Fractal', 'isOriginal': True}]",True,False,20,10,4,False,False,False,3.15,True,"[{'key': 'implementation', 'isMeta': False, 'bojTagId': 102, 'problemCount': 5468, 'displayNames': [{'language': 'ko', 'name': '구현', 'short': '구현'}, {'language': 'en', 'name': 'implementation', 'short': 'impl'}, {'language': 'ja', 'name': '実装', 'short': 'impl'}], 'aliases': []}, {'key': 'recursion', 'isMeta': False, 'bojTagId': 62, 'problemCount': 227, 'displayNames': [{'language': 'ko', 'name': '재귀', 'short': '재귀'}, {'language': 'en', 'name': 'recursion', 'short': 'recursion'}, {'language': 'ja', 'name': '再帰', 'short': '再帰'}], 'aliases': []}]",{}
6556,Paths on a Grid,"[{'language': 'en', 'languageDisplayName': 'en', 'title': 'Paths on a Grid', 'isOriginal': True}]",True,False,43,8,9,False,False,False,3.3721,True,"[{'key': 'combinatorics', 'isMeta': False, 'bojTagId': 6, 'problemCount': 895, 'displayNames': [{'language': 'ko', 'name': '조합론', 'short': '조합론'}, {'language': 'en', 'name': 'combinatorics', 'short': 'combinatorics'}, {'language': 'ja', 'name': '組み合わせ', 'short': '組み合わせ'}], 'aliases': [{'alias': 'combination'}, {'alias': 'permutation'}, {'alias': 'probability'}, {'alias': '확률'}, {'alias': '순열'}]}, {'key': 'math', 'isMeta': False, 'bojTagId': 124, 'problemCount': 6275, 'displayNames': [{'language': 'ko', 'name': '수학', 'short': '수학'}, {'language': 'en', 'name': 'mathematics', 'short': 'math'}, {'language': 'ja', 'name': '数学', 'short': '数学'}], 'aliases': []}]",{}
6557,Hall of Fountains,"[{'language': 'en', 'languageDisplayName': 'en', 'title': 'Hall of Fountains', 'isOriginal': True}]",True,False,2,12,1,False,False,False,3.0,True,"[{'key': 'dp', 'isMeta': False, 'bojTagId': 25, 'problemCount': 3982, 'displayNames': [{'language': 'ko', 'name': '다이나믹 프로그래밍', 'short': '다이나믹 프로그래밍'}, {'language': 'en', 'name': 'dynamic programming', 'short': 'dp'}, {'language': 'ja', 'name': '動的計画法', 'short': 'dp'}], 'aliases': [{'alias': '동적계획법'}, {'alias': '동적 계획법'}, {'alias': '다이나믹프로그래밍'}]}]",{}
6558,Average is not Fast Enough!,"[{'language': 'en', 'languageDisplayName': 'en', 'title': 'Average is not Fast Enough!', 'isOriginal': True}]",True,False,40,5,6,False,False,False,2.2,True,"[{'key': 'arithmetic', 'isMeta': False, 'bojTagId': 121, 'problemCount': 1097, 'displayNames': [{'language': 'ko', 'name': '사칙연산', 'short': '사칙연산'}, {'language': 'en', 'name': 'arithmetic', 'short': 'arithmetic'}, {'language': 'ja', 'name': '算数', 'short': '算数'}], 'aliases': [{'alias': '덧셈'}, {'alias': '뺄셈'}, {'alias': '곱셈'}, {'alias': '나눗셈'}, {'alias': '더하기'}, {'alias': '빼기'}, {'alias': '곱하기'}, {'alias': '나누기'}]}, {'key': 'implementation', 'isMeta': False, 'bojTagId': 102, 'problemCount': 5468, 'displayNames': [{'language': 'ko', 'name': '구현', 'short': '구현'}, {'language': 'en', 'name': 'implementation', 'short': 'impl'}, {'language': 'ja', 'name': '実装', 'short': 'impl'}], 'aliases': []}, {'key': 'math', 'isMeta': False, 'bojTagId': 124, 'problemCount': 6275, 'displayNames': [{'language': 'ko', 'name': '수학', 'short': '수학'}, {'language': 'en', 'name': 'mathematics', 'short': 'math'}, {'language': 'ja', 'name': '数学', 'short': '数学'}], 'aliases': []}]",{}
6559,Bound Found,"[{'language': 'en', 'languageDisplayName': 'en', 'title': 'Bound Found', 'isOriginal': True}]",True,False,3,14,2,False,False,False,8.6667,True,"[{'key': 'prefix_sum', 'isMeta': False, 'bojTagId': 139, 'problemCount': 953, 'displayNames': [{'language': 'ko', 'name': '누적 합', 'short': '누적 합'}, {'language': 'en', 'name': 'prefix sum', 'short': 'prefix sum'}, {'language': 'ja', 'name': '累積和', 'short': '累積和'}], 'aliases': [{'alias': '구간합'}, {'alias': '부분합'}, {'alias': 'rangesum'}]}, {'key': 'sorting', 'isMeta': False, 'bojTagId': 97, 'problemCount': 1833, 'displayNames': [{'language': 'ko', 'name': '정렬', 'short': '정렬'}, {'language': 'en', 'name': 'sorting', 'short': 'sorting'}, {'language': 'ja', 'name': 'ソート', 'short': 'ソート'}], 'aliases': []}, {'key': 'two_pointer', 'isMeta': False, 'bojTagId': 80, 'problemCount': 380, 'displayNames': [{'language': 'ko', 'name': '두 포인터', 'short': '두 포인터'}, {'language': 'en', 'name': 'two-pointer', 'short': 'two-pointer'}, {'language': 'ja', 'name': '尺取り法', 'short': '尺取り'}], 'aliases': [{'alias': '투포인터'}, {'alias': '인치웜'}, {'alias': 'inchworm'}, {'alias': 'twopointer'}]}]",{}
6560,Code the Tree,"[{'language': 'en', 'languageDisplayName': 'en', 'title': 'Code the Tree', 'isOriginal': True}]",True,False,14,11,5,False,False,False,2.4286,True,"[{'key': 'data_structures', 'isMeta': False, 'bojTagId': 175, 'problemCount': 3772, 'displayNames': [{'language': 'ko', 'name': '자료 구조', 'short': '자료 구조'}, {'language': 'en', 'name': 'data structures', 'short': 'ds'}, {'language': 'ja', 'name': 'データ構造', 'short': 'ds'}], 'aliases': [{'alias': '자료구조'}, {'alias': '자구'}]}, {'key': 'implementation', 'isMeta': False, 'bojTagId': 102, 'problemCount': 5468, 'displayNames': [{'language': 'ko', 'name': '구현', 'short': '구현'}, {'language': 'en', 'name': 'implementation', 'short': 'impl'}, {'language': 'ja', 'name': '実装', 'short': 'impl'}], 'aliases': []}, {'key': 'parsing', 'isMeta': False, 'bojTagId': 96, 'problemCount': 454, 'displayNames': [{'language': 'ko', 'name': '파싱', 'short': '파싱'}, {'language': 'en', 'name': 'parsing', 'short': 'parsing'}, {'language': 'ja', 'name': 'パージング', 'short': 'パージング'}], 'aliases': []}, {'key': 'simulation', 'isMeta': False, 'bojTagId': 141, 'problemCount': 1066, 'displayNames': [{'language': 'ko', 'name': '시뮬레이션', 'short': '시뮬레이션'}, {'language': 'en', 'name': 'simulation', 'short': 'simulation'}, {'language': 'ja', 'name': 'シミュレーション', 'short': 'シミュレーション'}], 'aliases': []}, {'key': 'stack', 'isMeta': False, 'bojTagId': 71, 'problemCount': 372, 'displayNames': [{'language': 'ko', 'name': '스택', 'short': '스택'}, {'language': 'en', 'name': 'stack', 'short': 'stack'}, {'language': 'ja', 'name': 'スタック', 'short': 'スタック'}], 'aliases': []}, {'key': 'string', 'isMeta': False, 'bojTagId': 158, 'problemCount': 2357, 'displayNames': [{'language': 'ko', 'name': '문자열', 'short': '문자열'}, {'language': 'en', 'name': 'string', 'short': 'string'}, {'language': 'ja', 'name': '文字列', 'short': '文字列'}], 'aliases': [{'alias': '스트링'}]}, {'key': 'trees', 'isMeta': False, 'bojTagId': 120, 'problemCount': 1384, 'displayNames': [{'language': 'ko', 'name': '트리', 'short': '트리'}, {'language': 'en', 'name': 'tree', 'short': 'tree'}, {'language': 'ja', 'name': '木', 'short': '木'}], 'aliases': [{'alias': 'trees'}]}]",{}
6561,Decode the Tree,"[{'language': 'en', 'languageDisplayName': 'en', 'title': 'Decode the Tree', 'isOriginal': True}]",True,False,2,0,1,False,False,False,9.5,True,"[{'key': 'constructive', 'isMeta': False, 'bojTagId': 128, 'problemCount': 986, 'displayNames': [{'language': 'ko', 'name': '해 구성하기', 'short': '해 구성하기'}, {'language': 'en', 'name': 'constructive', 'short': 'constructive'}, {'language': 'ja', 'name': '構成的', 'short': '構成的'}], 'aliases': [{'alias': 'constructive'}, {'alias': '컨스트럭티브'}, {'alias': '구성적'}]}, {'key': 'dfs', 'isMeta': False, 'bojTagId': 127, 'problemCount': 807, 'displayNames': [{'language': 'ko', 'name': '깊이 우선 탐색', 'short': '깊이 우선 탐색'}, {'language': 'en', 'name': 'depth-first search', 'short': 'dfs'}, {'language': 'ja', 'name': '深さ優先探索', 'short': 'dfs'}], 'aliases': [{'alias': 'depth first'}, {'alias': 'depthfirst'}]}, {'key': 'graphs', 'isMeta': False, 'bojTagId': 7, 'problemCount': 3637, 'displayNames': [{'language': 'ko', 'name': '그래프 이론', 'short': '그래프 이론'}, {'language': 'en', 'name': 'graph theory', 'short': 'graph'}, {'language': 'ja', 'name': 'グラフ理論', 'short': 'グラフ'}], 'aliases': [{'alias': '그래프이론'}, {'alias': '그래프'}]}, {'key': 'graph_traversal', 'isMeta': False, 'bojTagId': 11, 'problemCount': 1983, 'displayNames': [{'language': 'ko', 'name': '그래프 탐색', 'short': '그래프 탐색'}, {'language': 'en', 'name': 'graph traversal', 'short': 'traversal'}, {'language': 'ja', 'name': 'グラフの探索', 'short': '横断'}], 'aliases': [{'alias': 'bfs'}, {'alias': 'dfs'}]}]",{}
6562,Etaoin Shrdlu,"[{'language': 'en', 'languageDisplayName': 'en', 'title': 'Etaoin Shrdlu', 'isOriginal': True}]",True,False,20,7,4,False,False,False,1.6,True,"[{'key': 'implementation', 'isMeta': False, 'bojTagId': 102, 'problemCount': 5468, 'displayNames': [{'language': 'ko', 'name': '구현', 'short': '구현'}, {'language': 'en', 'name': 'implementation', 'short': 'impl'}, {'language': 'ja', 'name': '実装', 'short': 'impl'}], 'aliases': []}, {'key': 'sorting', 'isMeta': False, 'bojTagId': 97, 'problemCount': 1833, 'displayNames': [{'language': 'ko', 'name': '정렬', 'short': '정렬'}, {'language': 'en', 'name': 'sorting', 'short': 'sorting'}, {'language': 'ja', 'name': 'ソート', 'short': 'ソート'}], 'aliases': []}, {'key': 'string', 'isMeta': False, 'bojTagId': 158, 'problemCount': 2357, 'displayNames': [{'language': 'ko', 'name': '문자열', 'short': '문자열'}, {'language': 'en', 'name': 'string', 'short': 'string'}, {'language': 'ja', 'name': '文字列', 'short': '文字列'}], 'aliases': [{'alias': '스트링'}]}]",{}
6563,Fiber Network,"[{'language': 'en', 'languageDisplayName': 'en', 'title': 'Fiber Network', 'isOriginal': True}]",True,False,8,13,1,False,False,False,2.25,True,"[{'key': 'bitmask', 'isMeta': False, 'bojTagId': 14, 'problemCount': 717, 'displayNames': [{'language': 'ko', 'name': '비트마스킹', 'short': '비트마스킹'}, {'language': 'en', 'name': 'bitmask', 'short': 'bitmask'}, {'language': 'ja', 'name': 'ビット表現', 'short': 'ビット表現'}], 'aliases': [{'alias': '비트필드'}, {'alias': '비트마스크'}]}, {'key': 'floyd_warshall', 'isMeta': False, 'bojTagId': 31, 'problemCount': 170, 'displayNames': [{'language': 'ko', 'name': '플로이드–워셜', 'short': '플로이드–워셜'}, {'language': 'en', 'name': 'floyd–warshall', 'short': 'floyd–warshall'}, {'language': 'ja', 'name': 'ワーシャル–フロイド法', 'short': 'ワーシャル–フロイド法'}], 'aliases': [{'alias': '플로이드'}, {'alias': '플로이드와셜'}, {'alias': '플로이드와샬'}]}, {'key': 'graphs', 'isMeta': False, 'bojTagId': 7, 'problemCount': 3637, 'displayNames': [{'language': 'ko', 'name': '그래프 이론', 'short': '그래프 이론'}, {'language': 'en', 'name': 'graph theory', 'short': 'graph'}, {'language': 'ja', 'name': 'グラフ理論', 'short': 'グラフ'}], 'aliases': [{'alias': '그래프이론'}, {'alias': '그래프'}]}, {'key': 'shortest_path', 'isMeta': False, 'bojTagId': 215, 'problemCount': 760, 'displayNames': [{'language': 'ko', 'name': '최단 경로', 'short': '최단 경로'}, {'language': 'en', 'name': 'shortest path', 'short': 'shortest path'}, {'language': 'ja', 'name': '最短経路', 'short': '最短経路'}], 'aliases': []}]",{}
6564,Global Roaming,"[{'language': 'en', 'languageDisplayName': 'en', 'title': 'Global Roaming', 'isOriginal': True}]",True,False,4,10,3,False,False,False,3.25,True,"[{'key': 'geometry', 'isMeta': False, 'bojTagId': 100, 'problemCount': 1482, 'displayNames': [{'language': 'ko', 'name': '기하학', 'short': '기하학'}, {'language': 'en', 'name': 'geometry', 'short': 'geom'}, {'language': 'ja', 'name': '幾何学', 'short': '幾何'}], 'aliases': []}, {'key': 'geometry_3d', 'isMeta': False, 'bojTagId': 131, 'problemCount': 100, 'displayNames': [{'language': 'ko', 'name': '3차원 기하학', 'short': '3차원 기하학'}, {'language': 'en', 'name': 'geometry; 3d', 'short': '3d'}, {'language': 'ja', 'name': '3次元幾何学', 'short': '3d'}], 'aliases': []}, {'key': 'math', 'isMeta': False, 'bojTagId': 124, 'problemCount': 6275, 'displayNames': [{'language': 'ko', 'name': '수학', 'short': '수학'}, {'language': 'en', 'name': 'mathematics', 'short': 'math'}, {'language': 'ja', 'name': '数学', 'short': '数学'}], 'aliases': []}]",{}
6565,"Hard to Believe, but True!","[{'language': 'en', 'languageDisplayName': 'en', 'title': 'Hard to Believe, but True!', 'isOriginal': True}]",True,False,145,4,12,False,False,False,1.2828,True,"[{'key': 'arithmetic', 'isMeta': False, 'bojTagId': 121, 'problemCount': 1097, 'displayNames': [{'language': 'ko', 'name': '사칙연산', 'short': '사칙연산'}, {'language': 'en', 'name': 'arithmetic', 'short': 'arithmetic'}, {'language': 'ja', 'name': '算数', 'short': '算数'}], 'aliases': [{'alias': '덧셈'}, {'alias': '뺄셈'}, {'alias': '곱셈'}, {'alias': '나눗셈'}, {'alias': '더하기'}, {'alias': '빼기'}, {'alias': '곱하기'}, {'alias': '나누기'}]}, {'key': 'implementation', 'isMeta': False, 'bojTagId': 102, 'problemCount': 5468, 'displayNames': [{'language': 'ko', 'name': '구현', 'short': '구현'}, {'language': 'en', 'name': 'implementation', 'short': 'impl'}, {'language': 'ja', 'name': '実装', 'short': 'impl'}], 'aliases': []}, {'key': 'math', 'isMeta': False, 'bojTagId': 124, 'problemCount': 6275, 'displayNames': [{'language': 'ko', 'name': '수학', 'short': '수학'}, {'language': 'en', 'name': 'mathematics', 'short': 'math'}, {'language': 'ja', 'name': '数学', 'short': '数学'}], 'aliases': []}, {'key': 'parsing', 'isMeta': False, 'bojTagId': 96, 'problemCount': 454, 'displayNames': [{'language': 'ko', 'name': '파싱', 'short': '파싱'}, {'language': 'en', 'name': 'parsing', 'short': 'parsing'}, {'language': 'ja', 'name': 'パージング', 'short': 'パージング'}], 'aliases': []}, {'key': 'string', 'isMeta': False, 'bojTagId': 158, 'problemCount': 2357, 'displayNames': [{'language': 'ko', 'name': '문자열', 'short': '문자열'}, {'language': 'en', 'name': 'string', 'short': 'string'}, {'language': 'ja', 'name': '文字列', 'short': '文字列'}], 'aliases': [{'alias': '스트링'}]}]",{}
6566,애너그램 그룹,"[{'language': 'en', 'languageDisplayName': 'en', 'title': 'Anagram Groups', 'isOriginal': True}, {'language': 'ko', 'languageDisplayName': 'ko', 'title': '애너그램 그룹', 'isOriginal': False}]",True,False,116,10,15,False,False,False,6.0,True,"[{'key': 'data_structures', 'isMeta': False, 'bojTagId': 175, 'problemCount': 3772, 'displayNames': [{'language': 'ko', 'name': '자료 구조', 'short': '자료 구조'}, {'language': 'en', 'name': 'data structures', 'short': 'ds'}, {'language': 'ja', 'name': 'データ構造', 'short': 'ds'}], 'aliases': [{'alias': '자료구조'}, {'alias': '자구'}]}, {'key': 'hash_set', 'isMeta': False, 'bojTagId': 136, 'problemCount': 626, 'displayNames': [{'language': 'ko', 'name': '해시를 사용한 집합과 맵', 'short': '해시를 사용한 집합과 맵'}, {'language': 'en', 'name': 'set / map by hashing', 'short': 'hashset'}, {'language': 'ja', 'name': 'ハッシュ化によるセット・マップ', 'short': 'hashset'}], 'aliases': [{'alias': '집합'}, {'alias': '맵'}, {'alias': '셋'}, {'alias': '딕셔너리'}, {'alias': 'dictionary'}, {'alias': 'map'}, {'alias': 'set'}, {'alias': '해싱'}, {'alias': 'hashing'}, {'alias': 'dict'}]}, {'key': 'implementation', 'isMeta': False, 'bojTagId': 102, 'problemCount': 5468, 'displayNames': [{'language': 'ko', 'name': '구현', 'short': '구현'}, {'language': 'en', 'name': 'implementation', 'short': 'impl'}, {'language': 'ja', 'name': '実装', 'short': 'impl'}], 'aliases': []}, {'key': 'sorting', 'isMeta': False, 'bojTagId': 97, 'problemCount': 1833, 'displayNames': [{'language': 'ko', 'name': '정렬', 'short': '정렬'}, {'language': 'en', 'name': 'sorting', 'short': 'sorting'}, {'language': 'ja', 'name': 'ソート', 'short': 'ソート'}], 'aliases': []}, {'key': 'string', 'isMeta': False, 'bojTagId': 158, 'problemCount': 2357, 'displayNames': [{'language': 'ko', 'name': '문자열', 'short': '문자열'}, {'language': 'en', 'name': 'string', 'short': 'string'}, {'language': 'ja', 'name': '文字列', 'short': '文字列'}], 'aliases': [{'alias': '스트링'}]}, {'key': 'tree_set', 'isMeta': False, 'bojTagId': 74, 'problemCount': 488, 'displayNames': [{'language': 'ko', 'name': '트리를 사용한 집합과 맵', 'short': '트리를 사용한 집합과 맵'}, {'language': 'en', 'name': 'set / map by trees', 'short': 'treeset'}, {'language': 'ja', 'name': '木によるセット・マップ', 'short': 'treeset'}], 'aliases': [{'alias': '집합'}, {'alias': '맵'}, {'alias': '셋'}, {'alias': '딕셔너리'}, {'alias': 'dictionary'}, {'alias': 'map'}, {'alias': 'set'}, {'alias': 'bbst'}, {'alias': '트리'}, {'alias': 'tree'}]}]",{}
6567,Let it Bead,"[{'language': 'en', 'languageDisplayName': 'en', 'title': 'Let it Bead', 'isOriginal': True}]",True,False,87,16,20,False,False,False,1.1954,True,"[{'key': 'bruteforcing', 'isMeta': False, 'bojTagId': 125, 'problemCount': 2158, 'displayNames': [{'language': 'ko', 'name': '브루트포스 알고리즘', 'short': '브루트포스 알고리즘'}, {'language': 'en', 'name': 'bruteforcing', 'short': 'bruteforce'}, {'language': 'ja', 'name': '全探索', 'short': '全探索'}], 'aliases': [{'alias': '완전탐색'}, {'alias': '완전 탐색'}, {'alias': '브루트포스'}, {'alias': 'bruteforce'}, {'alias': 'brute force'}, {'alias': '완탐'}]}, {'key': 'burnside', 'isMeta': False, 'bojTagId': 16, 'problemCount': 9, 'displayNames': [{'language': 'ko', 'name': '번사이드 보조정리', 'short': '번사이드 보조정리'}, {'language': 'en', 'name': ""burnside's lemma"", 'short': ""burnside's lemma""}, {'language': 'ja', 'name': 'バーンサイドの補題', 'short': 'バーンサイド'}], 'aliases': []}, {'key': 'combinatorics', 'isMeta': False, 'bojTagId': 6, 'problemCount': 895, 'displayNames': [{'language': 'ko', 'name': '조합론', 'short': '조합론'}, {'language': 'en', 'name': 'combinatorics', 'short': 'combinatorics'}, {'language': 'ja', 'name': '組み合わせ', 'short': '組み合わせ'}], 'aliases': [{'alias': 'combination'}, {'alias': 'permutation'}, {'alias': 'probability'}, {'alias': '확률'}, {'alias': '순열'}]}, {'key': 'math', 'isMeta': False, 'bojTagId': 124, 'problemCount': 6275, 'displayNames': [{'language': 'ko', 'name': '수학', 'short': '수학'}, {'language': 'en', 'name': 'mathematics', 'short': 'math'}, {'language': 'ja', 'name': '数学', 'short': '数学'}], 'aliases': []}]",{}
6568,귀도 반 로썸은 크리스마스날 심심하다고 파이썬을 만들었다,"[{'language': 'ko', 'languageDisplayName': 'ko', 'title': '귀도 반 로썸은 크리스마스날 심심하다고 파이썬을 만들었다', 'isOriginal': False}, {'language': 'en', 'languageDisplayName': 'en', 'title': 'Simple Computers', 'isOriginal': True}]",True,False,249,11,17,False,False,False,4.7791,True,"[{'key': 'implementation', 'isMeta': False, 'bojTagId': 102, 'problemCount': 5468, 'displayNames': [{'language': 'ko', 'name': '구현', 'short': '구현'}, {'language': 'en', 'name': 'implementation', 'short': 'impl'}, {'language': 'ja', 'name': '実装', 'short': 'impl'}], 'aliases': []}, {'key': 'simulation', 'isMeta': False, 'bojTagId': 141, 'problemCount': 1066, 'displayNames': [{'language': 'ko', 'name': '시뮬레이션', 'short': '시뮬레이션'}, {'language': 'en', 'name': 'simulation', 'short': 'simulation'}, {'language': 'ja', 'name': 'シミュレーション', 'short': 'シミュレーション'}], 'aliases': []}]",{}
6569,몬드리안의 꿈,"[{'language': 'ko', 'languageDisplayName': 'ko', 'title': '몬드리안의 꿈', 'isOriginal': False}, {'language': 'en', 'languageDisplayName': 'en', 'title': ""Mondriaan's Dream"", 'isOriginal': True}]",True,False,220,18,36,False,False,False,2.1455,True,"[{'key': 'bitmask', 'isMeta': False, 'bojTagId': 14, 'problemCount': 717, 'displayNames': [{'language': 'ko', 'name': '비트마스킹', 'short': '비트마스킹'}, {'language': 'en', 'name': 'bitmask', 'short': 'bitmask'}, {'language': 'ja', 'name': 'ビット表現', 'short': 'ビット表現'}], 'aliases': [{'alias': '비트필드'}, {'alias': '비트마스크'}]}, {'key': 'dp', 'isMeta': False, 'bojTagId': 25, 'problemCount': 3982, 'displayNames': [{'language': 'ko', 'name': '다이나믹 프로그래밍', 'short': '다이나믹 프로그래밍'}, {'language': 'en', 'name': 'dynamic programming', 'short': 'dp'}, {'language': 'ja', 'name': '動的計画法', 'short': 'dp'}], 'aliases': [{'alias': '동적계획법'}, {'alias': '동적 계획법'}, {'alias': '다이나믹프로그래밍'}]}, {'key': 'dp_bitfield', 'isMeta': False, 'bojTagId': 87, 'problemCount': 299, 'displayNames': [{'language': 'ko', 'name': '비트필드를 이용한 다이나믹 프로그래밍', 'short': '비트필드를 이용한 다이나믹 프로그래밍'}, {'language': 'en', 'name': 'dynamic programming using bitfield', 'short': 'bitfield dp'}, {'language': 'ja', 'name': 'ビットを使用した動的計画法', 'short': 'ビットdp'}], 'aliases': [{'alias': '동적계획법'}, {'alias': '비트마스크'}, {'alias': '비트dp'}]}]",{}
6570,Equidistance,"[{'language': 'en', 'languageDisplayName': 'en', 'title': 'Equidistance', 'isOriginal': True}]",True,False,3,13,1,False,False,False,2.0,True,"[{'key': 'geometry', 'isMeta': False, 'bojTagId': 100, 'problemCount': 1482, 'displayNames': [{'language': 'ko', 'name': '기하학', 'short': '기하학'}, {'language': 'en', 'name': 'geometry', 'short': 'geom'}, {'language': 'ja', 'name': '幾何学', 'short': '幾何'}], 'aliases': []}, {'key': 'geometry_3d', 'isMeta': False, 'bojTagId': 131, 'problemCount': 100, 'displayNames': [{'language': 'ko', 'name': '3차원 기하학', 'short': '3차원 기하학'}, {'language': 'en', 'name': 'geometry; 3d', 'short': '3d'}, {'language': 'ja', 'name': '3次元幾何学', 'short': '3d'}], 'aliases': []}]",{}
6571,피보나치 수의 개수,"[{'language': 'ko', 'languageDisplayName': 'ko', 'title': '피보나치 수의 개수', 'isOriginal': False}, {'language': 'en', 'languageDisplayName': 'en', 'title': 'How many Fibs?', 'isOriginal': True}]",True,False,580,8,23,False,False,False,3.5569,True,"[{'key': 'arbitrary_precision', 'isMeta': False, 'bojTagId': 117, 'problemCount': 256, 'displayNames': [{'language': 'ko', 'name': '임의 정밀도 / 큰 수 연산', 'short': '임의 정밀도 / 큰 수 연산'}, {'language': 'en', 'name': 'arbitrary precision / big integers', 'short': 'arbitrary precision / big integers'}, {'language': 'ja', 'name': '高精度または大きな数の演算', 'short': '高精度または大きな数の演算'}], 'aliases': [{'alias': '빅인티저'}, {'alias': '빅데시멀'}, {'alias': 'biginteger'}, {'alias': 'bigdecimal'}]}, {'key': 'dp', 'isMeta': False, 'bojTagId': 25, 'problemCount': 3982, 'displayNames': [{'language': 'ko', 'name': '다이나믹 프로그래밍', 'short': '다이나믹 프로그래밍'}, {'language': 'en', 'name': 'dynamic programming', 'short': 'dp'}, {'language': 'ja', 'name': '動的計画法', 'short': 'dp'}], 'aliases': [{'alias': '동적계획법'}, {'alias': '동적 계획법'}, {'alias': '다이나믹프로그래밍'}]}, {'key': 'math', 'isMeta': False, 'bojTagId': 124, 'problemCount': 6275, 'displayNames': [{'language': 'ko', 'name': '수학', 'short': '수학'}, {'language': 'en', 'name': 'mathematics', 'short': 'math'}, {'language': 'ja', 'name': '数学', 'short': '数学'}], 'aliases': []}]",{}
6572,Phylogenetic Trees Inherited,"[{'language': 'en', 'languageDisplayName': 'en', 'title': 'Phylogenetic Trees Inherited', 'isOriginal': True}]",True,False,1,0,1,False,False,False,4.0,True,"[{'key': 'bitmask', 'isMeta': False, 'bojTagId': 14, 'problemCount': 717, 'displayNames': [{'language': 'ko', 'name': '비트마스킹', 'short': '비트마스킹'}, {'language': 'en', 'name': 'bitmask', 'short': 'bitmask'}, {'language': 'ja', 'name': 'ビット表現', 'short': 'ビット表現'}], 'aliases': [{'alias': '비트필드'}, {'alias': '비트마스크'}]}, {'key': 'data_structures', 'isMeta': False, 'bojTagId': 175, 'problemCount': 3772, 'displayNames': [{'language': 'ko', 'name': '자료 구조', 'short': '자료 구조'}, {'language': 'en', 'name': 'data structures', 'short': 'ds'}, {'language': 'ja', 'name': 'データ構造', 'short': 'ds'}], 'aliases': [{'alias': '자료구조'}, {'alias': '자구'}]}, {'key': 'segtree', 'isMeta': False, 'bojTagId': 65, 'problemCount': 1289, 'displayNames': [{'language': 'ko', 'name': '세그먼트 트리', 'short': '세그먼트 트리'}, {'language': 'en', 'name': 'segment tree', 'short': 'segtree'}, {'language': 'ja', 'name': 'セグメント木', 'short': 'セグ木'}], 'aliases': [{'alias': '구간트리'}, {'alias': '세그트리'}, {'alias': 'fenwick'}, {'alias': '펜윅'}]}]",{}
6573,Hike on a Graph,"[{'language': 'en', 'languageDisplayName': 'en', 'title': 'Hike on a Graph', 'isOriginal': True}]",True,False,8,11,4,False,False,False,1.5,True,"[{'key': 'bfs', 'isMeta': False, 'bojTagId': 126, 'problemCount': 969, 'displayNames': [{'language': 'ko', 'name': '너비 우선 탐색', 'short': '너비 우선 탐색'}, {'language': 'en', 'name': 'breadth-first search', 'short': 'bfs'}, {'language': 'ja', 'name': '幅優先検索', 'short': 'bfs'}], 'aliases': [{'alias': 'breadthfirst'}, {'alias': 'breadth first'}]}, {'key': 'graphs', 'isMeta': False, 'bojTagId': 7, 'problemCount': 3637, 'displayNames': [{'language': 'ko', 'name': '그래프 이론', 'short': '그래프 이론'}, {'language': 'en', 'name': 'graph theory', 'short': 'graph'}, {'language': 'ja', 'name': 'グラフ理論', 'short': 'グラフ'}], 'aliases': [{'alias': '그래프이론'}, {'alias': '그래프'}]}, {'key': 'graph_traversal', 'isMeta': False, 'bojTagId': 11, 'problemCount': 1983, 'displayNames': [{'language': 'ko', 'name': '그래프 탐색', 'short': '그래프 탐색'}, {'language': 'en', 'name': 'graph traversal', 'short': 'traversal'}, {'language': 'ja', 'name': 'グラフの探索', 'short': '横断'}], 'aliases': [{'alias': 'bfs'}, {'alias': 'dfs'}]}]",{}
6574,새로운 과일,"[{'language': 'ko', 'languageDisplayName': 'ko', 'title': '새로운 과일', 'isOriginal': False}, {'language': 'en', 'languageDisplayName': 'en', 'title': 'Advanced Fruits', 'isOriginal': True}]",True,False,50,14,9,False,False,False,1.8,True,"[{'key': 'dp', 'isMeta': False, 'bojTagId': 25, 'problemCount': 3982, 'displayNames': [{'language': 'ko', 'name': '다이나믹 프로그래밍', 'short': '다이나믹 프로그래밍'}, {'language': 'en', 'name': 'dynamic programming', 'short': 'dp'}, {'language': 'ja', 'name': '動的計画法', 'short': 'dp'}], 'aliases': [{'alias': '동적계획법'}, {'alias': '동적 계획법'}, {'alias': '다이나믹프로그래밍'}]}, {'key': 'string', 'isMeta': False, 'bojTagId': 158, 'problemCount': 2357, 'displayNames': [{'language': 'ko', 'name': '문자열', 'short': '문자열'}, {'language': 'en', 'name': 'string', 'short': 'string'}, {'language': 'ja', 'name': '文字列', 'short': '文字列'}], 'aliases': [{'alias': '스트링'}]}]",{}
6575,Bee Maja,"[{'language': 'en', 'languageDisplayName': 'en', 'title': 'Bee Maja', 'isOriginal': True}]",True,False,7,10,2,False,False,False,1.7143,True,"[{'key': 'implementation', 'isMeta': False, 'bojTagId': 102, 'problemCount': 5468, 'displayNames': [{'language': 'ko', 'name': '구현', 'short': '구현'}, {'language': 'en', 'name': 'implementation', 'short': 'impl'}, {'language': 'ja', 'name': '実装', 'short': 'impl'}], 'aliases': []}, {'key': 'simulation', 'isMeta': False, 'bojTagId': 141, 'problemCount': 1066, 'displayNames': [{'language': 'ko', 'name': '시뮬레이션', 'short': '시뮬레이션'}, {'language': 'en', 'name': 'simulation', 'short': 'simulation'}, {'language': 'ja', 'name': 'シミュレーション', 'short': 'シミュレーション'}], 'aliases': []}]",{}
6576,쿼드 트리,"[{'language': 'ko', 'languageDisplayName': 'ko', 'title': '쿼드 트리', 'isOriginal': False}, {'language': 'en', 'languageDisplayName': 'en', 'title': 'Quad Tree', 'isOriginal': True}]",True,False,75,10,9,False,False,False,2.84,True,"[{'key': 'recursion', 'isMeta': False, 'bojTagId': 62, 'problemCount': 227, 'displayNames': [{'language': 'ko', 'name': '재귀', 'short': '재귀'}, {'language': 'en', 'name': 'recursion', 'short': 'recursion'}, {'language': 'ja', 'name': '再帰', 'short': '再帰'}], 'aliases': []}]",{}
6577,From Dusk till Dawn (or Vladimir the Vampire),"[{'language': 'en', 'languageDisplayName': 'en', 'title': 'From Dusk till Dawn (or Vladimir the Vampire)', 'isOriginal': True}]",True,False,14,12,3,False,False,False,5.0714,True,"[{'key': 'bfs', 'isMeta': False, 'bojTagId': 126, 'problemCount': 969, 'displayNames': [{'language': 'ko', 'name': '너비 우선 탐색', 'short': '너비 우선 탐색'}, {'language': 'en', 'name': 'breadth-first search', 'short': 'bfs'}, {'language': 'ja', 'name': '幅優先検索', 'short': 'bfs'}], 'aliases': [{'alias': 'breadthfirst'}, {'alias': 'breadth first'}]}, {'key': 'data_structures', 'isMeta': False, 'bojTagId': 175, 'problemCount': 3772, 'displayNames': [{'language': 'ko', 'name': '자료 구조', 'short': '자료 구조'}, {'language': 'en', 'name': 'data structures', 'short': 'ds'}, {'language': 'ja', 'name': 'データ構造', 'short': 'ds'}], 'aliases': [{'alias': '자료구조'}, {'alias': '자구'}]}, {'key': 'dijkstra', 'isMeta': False, 'bojTagId': 22, 'problemCount': 573, 'displayNames': [{'language': 'ko', 'name': '데이크스트라', 'short': '데이크스트라'}, {'language': 'en', 'name': ""dijkstra's"", 'short': ""dijkstra's""}, {'language': 'ja', 'name': 'ダイクストラ法', 'short': 'ダイクストラ法'}], 'aliases': [{'alias': '다익'}, {'alias': '다익스트라'}, {'alias': '데이크스트라'}]}, {'key': 'graphs', 'isMeta': False, 'bojTagId': 7, 'problemCount': 3637, 'displayNames': [{'language': 'ko', 'name': '그래프 이론', 'short': '그래프 이론'}, {'language': 'en', 'name': 'graph theory', 'short': 'graph'}, {'language': 'ja', 'name': 'グラフ理論', 'short': 'グラフ'}], 'aliases': [{'alias': '그래프이론'}, {'alias': '그래프'}]}, {'key': 'graph_traversal', 'isMeta': False, 'bojTagId': 11, 'problemCount': 1983, 'displayNames': [{'language': 'ko', 'name': '그래프 탐색', 'short': '그래프 탐색'}, {'language': 'en', 'name': 'graph traversal', 'short': 'traversal'}, {'language': 'ja', 'name': 'グラフの探索', 'short': '横断'}], 'aliases': [{'alias': 'bfs'}, {'alias': 'dfs'}]}, {'key': 'hash_set', 'isMeta': False, 'bojTagId': 136, 'problemCount': 626, 'displayNames': [{'language': 'ko', 'name': '해시를 사용한 집합과 맵', 'short': '해시를 사용한 집합과 맵'}, {'language': 'en', 'name': 'set / map by hashing', 'short': 'hashset'}, {'language': 'ja', 'name': 'ハッシュ化によるセット・マップ', 'short': 'hashset'}], 'aliases': [{'alias': '집합'}, {'alias': '맵'}, {'alias': '셋'}, {'alias': '딕셔너리'}, {'alias': 'dictionary'}, {'alias': 'map'}, {'alias': 'set'}, {'alias': '해싱'}, {'alias': 'hashing'}, {'alias': 'dict'}]}, {'key': 'shortest_path', 'isMeta': False, 'bojTagId': 215, 'problemCount': 760, 'displayNames': [{'language': 'ko', 'name': '최단 경로', 'short': '최단 경로'}, {'language': 'en', 'name': 'shortest path', 'short': 'shortest path'}, {'language': 'ja', 'name': '最短経路', 'short': '最短経路'}], 'aliases': []}]",{}
6578,Euro Cup 2000,"[{'language': 'en', 'languageDisplayName': 'en', 'title': 'Euro Cup 2000', 'isOriginal': True}]",True,False,1,14,1,False,False,False,1.0,True,"[{'key': 'bruteforcing', 'isMeta': False, 'bojTagId': 125, 'problemCount': 2158, 'displayNames': [{'language': 'ko', 'name': '브루트포스 알고리즘', 'short': '브루트포스 알고리즘'}, {'language': 'en', 'name': 'bruteforcing', 'short': 'bruteforce'}, {'language': 'ja', 'name': '全探索', 'short': '全探索'}], 'aliases': [{'alias': '완전탐색'}, {'alias': '완전 탐색'}, {'alias': '브루트포스'}, {'alias': 'bruteforce'}, {'alias': 'brute force'}, {'alias': '완탐'}]}, {'key': 'implementation', 'isMeta': False, 'bojTagId': 102, 'problemCount': 5468, 'displayNames': [{'language': 'ko', 'name': '구현', 'short': '구현'}, {'language': 'en', 'name': 'implementation', 'short': 'impl'}, {'language': 'ja', 'name': '実装', 'short': 'impl'}], 'aliases': []}, {'key': 'simulation', 'isMeta': False, 'bojTagId': 141, 'problemCount': 1066, 'displayNames': [{'language': 'ko', 'name': '시뮬레이션', 'short': '시뮬레이션'}, {'language': 'en', 'name': 'simulation', 'short': 'simulation'}, {'language': 'ja', 'name': 'シミュレーション', 'short': 'シミュレーション'}], 'aliases': []}]",{}
6579,Friends,"[{'language': 'en', 'languageDisplayName': 'en', 'title': 'Friends', 'isOriginal': True}]",True,False,29,13,10,False,False,False,2.2414,True,"[{'key': 'data_structures', 'isMeta': False, 'bojTagId': 175, 'problemCount': 3772, 'displayNames': [{'language': 'ko', 'name': '자료 구조', 'short': '자료 구조'}, {'language': 'en', 'name': 'data structures', 'short': 'ds'}, {'language': 'ja', 'name': 'データ構造', 'short': 'ds'}], 'aliases': [{'alias': '자료구조'}, {'alias': '자구'}]}, {'key': 'implementation', 'isMeta': False, 'bojTagId': 102, 'problemCount': 5468, 'displayNames': [{'language': 'ko', 'name': '구현', 'short': '구현'}, {'language': 'en', 'name': 'implementation', 'short': 'impl'}, {'language': 'ja', 'name': '実装', 'short': 'impl'}], 'aliases': []}, {'key': 'parsing', 'isMeta': False, 'bojTagId': 96, 'problemCount': 454, 'displayNames': [{'language': 'ko', 'name': '파싱', 'short': '파싱'}, {'language': 'en', 'name': 'parsing', 'short': 'parsing'}, {'language': 'ja', 'name': 'パージング', 'short': 'パージング'}], 'aliases': []}, {'key': 'stack', 'isMeta': False, 'bojTagId': 71, 'problemCount': 372, 'displayNames': [{'language': 'ko', 'name': '스택', 'short': '스택'}, {'language': 'en', 'name': 'stack', 'short': 'stack'}, {'language': 'ja', 'name': 'スタック', 'short': 'スタック'}], 'aliases': []}, {'key': 'string', 'isMeta': False, 'bojTagId': 158, 'problemCount': 2357, 'displayNames': [{'language': 'ko', 'name': '문자열', 'short': '문자열'}, {'language': 'en', 'name': 'string', 'short': 'string'}, {'language': 'ja', 'name': '文字列', 'short': '文字列'}], 'aliases': [{'alias': '스트링'}]}]",{}
6580,쿼드 트리,"[{'language': 'en', 'languageDisplayName': 'en', 'title': 'Quad Tree', 'isOriginal': True}, {'language': 'ko', 'languageDisplayName': 'ko', 'title': '쿼드 트리', 'isOriginal': False}]",True,False,69,8,4,False,False,False,2.8696,True,"[{'key': 'divide_and_conquer', 'isMeta': False, 'bojTagId': 24, 'problemCount': 412, 'displayNames': [{'language': 'ko', 'name': '분할 정복', 'short': '분할 정복'}, {'language': 'en', 'name': 'divide and conquer', 'short': 'd&c'}, {'language': 'ja', 'name': '分割統治法', 'short': '分割統治法'}], 'aliases': [{'alias': 'dnc'}]}, {'key': 'parsing', 'isMeta': False, 'bojTagId': 96, 'problemCount': 454, 'displayNames': [{'language': 'ko', 'name': '파싱', 'short': '파싱'}, {'language': 'en', 'name': 'parsing', 'short': 'parsing'}, {'language': 'ja', 'name': 'パージング', 'short': 'パージング'}], 'aliases': []}, {'key': 'recursion', 'isMeta': False, 'bojTagId': 62, 'problemCount': 227, 'displayNames': [{'language': 'ko', 'name': '재귀', 'short': '재귀'}, {'language': 'en', 'name': 'recursion', 'short': 'recursion'}, {'language': 'ja', 'name': '再帰', 'short': '再帰'}], 'aliases': []}, {'key': 'string', 'isMeta': False, 'bojTagId': 158, 'problemCount': 2357, 'displayNames': [{'language': 'ko', 'name': '문자열', 'short': '문자열'}, {'language': 'en', 'name': 'string', 'short': 'string'}, {'language': 'ja', 'name': '文字列', 'short': '文字列'}], 'aliases': [{'alias': '스트링'}]}]",{}
6581,HTML,"[{'language': 'en', 'languageDisplayName': 'en', 'title': 'HTML', 'isOriginal': True}]",True,False,366,11,25,False,False,False,4.5246,True,"[{'key': 'parsing', 'isMeta': False, 'bojTagId': 96, 'problemCount': 454, 'displayNames': [{'language': 'ko', 'name': '파싱', 'short': '파싱'}, {'language': 'en', 'name': 'parsing', 'short': 'parsing'}, {'language': 'ja', 'name': 'パージング', 'short': 'パージング'}], 'aliases': []}, {'key': 'string', 'isMeta': False, 'bojTagId': 158, 'problemCount': 2357, 'displayNames': [{'language': 'ko', 'name': '문자열', 'short': '문자열'}, {'language': 'en', 'name': 'string', 'short': 'string'}, {'language': 'ja', 'name': '文字列', 'short': '文字列'}], 'aliases': [{'alias': '스트링'}]}]",{}
6582,Artificial Intelligence?,"[{'language': 'en', 'languageDisplayName': 'en', 'title': 'Artificial Intelligence?', 'isOriginal': True}]",True,False,21,9,3,False,False,False,1.5714,True,"[{'key': 'implementation', 'isMeta': False, 'bojTagId': 102, 'problemCount': 5468, 'displayNames': [{'language': 'ko', 'name': '구현', 'short': '구현'}, {'language': 'en', 'name': 'implementation', 'short': 'impl'}, {'language': 'ja', 'name': '実装', 'short': 'impl'}], 'aliases': []}, {'key': 'parsing', 'isMeta': False, 'bojTagId': 96, 'problemCount': 454, 'displayNames': [{'language': 'ko', 'name': '파싱', 'short': '파싱'}, {'language': 'en', 'name': 'parsing', 'short': 'parsing'}, {'language': 'ja', 'name': 'パージング', 'short': 'パージング'}], 'aliases': []}, {'key': 'string', 'isMeta': False, 'bojTagId': 158, 'problemCount': 2357, 'displayNames': [{'language': 'ko', 'name': '문자열', 'short': '문자열'}, {'language': 'en', 'name': 'string', 'short': 'string'}, {'language': 'ja', 'name': '文字列', 'short': '文字列'}], 'aliases': [{'alias': '스트링'}]}]",{}
6583,Balancing Bank Accounts,"[{'language': 'en', 'languageDisplayName': 'en', 'title': 'Balancing Bank Accounts', 'isOriginal': True}]",True,False,2,0,1,False,False,False,1.0,True,"[{'key': 'constructive', 'isMeta': False, 'bojTagId': 128, 'problemCount': 986, 'displayNames': [{'language': 'ko', 'name': '해 구성하기', 'short': '해 구성하기'}, {'language': 'en', 'name': 'constructive', 'short': 'constructive'}, {'language': 'ja', 'name': '構成的', 'short': '構成的'}], 'aliases': [{'alias': 'constructive'}, {'alias': '컨스트럭티브'}, {'alias': '구성적'}]}, {'key': 'data_structures', 'isMeta': False, 'bojTagId': 175, 'problemCount': 3772, 'displayNames': [{'language': 'ko', 'name': '자료 구조', 'short': '자료 구조'}, {'language': 'en', 'name': 'data structures', 'short': 'ds'}, {'language': 'ja', 'name': 'データ構造', 'short': 'ds'}], 'aliases': [{'alias': '자료구조'}, {'alias': '자구'}]}, {'key': 'greedy', 'isMeta': False, 'bojTagId': 33, 'problemCount': 2504, 'displayNames': [{'language': 'ko', 'name': '그리디 알고리즘', 'short': '그리디 알고리즘'}, {'language': 'en', 'name': 'greedy', 'short': 'greedy'}, {'language': 'ja', 'name': '貪欲法', 'short': '貪欲法'}], 'aliases': [{'alias': '탐욕법'}]}, {'key': 'hash_set', 'isMeta': False, 'bojTagId': 136, 'problemCount': 626, 'displayNames': [{'language': 'ko', 'name': '해시를 사용한 집합과 맵', 'short': '해시를 사용한 집합과 맵'}, {'language': 'en', 'name': 'set / map by hashing', 'short': 'hashset'}, {'language': 'ja', 'name': 'ハッシュ化によるセット・マップ', 'short': 'hashset'}], 'aliases': [{'alias': '집합'}, {'alias': '맵'}, {'alias': '셋'}, {'alias': '딕셔너리'}, {'alias': 'dictionary'}, {'alias': 'map'}, {'alias': 'set'}, {'alias': '해싱'}, {'alias': 'hashing'}, {'alias': 'dict'}]}]",{}
6584,The Settlers of Catan,"[{'language': 'en', 'languageDisplayName': 'en', 'title': 'The Settlers of Catan', 'isOriginal': True}]",True,False,17,10,4,False,False,False,1.8235,True,"[{'key': 'backtracking', 'isMeta': False, 'bojTagId': 5, 'problemCount': 531, 'displayNames': [{'language': 'ko', 'name': '백트래킹', 'short': '백트래킹'}, {'language': 'en', 'name': 'backtracking', 'short': 'backtrack'}, {'language': 'ja', 'name': 'バックトラック法', 'short': 'バックトラック'}], 'aliases': [{'alias': '백트래킹'}, {'alias': '퇴각검색'}, {'alias': '퇴각 검색'}]}, {'key': 'dfs', 'isMeta': False, 'bojTagId': 127, 'problemCount': 807, 'displayNames': [{'language': 'ko', 'name': '깊이 우선 탐색', 'short': '깊이 우선 탐색'}, {'language': 'en', 'name': 'depth-first search', 'short': 'dfs'}, {'language': 'ja', 'name': '深さ優先探索', 'short': 'dfs'}], 'aliases': [{'alias': 'depth first'}, {'alias': 'depthfirst'}]}, {'key': 'graphs', 'isMeta': False, 'bojTagId': 7, 'problemCount': 3637, 'displayNames': [{'language': 'ko', 'name': '그래프 이론', 'short': '그래프 이론'}, {'language': 'en', 'name': 'graph theory', 'short': 'graph'}, {'language': 'ja', 'name': 'グラフ理論', 'short': 'グラフ'}], 'aliases': [{'alias': '그래프이론'}, {'alias': '그래프'}]}, {'key': 'graph_traversal', 'isMeta': False, 'bojTagId': 11, 'problemCount': 1983, 'displayNames': [{'language': 'ko', 'name': '그래프 탐색', 'short': '그래프 탐색'}, {'language': 'en', 'name': 'graph traversal', 'short': 'traversal'}, {'language': 'ja', 'name': 'グラフの探索', 'short': '横断'}], 'aliases': [{'alias': 'bfs'}, {'alias': 'dfs'}]}]",{}
6585,Team Queue,"[{'language': 'en', 'languageDisplayName': 'en', 'title': 'Team Queue', 'isOriginal': True}]",True,False,14,9,4,False,False,False,2.2857,True,"[{'key': 'data_structures', 'isMeta': False, 'bojTagId': 175, 'problemCount': 3772, 'displayNames': [{'language': 'ko', 'name': '자료 구조', 'short': '자료 구조'}, {'language': 'en', 'name': 'data structures', 'short': 'ds'}, {'language': 'ja', 'name': 'データ構造', 'short': 'ds'}], 'aliases': [{'alias': '자료구조'}, {'alias': '자구'}]}, {'key': 'implementation', 'isMeta': False, 'bojTagId': 102, 'problemCount': 5468, 'displayNames': [{'language': 'ko', 'name': '구현', 'short': '구현'}, {'language': 'en', 'name': 'implementation', 'short': 'impl'}, {'language': 'ja', 'name': '実装', 'short': 'impl'}], 'aliases': []}, {'key': 'queue', 'isMeta': False, 'bojTagId': 72, 'problemCount': 66, 'displayNames': [{'language': 'ko', 'name': '큐', 'short': '큐'}, {'language': 'en', 'name': 'queue', 'short': 'queue'}, {'language': 'ja', 'name': 'キュー', 'short': 'キュー'}], 'aliases': []}, {'key': 'simulation', 'isMeta': False, 'bojTagId': 141, 'problemCount': 1066, 'displayNames': [{'language': 'ko', 'name': '시뮬레이션', 'short': '시뮬레이션'}, {'language': 'en', 'name': 'simulation', 'short': 'simulation'}, {'language': 'ja', 'name': 'シミュレーション', 'short': 'シミュレーション'}], 'aliases': []}]",{}
6586,Error Correction,"[{'language': 'en', 'languageDisplayName': 'en', 'title': 'Error Correction', 'isOriginal': True}]",True,False,20,12,4,False,False,False,1.45,True,"[{'key': 'ad_hoc', 'isMeta': False, 'bojTagId': 109, 'problemCount': 1448, 'displayNames': [{'language': 'ko', 'name': '애드 혹', 'short': '애드 혹'}, {'language': 'en', 'name': 'ad-hoc', 'short': 'ad-hoc'}, {'language': 'ja', 'name': 'アドホック', 'short': 'アドホック'}], 'aliases': []}]",{}
6587,France '98,"[{'language': 'en', 'languageDisplayName': 'en', 'title': ""France '98"", 'isOriginal': True}]",True,False,18,12,6,False,False,False,1.7222,True,"[{'key': 'bruteforcing', 'isMeta': False, 'bojTagId': 125, 'problemCount': 2158, 'displayNames': [{'language': 'ko', 'name': '브루트포스 알고리즘', 'short': '브루트포스 알고리즘'}, {'language': 'en', 'name': 'bruteforcing', 'short': 'bruteforce'}, {'language': 'ja', 'name': '全探索', 'short': '全探索'}], 'aliases': [{'alias': '완전탐색'}, {'alias': '완전 탐색'}, {'alias': '브루트포스'}, {'alias': 'bruteforce'}, {'alias': 'brute force'}, {'alias': '완탐'}]}, {'key': 'implementation', 'isMeta': False, 'bojTagId': 102, 'problemCount': 5468, 'displayNames': [{'language': 'ko', 'name': '구현', 'short': '구현'}, {'language': 'en', 'name': 'implementation', 'short': 'impl'}, {'language': 'ja', 'name': '実装', 'short': 'impl'}], 'aliases': []}, {'key': 'math', 'isMeta': False, 'bojTagId': 124, 'problemCount': 6275, 'displayNames': [{'language': 'ko', 'name': '수학', 'short': '수학'}, {'language': 'en', 'name': 'mathematics', 'short': 'math'}, {'language': 'ja', 'name': '数学', 'short': '数学'}], 'aliases': []}, {'key': 'probability', 'isMeta': False, 'bojTagId': 177, 'problemCount': 307, 'displayNames': [{'language': 'ko', 'name': '확률론', 'short': '확률론'}, {'language': 'en', 'name': 'probability theory', 'short': 'probability'}, {'language': 'ja', 'name': '確率論', 'short': '確率論'}], 'aliases': [{'alias': 'expected value'}, {'alias': '기대값'}, {'alias': '기댓값'}]}, {'key': 'simulation', 'isMeta': False, 'bojTagId': 141, 'problemCount': 1066, 'displayNames': [{'language': 'ko', 'name': '시뮬레이션', 'short': '시뮬레이션'}, {'language': 'en', 'name': 'simulation', 'short': 'simulation'}, {'language': 'ja', 'name': 'シミュレーション', 'short': 'シミュレーション'}], 'aliases': []}]",{}
6588,골드바흐의 추측,"[{'language': 'en', 'languageDisplayName': 'en', 'title': ""Goldbach's Conjecture"", 'isOriginal': True}, {'language': 'ko', 'languageDisplayName': 'ko', 'title': '골드바흐의 추측', 'isOriginal': False}]",True,False,11606,10,108,False,False,False,4.5633,True,"[{'key': 'math', 'isMeta': False, 'bojTagId': 124, 'problemCount': 6275, 'displayNames': [{'language': 'ko', 'name': '수학', 'short': '수학'}, {'language': 'en', 'name': 'mathematics', 'short': 'math'}, {'language': 'ja', 'name': '数学', 'short': '数学'}], 'aliases': []}, {'key': 'number_theory', 'isMeta': False, 'bojTagId': 95, 'problemCount': 1419, 'displayNames': [{'language': 'ko', 'name': '정수론', 'short': '정수론'}, {'language': 'en', 'name': 'number theory', 'short': 'number theory'}, {'language': 'ja', 'name': '整数論', 'short': '整数論'}], 'aliases': []}, {'key': 'primality_test', 'isMeta': False, 'bojTagId': 9, 'problemCount': 318, 'displayNames': [{'language': 'ko', 'name': '소수 판정', 'short': '소수 판정'}, {'language': 'en', 'name': 'primality test', 'short': 'primality test'}, {'language': 'ja', 'name': '素数性テスト', 'short': '素数性テスト'}], 'aliases': [{'alias': '소수'}, {'alias': '소수판별'}, {'alias': '소수판정'}, {'alias': 'prime'}]}, {'key': 'sieve', 'isMeta': False, 'bojTagId': 67, 'problemCount': 197, 'displayNames': [{'language': 'ko', 'name': '에라토스테네스의 체', 'short': '에라토스테네스의 체'}, {'language': 'en', 'name': 'sieve of eratosthenes', 'short': 'eratosthenes'}, {'language': 'ja', 'name': 'エラトステネスの篩', 'short': 'エラトステネス'}], 'aliases': [{'alias': 'sieve'}, {'alias': '에라체'}, {'alias': '소수'}, {'alias': 'prime'}]}]",{}
6589,Heavy Cargo,"[{'language': 'en', 'languageDisplayName': 'en', 'title': 'Heavy Cargo', 'isOriginal': True}]",True,False,40,12,12,False,False,False,1.65,True,"[{'key': 'data_structures', 'isMeta': False, 'bojTagId': 175, 'problemCount': 3772, 'displayNames': [{'language': 'ko', 'name': '자료 구조', 'short': '자료 구조'}, {'language': 'en', 'name': 'data structures', 'short': 'ds'}, {'language': 'ja', 'name': 'データ構造', 'short': 'ds'}], 'aliases': [{'alias': '자료구조'}, {'alias': '자구'}]}, {'key': 'dijkstra', 'isMeta': False, 'bojTagId': 22, 'problemCount': 573, 'displayNames': [{'language': 'ko', 'name': '데이크스트라', 'short': '데이크스트라'}, {'language': 'en', 'name': ""dijkstra's"", 'short': ""dijkstra's""}, {'language': 'ja', 'name': 'ダイクストラ法', 'short': 'ダイクストラ法'}], 'aliases': [{'alias': '다익'}, {'alias': '다익스트라'}, {'alias': '데이크스트라'}]}, {'key': 'disjoint_set', 'isMeta': False, 'bojTagId': 81, 'problemCount': 469, 'displayNames': [{'language': 'ko', 'name': '분리 집합', 'short': '분리 집합'}, {'language': 'en', 'name': 'disjoint set', 'short': 'dsu'}, {'language': 'ja', 'name': '素集合データ構造', 'short': '素集合データ構造'}], 'aliases': [{'alias': 'union'}, {'alias': 'find'}, {'alias': '유니온'}, {'alias': '파인드'}, {'alias': 'dsu'}]}, {'key': 'graphs', 'isMeta': False, 'bojTagId': 7, 'problemCount': 3637, 'displayNames': [{'language': 'ko', 'name': '그래프 이론', 'short': '그래프 이론'}, {'language': 'en', 'name': 'graph theory', 'short': 'graph'}, {'language': 'ja', 'name': 'グラフ理論', 'short': 'グラフ'}], 'aliases': [{'alias': '그래프이론'}, {'alias': '그래프'}]}, {'key': 'hash_set', 'isMeta': False, 'bojTagId': 136, 'problemCount': 626, 'displayNames': [{'language': 'ko', 'name': '해시를 사용한 집합과 맵', 'short': '해시를 사용한 집합과 맵'}, {'language': 'en', 'name': 'set / map by hashing', 'short': 'hashset'}, {'language': 'ja', 'name': 'ハッシュ化によるセット・マップ', 'short': 'hashset'}], 'aliases': [{'alias': '집합'}, {'alias': '맵'}, {'alias': '셋'}, {'alias': '딕셔너리'}, {'alias': 'dictionary'}, {'alias': 'map'}, {'alias': 'set'}, {'alias': '해싱'}, {'alias': 'hashing'}, {'alias': 'dict'}]}, {'key': 'mst', 'isMeta': False, 'bojTagId': 49, 'problemCount': 202, 'displayNames': [{'language': 'ko', 'name': '최소 스패닝 트리', 'short': '최소 스패닝 트리'}, {'language': 'en', 'name': 'minimum spanning tree', 'short': 'mst'}, {'language': 'ja', 'name': '最小全域木', 'short': '最小全域木'}], 'aliases': []}, {'key': 'shortest_path', 'isMeta': False, 'bojTagId': 215, 'problemCount': 760, 'displayNames': [{'language': 'ko', 'name': '최단 경로', 'short': '최단 경로'}, {'language': 'en', 'name': 'shortest path', 'short': 'shortest path'}, {'language': 'ja', 'name': '最短経路', 'short': '最短経路'}], 'aliases': []}, {'key': 'string', 'isMeta': False, 'bojTagId': 158, 'problemCount': 2357, 'displayNames': [{'language': 'ko', 'name': '문자열', 'short': '문자열'}, {'language': 'en', 'name': 'string', 'short': 'string'}, {'language': 'ja', 'name': '文字列', 'short': '文字列'}], 'aliases': [{'alias': '스트링'}]}]",{}
6590,덧셈 체인,"[{'language': 'ko', 'languageDisplayName': 'ko', 'title': '덧셈 체인', 'isOriginal': False}, {'language': 'en', 'languageDisplayName': 'en', 'title': 'Addition Chains', 'isOriginal': True}]",True,False,44,13,9,False,False,False,2.3182,True,"[{'key': 'bruteforcing', 'isMeta': False, 'bojTagId': 125, 'problemCount': 2158, 'displayNames': [{'language': 'ko', 'name': '브루트포스 알고리즘', 'short': '브루트포스 알고리즘'}, {'language': 'en', 'name': 'bruteforcing', 'short': 'bruteforce'}, {'language': 'ja', 'name': '全探索', 'short': '全探索'}], 'aliases': [{'alias': '완전탐색'}, {'alias': '완전 탐색'}, {'alias': '브루트포스'}, {'alias': 'bruteforce'}, {'alias': 'brute force'}, {'alias': '완탐'}]}, {'key': 'precomputation', 'isMeta': False, 'bojTagId': 172, 'problemCount': 204, 'displayNames': [{'language': 'ko', 'name': '런타임 전의 전처리', 'short': '런타임 전의 전처리'}, {'language': 'en', 'name': 'precomputation', 'short': 'precomputation'}, {'language': 'ja', 'name': '事前計算', 'short': '事前計算'}], 'aliases': [{'alias': 'lookup table'}, {'alias': 'db'}, {'alias': 'database'}]}]",{}
6591,이항 쇼다운,"[{'language': 'ko', 'languageDisplayName': 'ko', 'title': '이항 쇼다운', 'isOriginal': False}, {'language': 'en', 'languageDisplayName': 'en', 'title': 'Binomial Showdown', 'isOriginal': True}]",True,False,1533,8,22,False,False,False,3.7873,True,"[{'key': 'combinatorics', 'isMeta': False, 'bojTagId': 6, 'problemCount': 895, 'displayNames': [{'language': 'ko', 'name': '조합론', 'short': '조합론'}, {'language': 'en', 'name': 'combinatorics', 'short': 'combinatorics'}, {'language': 'ja', 'name': '組み合わせ', 'short': '組み合わせ'}], 'aliases': [{'alias': 'combination'}, {'alias': 'permutation'}, {'alias': 'probability'}, {'alias': '확률'}, {'alias': '순열'}]}, {'key': 'math', 'isMeta': False, 'bojTagId': 124, 'problemCount': 6275, 'displayNames': [{'language': 'ko', 'name': '수학', 'short': '수학'}, {'language': 'en', 'name': 'mathematics', 'short': 'math'}, {'language': 'ja', 'name': '数学', 'short': '数学'}], 'aliases': []}]",{}
6592,Compromise,"[{'language': 'en', 'languageDisplayName': 'en', 'title': 'Compromise', 'isOriginal': True}]",True,False,12,13,2,False,True,False,3.9167,True,"[{'key': 'dp', 'isMeta': False, 'bojTagId': 25, 'problemCount': 3982, 'displayNames': [{'language': 'ko', 'name': '다이나믹 프로그래밍', 'short': '다이나믹 프로그래밍'}, {'language': 'en', 'name': 'dynamic programming', 'short': 'dp'}, {'language': 'ja', 'name': '動的計画法', 'short': 'dp'}], 'aliases': [{'alias': '동적계획법'}, {'alias': '동적 계획법'}, {'alias': '다이나믹프로그래밍'}]}, {'key': 'hashing', 'isMeta': False, 'bojTagId': 8, 'problemCount': 166, 'displayNames': [{'language': 'ko', 'name': '해싱', 'short': '해싱'}, {'language': 'en', 'name': 'hashing', 'short': 'hash'}, {'language': 'ja', 'name': 'ハッシュ化', 'short': 'ハッシュ'}], 'aliases': []}, {'key': 'string', 'isMeta': False, 'bojTagId': 158, 'problemCount': 2357, 'displayNames': [{'language': 'ko', 'name': '문자열', 'short': '문자열'}, {'language': 'en', 'name': 'string', 'short': 'string'}, {'language': 'ja', 'name': '文字列', 'short': '文字列'}], 'aliases': [{'alias': '스트링'}]}]","{'warn': [{'type': 'no-special-judge', 'data': ''}]}"
6593,상범 빌딩,"[{'language': 'ko', 'languageDisplayName': 'ko', 'title': '상범 빌딩', 'isOriginal': False}, {'language': 'en', 'languageDisplayName': 'en', 'title': 'Dungeon Master', 'isOriginal': True}]",True,False,6851,11,111,False,False,False,2.5901,True,"[{'key': 'bfs', 'isMeta': False, 'bojTagId': 126, 'problemCount': 969, 'displayNames': [{'language': 'ko', 'name': '너비 우선 탐색', 'short': '너비 우선 탐색'}, {'language': 'en', 'name': 'breadth-first search', 'short': 'bfs'}, {'language': 'ja', 'name': '幅優先検索', 'short': 'bfs'}], 'aliases': [{'alias': 'breadthfirst'}, {'alias': 'breadth first'}]}, {'key': 'graphs', 'isMeta': False, 'bojTagId': 7, 'problemCount': 3637, 'displayNames': [{'language': 'ko', 'name': '그래프 이론', 'short': '그래프 이론'}, {'language': 'en', 'name': 'graph theory', 'short': 'graph'}, {'language': 'ja', 'name': 'グラフ理論', 'short': 'グラフ'}], 'aliases': [{'alias': '그래프이론'}, {'alias': '그래프'}]}, {'key': 'graph_traversal', 'isMeta': False, 'bojTagId': 11, 'problemCount': 1983, 'displayNames': [{'language': 'ko', 'name': '그래프 탐색', 'short': '그래프 탐색'}, {'language': 'en', 'name': 'graph traversal', 'short': 'traversal'}, {'language': 'ja', 'name': 'グラフの探索', 'short': '横断'}], 'aliases': [{'alias': 'bfs'}, {'alias': 'dfs'}]}]",{}
6594,방정식 풀이,"[{'language': 'en', 'languageDisplayName': 'en', 'title': 'Equation Solver', 'isOriginal': True}, {'language': 'ko', 'languageDisplayName': 'ko', 'title': '방정식 풀이', 'isOriginal': False}]",True,False,37,14,8,False,False,False,2.5946,True,"[{'key': 'implementation', 'isMeta': False, 'bojTagId': 102, 'problemCount': 5468, 'displayNames': [{'language': 'ko', 'name': '구현', 'short': '구현'}, {'language': 'en', 'name': 'implementation', 'short': 'impl'}, {'language': 'ja', 'name': '実装', 'short': 'impl'}], 'aliases': []}, {'key': 'parsing', 'isMeta': False, 'bojTagId': 96, 'problemCount': 454, 'displayNames': [{'language': 'ko', 'name': '파싱', 'short': '파싱'}, {'language': 'en', 'name': 'parsing', 'short': 'parsing'}, {'language': 'ja', 'name': 'パージング', 'short': 'パージング'}], 'aliases': []}, {'key': 'string', 'isMeta': False, 'bojTagId': 158, 'problemCount': 2357, 'displayNames': [{'language': 'ko', 'name': '문자열', 'short': '문자열'}, {'language': 'en', 'name': 'string', 'short': 'string'}, {'language': 'ja', 'name': '文字列', 'short': '文字列'}], 'aliases': [{'alias': '스트링'}]}]",{}
6595,프로거,"[{'language': 'en', 'languageDisplayName': 'en', 'title': 'Frogger', 'isOriginal': True}, {'language': 'ko', 'languageDisplayName': 'ko', 'title': '프로거', 'isOriginal': False}]",True,False,40,12,10,False,False,False,3.275,True,"[{'key': 'floyd_warshall', 'isMeta': False, 'bojTagId': 31, 'problemCount': 170, 'displayNames': [{'language': 'ko', 'name': '플로이드–워셜', 'short': '플로이드–워셜'}, {'language': 'en', 'name': 'floyd–warshall', 'short': 'floyd–warshall'}, {'language': 'ja', 'name': 'ワーシャル–フロイド法', 'short': 'ワーシャル–フロイド法'}], 'aliases': [{'alias': '플로이드'}, {'alias': '플로이드와셜'}, {'alias': '플로이드와샬'}]}, {'key': 'graphs', 'isMeta': False, 'bojTagId': 7, 'problemCount': 3637, 'displayNames': [{'language': 'ko', 'name': '그래프 이론', 'short': '그래프 이론'}, {'language': 'en', 'name': 'graph theory', 'short': 'graph'}, {'language': 'ja', 'name': 'グラフ理論', 'short': 'グラフ'}], 'aliases': [{'alias': '그래프이론'}, {'alias': '그래프'}]}, {'key': 'mst', 'isMeta': False, 'bojTagId': 49, 'problemCount': 202, 'displayNames': [{'language': 'ko', 'name': '최소 스패닝 트리', 'short': '최소 스패닝 트리'}, {'language': 'en', 'name': 'minimum spanning tree', 'short': 'mst'}, {'language': 'ja', 'name': '最小全域木', 'short': '最小全域木'}], 'aliases': []}, {'key': 'shortest_path', 'isMeta': False, 'bojTagId': 215, 'problemCount': 760, 'displayNames': [{'language': 'ko', 'name': '최단 경로', 'short': '최단 경로'}, {'language': 'en', 'name': 'shortest path', 'short': 'shortest path'}, {'language': 'ja', 'name': '最短経路', 'short': '最短経路'}], 'aliases': []}]",{}
6596,Globetrotter,"[{'language': 'en', 'languageDisplayName': 'en', 'title': 'Globetrotter', 'isOriginal': True}]",True,False,6,10,2,False,False,False,1.1667,True,"[{'key': 'geometry', 'isMeta': False, 'bojTagId': 100, 'problemCount': 1482, 'displayNames': [{'language': 'ko', 'name': '기하학', 'short': '기하학'}, {'language': 'en', 'name': 'geometry', 'short': 'geom'}, {'language': 'ja', 'name': '幾何学', 'short': '幾何'}], 'aliases': []}, {'key': 'geometry_3d', 'isMeta': False, 'bojTagId': 131, 'problemCount': 100, 'displayNames': [{'language': 'ko', 'name': '3차원 기하학', 'short': '3차원 기하학'}, {'language': 'en', 'name': 'geometry; 3d', 'short': '3d'}, {'language': 'ja', 'name': '3次元幾何学', 'short': '3d'}], 'aliases': []}]",{}
6597,트리 복구,"[{'language': 'ko', 'languageDisplayName': 'ko', 'title': '트리 복구', 'isOriginal': False}, {'language': 'en', 'languageDisplayName': 'en', 'title': 'Tree Recovery', 'isOriginal': True}]",True,False,390,13,17,False,False,False,1.8564,True,"[{'key': 'divide_and_conquer', 'isMeta': False, 'bojTagId': 24, 'problemCount': 412, 'displayNames': [{'language': 'ko', 'name': '분할 정복', 'short': '분할 정복'}, {'language': 'en', 'name': 'divide and conquer', 'short': 'd&c'}, {'language': 'ja', 'name': '分割統治法', 'short': '分割統治法'}], 'aliases': [{'alias': 'dnc'}]}, {'key': 'graphs', 'isMeta': False, 'bojTagId': 7, 'problemCount': 3637, 'displayNames': [{'language': 'ko', 'name': '그래프 이론', 'short': '그래프 이론'}, {'language': 'en', 'name': 'graph theory', 'short': 'graph'}, {'language': 'ja', 'name': 'グラフ理論', 'short': 'グラフ'}], 'aliases': [{'alias': '그래프이론'}, {'alias': '그래프'}]}, {'key': 'recursion', 'isMeta': False, 'bojTagId': 62, 'problemCount': 227, 'displayNames': [{'language': 'ko', 'name': '재귀', 'short': '재귀'}, {'language': 'en', 'name': 'recursion', 'short': 'recursion'}, {'language': 'ja', 'name': '再帰', 'short': '再帰'}], 'aliases': []}, {'key': 'trees', 'isMeta': False, 'bojTagId': 120, 'problemCount': 1384, 'displayNames': [{'language': 'ko', 'name': '트리', 'short': '트리'}, {'language': 'en', 'name': 'tree', 'short': 'tree'}, {'language': 'ja', 'name': '木', 'short': '木'}], 'aliases': [{'alias': 'trees'}]}]",{}
6598,Arbitrage,"[{'language': 'en', 'languageDisplayName': 'en', 'title': 'Arbitrage', 'isOriginal': True}]",True,False,30,14,7,False,False,False,2.2667,True,"[{'key': 'floyd_warshall', 'isMeta': False, 'bojTagId': 31, 'problemCount': 170, 'displayNames': [{'language': 'ko', 'name': '플로이드–워셜', 'short': '플로이드–워셜'}, {'language': 'en', 'name': 'floyd–warshall', 'short': 'floyd–warshall'}, {'language': 'ja', 'name': 'ワーシャル–フロイド法', 'short': 'ワーシャル–フロイド法'}], 'aliases': [{'alias': '플로이드'}, {'alias': '플로이드와셜'}, {'alias': '플로이드와샬'}]}, {'key': 'graphs', 'isMeta': False, 'bojTagId': 7, 'problemCount': 3637, 'displayNames': [{'language': 'ko', 'name': '그래프 이론', 'short': '그래프 이론'}, {'language': 'en', 'name': 'graph theory', 'short': 'graph'}, {'language': 'ja', 'name': 'グラフ理論', 'short': 'グラフ'}], 'aliases': [{'alias': '그래프이론'}, {'alias': '그래프'}]}, {'key': 'shortest_path', 'isMeta': False, 'bojTagId': 215, 'problemCount': 760, 'displayNames': [{'language': 'ko', 'name': '최단 경로', 'short': '최단 경로'}, {'language': 'en', 'name': 'shortest path', 'short': 'shortest path'}, {'language': 'ja', 'name': '最短経路', 'short': '最短経路'}], 'aliases': []}]",{}
6599,The Tower of Babylon,"[{'language': 'en', 'languageDisplayName': 'en', 'title': 'The Tower of Babylon', 'isOriginal': True}]",True,False,44,12,8,False,False,False,1.7955,True,"[{'key': 'bruteforcing', 'isMeta': False, 'bojTagId': 125, 'problemCount': 2158, 'displayNames': [{'language': 'ko', 'name': '브루트포스 알고리즘', 'short': '브루트포스 알고리즘'}, {'language': 'en', 'name': 'bruteforcing', 'short': 'bruteforce'}, {'language': 'ja', 'name': '全探索', 'short': '全探索'}], 'aliases': [{'alias': '완전탐색'}, {'alias': '완전 탐색'}, {'alias': '브루트포스'}, {'alias': 'bruteforce'}, {'alias': 'brute force'}, {'alias': '완탐'}]}, {'key': 'dag', 'isMeta': False, 'bojTagId': 213, 'problemCount': 187, 'displayNames': [{'language': 'ko', 'name': '방향 비순환 그래프', 'short': 'dag'}, {'language': 'en', 'name': 'directed acyclic graph', 'short': 'dag'}, {'language': 'ja', 'name': '有向非巡回グラフ', 'short': '有向非巡回グラフ'}], 'aliases': []}, {'key': 'dp', 'isMeta': False, 'bojTagId': 25, 'problemCount': 3982, 'displayNames': [{'language': 'ko', 'name': '다이나믹 프로그래밍', 'short': '다이나믹 프로그래밍'}, {'language': 'en', 'name': 'dynamic programming', 'short': 'dp'}, {'language': 'ja', 'name': '動的計画法', 'short': 'dp'}], 'aliases': [{'alias': '동적계획법'}, {'alias': '동적 계획법'}, {'alias': '다이나믹프로그래밍'}]}, {'key': 'graphs', 'isMeta': False, 'bojTagId': 7, 'problemCount': 3637, 'displayNames': [{'language': 'ko', 'name': '그래프 이론', 'short': '그래프 이론'}, {'language': 'en', 'name': 'graph theory', 'short': 'graph'}, {'language': 'ja', 'name': 'グラフ理論', 'short': 'グラフ'}], 'aliases': [{'alias': '그래프이론'}, {'alias': '그래프'}]}, {'key': 'sorting', 'isMeta': False, 'bojTagId': 97, 'problemCount': 1833, 'displayNames': [{'language': 'ko', 'name': '정렬', 'short': '정렬'}, {'language': 'en', 'name': 'sorting', 'short': 'sorting'}, {'language': 'ja', 'name': 'ソート', 'short': 'ソート'}], 'aliases': []}, {'key': 'topological_sorting', 'isMeta': False, 'bojTagId': 78, 'problemCount': 174, 'displayNames': [{'language': 'ko', 'name': '위상 정렬', 'short': '위상 정렬'}, {'language': 'en', 'name': 'topological sorting', 'short': 'topological sorting'}, {'language': 'ja', 'name': 'トポロジカルソート', 'short': 'トポロジカルソート'}], 'aliases': []}]",{}
