problemId,titleKo,titles,isSolvable,isPartial,acceptedUserCount,level,votedUserCount,sprout,givesNoRating,isLevelLocked,averageTries,official,tags,metadata
18700,Stock Exchange,"[{'language': 'en', 'languageDisplayName': 'en', 'title': 'Stock Exchange', 'isOriginal': True}]",True,False,0,0,0,False,False,False,0.0,True,[],{}
18701,Winter is Here,"[{'language': 'en', 'languageDisplayName': 'en', 'title': 'Winter is Here', 'isOriginal': True}]",True,False,2,0,0,False,False,False,7.0,True,[],{}
18702,Array Queries,"[{'language': 'en', 'languageDisplayName': 'en', 'title': 'Array Queries', 'isOriginal': True}]",True,False,87,25,44,False,True,False,10.1494,True,"[{'key': 'data_structures', 'isMeta': False, 'bojTagId': 175, 'problemCount': 3772, 'displayNames': [{'language': 'ko', 'name': '자료 구조', 'short': '자료 구조'}, {'language': 'en', 'name': 'data structures', 'short': 'ds'}, {'language': 'ja', 'name': 'データ構造', 'short': 'ds'}], 'aliases': [{'alias': '자료구조'}, {'alias': '자구'}]}, {'key': 'lazyprop', 'isMeta': False, 'bojTagId': 66, 'problemCount': 300, 'displayNames': [{'language': 'ko', 'name': '느리게 갱신되는 세그먼트 트리', 'short': '느리게 갱신되는 세그먼트 트리'}, {'language': 'en', 'name': 'segment tree with lazy propagation', 'short': 'lazyprop'}, {'language': 'ja', 'name': '遅延評価セグメント木', 'short': '遅延評価セグ木'}], 'aliases': [{'alias': '레이지'}, {'alias': '레이지프로퍼게이션'}, {'alias': '레이지프로파게이션'}, {'alias': '구간트리'}, {'alias': 'fenwick'}, {'alias': '펜윅'}]}, {'key': 'segtree', 'isMeta': False, 'bojTagId': 65, 'problemCount': 1289, 'displayNames': [{'language': 'ko', 'name': '세그먼트 트리', 'short': '세그먼트 트리'}, {'language': 'en', 'name': 'segment tree', 'short': 'segtree'}, {'language': 'ja', 'name': 'セグメント木', 'short': 'セグ木'}], 'aliases': [{'alias': '구간트리'}, {'alias': '세그트리'}, {'alias': 'fenwick'}, {'alias': '펜윅'}]}]","{'warn': [{'type': 'same', 'data': 17476}]}"
18703,Duplicate Files,"[{'language': 'en', 'languageDisplayName': 'en', 'title': 'Duplicate Files', 'isOriginal': True}]",True,False,61,6,9,False,False,False,1.7213,True,"[{'key': 'data_structures', 'isMeta': False, 'bojTagId': 175, 'problemCount': 3772, 'displayNames': [{'language': 'ko', 'name': '자료 구조', 'short': '자료 구조'}, {'language': 'en', 'name': 'data structures', 'short': 'ds'}, {'language': 'ja', 'name': 'データ構造', 'short': 'ds'}], 'aliases': [{'alias': '자료구조'}, {'alias': '자구'}]}, {'key': 'hash_set', 'isMeta': False, 'bojTagId': 136, 'problemCount': 626, 'displayNames': [{'language': 'ko', 'name': '해시를 사용한 집합과 맵', 'short': '해시를 사용한 집합과 맵'}, {'language': 'en', 'name': 'set / map by hashing', 'short': 'hashset'}, {'language': 'ja', 'name': 'ハッシュ化によるセット・マップ', 'short': 'hashset'}], 'aliases': [{'alias': '집합'}, {'alias': '맵'}, {'alias': '셋'}, {'alias': '딕셔너리'}, {'alias': 'dictionary'}, {'alias': 'map'}, {'alias': 'set'}, {'alias': '해싱'}, {'alias': 'hashing'}, {'alias': 'dict'}]}, {'key': 'sorting', 'isMeta': False, 'bojTagId': 97, 'problemCount': 1833, 'displayNames': [{'language': 'ko', 'name': '정렬', 'short': '정렬'}, {'language': 'en', 'name': 'sorting', 'short': 'sorting'}, {'language': 'ja', 'name': 'ソート', 'short': 'ソート'}], 'aliases': []}, {'key': 'string', 'isMeta': False, 'bojTagId': 158, 'problemCount': 2357, 'displayNames': [{'language': 'ko', 'name': '문자열', 'short': '문자열'}, {'language': 'en', 'name': 'string', 'short': 'string'}, {'language': 'ja', 'name': '文字列', 'short': '文字列'}], 'aliases': [{'alias': '스트링'}]}, {'key': 'tree_set', 'isMeta': False, 'bojTagId': 74, 'problemCount': 488, 'displayNames': [{'language': 'ko', 'name': '트리를 사용한 집합과 맵', 'short': '트리를 사용한 집합과 맵'}, {'language': 'en', 'name': 'set / map by trees', 'short': 'treeset'}, {'language': 'ja', 'name': '木によるセット・マップ', 'short': 'treeset'}], 'aliases': [{'alias': '집합'}, {'alias': '맵'}, {'alias': '셋'}, {'alias': '딕셔너리'}, {'alias': 'dictionary'}, {'alias': 'map'}, {'alias': 'set'}, {'alias': 'bbst'}, {'alias': '트리'}, {'alias': 'tree'}]}]",{}
18704,Awesome Shawarma,"[{'language': 'en', 'languageDisplayName': 'en', 'title': 'Awesome Shawarma', 'isOriginal': True}]",True,False,12,21,3,False,False,False,1.5833,True,"[{'key': 'centroid', 'isMeta': False, 'bojTagId': 188, 'problemCount': 96, 'displayNames': [{'language': 'en', 'name': 'centroid', 'short': 'centroid'}, {'language': 'ko', 'name': '센트로이드', 'short': '센트로이드'}, {'language': 'ja', 'name': 'centroid', 'short': 'centroid'}], 'aliases': []}, {'key': 'centroid_decomposition', 'isMeta': False, 'bojTagId': 18, 'problemCount': 77, 'displayNames': [{'language': 'ko', 'name': '센트로이드 분할', 'short': '센트로이드 분할'}, {'language': 'en', 'name': 'centroid decomposition', 'short': 'centroid decomposition'}, {'language': 'ja', 'name': 'centroid decomposition', 'short': 'centroid decomposition'}], 'aliases': [{'alias': '센트로이드'}]}, {'key': 'data_structures', 'isMeta': False, 'bojTagId': 175, 'problemCount': 3772, 'displayNames': [{'language': 'ko', 'name': '자료 구조', 'short': '자료 구조'}, {'language': 'en', 'name': 'data structures', 'short': 'ds'}, {'language': 'ja', 'name': 'データ構造', 'short': 'ds'}], 'aliases': [{'alias': '자료구조'}, {'alias': '자구'}]}, {'key': 'divide_and_conquer', 'isMeta': False, 'bojTagId': 24, 'problemCount': 412, 'displayNames': [{'language': 'ko', 'name': '분할 정복', 'short': '분할 정복'}, {'language': 'en', 'name': 'divide and conquer', 'short': 'd&c'}, {'language': 'ja', 'name': '分割統治法', 'short': '分割統治法'}], 'aliases': [{'alias': 'dnc'}]}, {'key': 'prefix_sum', 'isMeta': False, 'bojTagId': 139, 'problemCount': 953, 'displayNames': [{'language': 'ko', 'name': '누적 합', 'short': '누적 합'}, {'language': 'en', 'name': 'prefix sum', 'short': 'prefix sum'}, {'language': 'ja', 'name': '累積和', 'short': '累積和'}], 'aliases': [{'alias': '구간합'}, {'alias': '부분합'}, {'alias': 'rangesum'}]}, {'key': 'segtree', 'isMeta': False, 'bojTagId': 65, 'problemCount': 1289, 'displayNames': [{'language': 'ko', 'name': '세그먼트 트리', 'short': '세그먼트 트리'}, {'language': 'en', 'name': 'segment tree', 'short': 'segtree'}, {'language': 'ja', 'name': 'セグメント木', 'short': 'セグ木'}], 'aliases': [{'alias': '구간트리'}, {'alias': '세그트리'}, {'alias': 'fenwick'}, {'alias': '펜윅'}]}, {'key': 'smaller_to_larger', 'isMeta': False, 'bojTagId': 169, 'problemCount': 128, 'displayNames': [{'language': 'ko', 'name': '작은 집합에서 큰 집합으로 합치는 테크닉', 'short': '작은 집합에서 큰 집합으로 합치는 테크닉'}, {'language': 'en', 'name': 'smaller to larger technique', 'short': 'smaller to larger'}, {'language': 'ja', 'name': 'smaller to larger technique', 'short': 'smaller to larger'}], 'aliases': [{'alias': 'merge heuristics'}, {'alias': 'sack'}, {'alias': 'small to large'}, {'alias': '작은거'}, {'alias': '큰거'}]}, {'key': 'trees', 'isMeta': False, 'bojTagId': 120, 'problemCount': 1384, 'displayNames': [{'language': 'ko', 'name': '트리', 'short': '트리'}, {'language': 'en', 'name': 'tree', 'short': 'tree'}, {'language': 'ja', 'name': '木', 'short': '木'}], 'aliases': [{'alias': 'trees'}]}]",{}
18705,Baklava Tray,"[{'language': 'en', 'languageDisplayName': 'en', 'title': 'Baklava Tray', 'isOriginal': True}]",True,False,18,9,3,False,False,False,1.3333,True,"[{'key': 'geometry', 'isMeta': False, 'bojTagId': 100, 'problemCount': 1482, 'displayNames': [{'language': 'ko', 'name': '기하학', 'short': '기하학'}, {'language': 'en', 'name': 'geometry', 'short': 'geom'}, {'language': 'ja', 'name': '幾何学', 'short': '幾何'}], 'aliases': []}, {'key': 'math', 'isMeta': False, 'bojTagId': 124, 'problemCount': 6275, 'displayNames': [{'language': 'ko', 'name': '수학', 'short': '수학'}, {'language': 'en', 'name': 'mathematics', 'short': 'math'}, {'language': 'ja', 'name': '数学', 'short': '数学'}], 'aliases': []}]",{}
18706,Coffee,"[{'language': 'en', 'languageDisplayName': 'en', 'title': 'Coffee', 'isOriginal': True}]",True,False,76,6,9,False,False,False,1.7237,True,"[{'key': 'arithmetic', 'isMeta': False, 'bojTagId': 121, 'problemCount': 1097, 'displayNames': [{'language': 'ko', 'name': '사칙연산', 'short': '사칙연산'}, {'language': 'en', 'name': 'arithmetic', 'short': 'arithmetic'}, {'language': 'ja', 'name': '算数', 'short': '算数'}], 'aliases': [{'alias': '덧셈'}, {'alias': '뺄셈'}, {'alias': '곱셈'}, {'alias': '나눗셈'}, {'alias': '더하기'}, {'alias': '빼기'}, {'alias': '곱하기'}, {'alias': '나누기'}]}, {'key': 'data_structures', 'isMeta': False, 'bojTagId': 175, 'problemCount': 3772, 'displayNames': [{'language': 'ko', 'name': '자료 구조', 'short': '자료 구조'}, {'language': 'en', 'name': 'data structures', 'short': 'ds'}, {'language': 'ja', 'name': 'データ構造', 'short': 'ds'}], 'aliases': [{'alias': '자료구조'}, {'alias': '자구'}]}, {'key': 'hash_set', 'isMeta': False, 'bojTagId': 136, 'problemCount': 626, 'displayNames': [{'language': 'ko', 'name': '해시를 사용한 집합과 맵', 'short': '해시를 사용한 집합과 맵'}, {'language': 'en', 'name': 'set / map by hashing', 'short': 'hashset'}, {'language': 'ja', 'name': 'ハッシュ化によるセット・マップ', 'short': 'hashset'}], 'aliases': [{'alias': '집합'}, {'alias': '맵'}, {'alias': '셋'}, {'alias': '딕셔너리'}, {'alias': 'dictionary'}, {'alias': 'map'}, {'alias': 'set'}, {'alias': '해싱'}, {'alias': 'hashing'}, {'alias': 'dict'}]}, {'key': 'implementation', 'isMeta': False, 'bojTagId': 102, 'problemCount': 5468, 'displayNames': [{'language': 'ko', 'name': '구현', 'short': '구현'}, {'language': 'en', 'name': 'implementation', 'short': 'impl'}, {'language': 'ja', 'name': '実装', 'short': 'impl'}], 'aliases': []}, {'key': 'math', 'isMeta': False, 'bojTagId': 124, 'problemCount': 6275, 'displayNames': [{'language': 'ko', 'name': '수학', 'short': '수학'}, {'language': 'en', 'name': 'mathematics', 'short': 'math'}, {'language': 'ja', 'name': '数学', 'short': '数学'}], 'aliases': []}, {'key': 'string', 'isMeta': False, 'bojTagId': 158, 'problemCount': 2357, 'displayNames': [{'language': 'ko', 'name': '문자열', 'short': '문자열'}, {'language': 'en', 'name': 'string', 'short': 'string'}, {'language': 'ja', 'name': '文字列', 'short': '文字列'}], 'aliases': [{'alias': '스트링'}]}, {'key': 'tree_set', 'isMeta': False, 'bojTagId': 74, 'problemCount': 488, 'displayNames': [{'language': 'ko', 'name': '트리를 사용한 집합과 맵', 'short': '트리를 사용한 집합과 맵'}, {'language': 'en', 'name': 'set / map by trees', 'short': 'treeset'}, {'language': 'ja', 'name': '木によるセット・マップ', 'short': 'treeset'}], 'aliases': [{'alias': '집합'}, {'alias': '맵'}, {'alias': '셋'}, {'alias': '딕셔너리'}, {'alias': 'dictionary'}, {'alias': 'map'}, {'alias': 'set'}, {'alias': 'bbst'}, {'alias': '트리'}, {'alias': 'tree'}]}]",{}
18707,Dull Chocolates,"[{'language': 'en', 'languageDisplayName': 'en', 'title': 'Dull Chocolates', 'isOriginal': True}]",True,False,7,13,2,False,False,False,1.1429,True,"[{'key': 'coordinate_compression', 'isMeta': False, 'bojTagId': 161, 'problemCount': 226, 'displayNames': [{'language': 'ko', 'name': '값 / 좌표 압축', 'short': '값 / 좌표 압축'}, {'language': 'en', 'name': 'value / coordinate compression', 'short': 'compression'}, {'language': 'ja', 'name': 'value / coordinate compression', 'short': 'compression'}], 'aliases': [{'alias': 'zip'}]}, {'key': 'prefix_sum', 'isMeta': False, 'bojTagId': 139, 'problemCount': 953, 'displayNames': [{'language': 'ko', 'name': '누적 합', 'short': '누적 합'}, {'language': 'en', 'name': 'prefix sum', 'short': 'prefix sum'}, {'language': 'ja', 'name': '累積和', 'short': '累積和'}], 'aliases': [{'alias': '구간합'}, {'alias': '부분합'}, {'alias': 'rangesum'}]}]",{}
18708,Exciting Menus,"[{'language': 'en', 'languageDisplayName': 'en', 'title': 'Exciting Menus', 'isOriginal': True}]",True,False,6,21,2,False,False,False,2.6667,True,"[{'key': 'aho_corasick', 'isMeta': False, 'bojTagId': 2, 'problemCount': 29, 'displayNames': [{'language': 'ko', 'name': '아호-코라식', 'short': '아호-코라식'}, {'language': 'en', 'name': 'aho-corasick', 'short': 'aho-corasick'}, {'language': 'ja', 'name': 'アホコラシック', 'short': 'アホコラシック'}], 'aliases': [{'alias': '아호코라식'}, {'alias': 'ahocorasick'}]}, {'key': 'data_structures', 'isMeta': False, 'bojTagId': 175, 'problemCount': 3772, 'displayNames': [{'language': 'ko', 'name': '자료 구조', 'short': '자료 구조'}, {'language': 'en', 'name': 'data structures', 'short': 'ds'}, {'language': 'ja', 'name': 'データ構造', 'short': 'ds'}], 'aliases': [{'alias': '자료구조'}, {'alias': '자구'}]}, {'key': 'dp', 'isMeta': False, 'bojTagId': 25, 'problemCount': 3982, 'displayNames': [{'language': 'ko', 'name': '다이나믹 프로그래밍', 'short': '다이나믹 프로그래밍'}, {'language': 'en', 'name': 'dynamic programming', 'short': 'dp'}, {'language': 'ja', 'name': '動的計画法', 'short': 'dp'}], 'aliases': [{'alias': '동적계획법'}, {'alias': '동적 계획법'}, {'alias': '다이나믹프로그래밍'}]}, {'key': 'string', 'isMeta': False, 'bojTagId': 158, 'problemCount': 2357, 'displayNames': [{'language': 'ko', 'name': '문자열', 'short': '문자열'}, {'language': 'en', 'name': 'string', 'short': 'string'}, {'language': 'ja', 'name': '文字列', 'short': '文字列'}], 'aliases': [{'alias': '스트링'}]}, {'key': 'trees', 'isMeta': False, 'bojTagId': 120, 'problemCount': 1384, 'displayNames': [{'language': 'ko', 'name': '트리', 'short': '트리'}, {'language': 'en', 'name': 'tree', 'short': 'tree'}, {'language': 'ja', 'name': '木', 'short': '木'}], 'aliases': [{'alias': 'trees'}]}, {'key': 'trie', 'isMeta': False, 'bojTagId': 79, 'problemCount': 126, 'displayNames': [{'language': 'ko', 'name': '트라이', 'short': '트라이'}, {'language': 'en', 'name': 'trie', 'short': 'trie'}, {'language': 'ja', 'name': 'トライ木', 'short': 'トライ'}], 'aliases': []}]",{}
18709,Flipping El-fetiera,"[{'language': 'en', 'languageDisplayName': 'en', 'title': 'Flipping El-fetiera', 'isOriginal': True}]",True,False,13,17,6,False,False,False,1.4615,True,"[{'key': 'combinatorics', 'isMeta': False, 'bojTagId': 6, 'problemCount': 895, 'displayNames': [{'language': 'ko', 'name': '조합론', 'short': '조합론'}, {'language': 'en', 'name': 'combinatorics', 'short': 'combinatorics'}, {'language': 'ja', 'name': '組み合わせ', 'short': '組み合わせ'}], 'aliases': [{'alias': 'combination'}, {'alias': 'permutation'}, {'alias': 'probability'}, {'alias': '확률'}, {'alias': '순열'}]}, {'key': 'dp', 'isMeta': False, 'bojTagId': 25, 'problemCount': 3982, 'displayNames': [{'language': 'ko', 'name': '다이나믹 프로그래밍', 'short': '다이나믹 프로그래밍'}, {'language': 'en', 'name': 'dynamic programming', 'short': 'dp'}, {'language': 'ja', 'name': '動的計画法', 'short': 'dp'}], 'aliases': [{'alias': '동적계획법'}, {'alias': '동적 계획법'}, {'alias': '다이나믹프로그래밍'}]}, {'key': 'linearity_of_expectation', 'isMeta': False, 'bojTagId': 179, 'problemCount': 59, 'displayNames': [{'language': 'ko', 'name': '기댓값의 선형성', 'short': '기댓값의 선형성'}, {'language': 'en', 'name': 'linearity of expectation', 'short': 'linearity of expectation'}, {'language': 'ja', 'name': '期待値の線形性', 'short': '期待値の線形性'}], 'aliases': []}, {'key': 'math', 'isMeta': False, 'bojTagId': 124, 'problemCount': 6275, 'displayNames': [{'language': 'ko', 'name': '수학', 'short': '수학'}, {'language': 'en', 'name': 'mathematics', 'short': 'math'}, {'language': 'ja', 'name': '数学', 'short': '数学'}], 'aliases': []}, {'key': 'probability', 'isMeta': False, 'bojTagId': 177, 'problemCount': 307, 'displayNames': [{'language': 'ko', 'name': '확률론', 'short': '확률론'}, {'language': 'en', 'name': 'probability theory', 'short': 'probability'}, {'language': 'ja', 'name': '確率論', 'short': '確率論'}], 'aliases': [{'alias': 'expected value'}, {'alias': '기대값'}, {'alias': '기댓값'}]}]",{}
18710,Greatest Chicken Dish,"[{'language': 'en', 'languageDisplayName': 'en', 'title': 'Greatest Chicken Dish', 'isOriginal': True}]",True,False,8,22,3,False,False,False,4.875,True,"[{'key': 'data_structures', 'isMeta': False, 'bojTagId': 175, 'problemCount': 3772, 'displayNames': [{'language': 'ko', 'name': '자료 구조', 'short': '자료 구조'}, {'language': 'en', 'name': 'data structures', 'short': 'ds'}, {'language': 'ja', 'name': 'データ構造', 'short': 'ds'}], 'aliases': [{'alias': '자료구조'}, {'alias': '자구'}]}, {'key': 'euclidean', 'isMeta': False, 'bojTagId': 26, 'problemCount': 187, 'displayNames': [{'language': 'ko', 'name': '유클리드 호제법', 'short': '유클리드 호제법'}, {'language': 'en', 'name': 'euclidean algorithm', 'short': 'euclidean algorithm'}, {'language': 'ja', 'name': 'ユークリッドの互除法', 'short': 'ユークリッドの互除法'}], 'aliases': [{'alias': '유클리드알고리즘'}]}, {'key': 'math', 'isMeta': False, 'bojTagId': 124, 'problemCount': 6275, 'displayNames': [{'language': 'ko', 'name': '수학', 'short': '수학'}, {'language': 'en', 'name': 'mathematics', 'short': 'math'}, {'language': 'ja', 'name': '数学', 'short': '数学'}], 'aliases': []}, {'key': 'mo', 'isMeta': False, 'bojTagId': 50, 'problemCount': 34, 'displayNames': [{'language': 'ko', 'name': ""mo's"", 'short': ""Mo's""}, {'language': 'en', 'name': ""mo's"", 'short': ""mo's""}, {'language': 'ja', 'name': ""mo's"", 'short': ""mo's""}], 'aliases': [{'alias': 'squarerootdecomposition'}, {'alias': 'sqrtdecomposition'}, {'alias': '평방분할법'}]}, {'key': 'modular_multiplicative_inverse', 'isMeta': False, 'bojTagId': 164, 'problemCount': 104, 'displayNames': [{'language': 'ko', 'name': '모듈로 곱셈 역원', 'short': '모듈로 곱셈 역원'}, {'language': 'en', 'name': 'modular multiplicative inverse', 'short': 'modular multiplicative inverse'}, {'language': 'ja', 'name': 'モジュラ逆数', 'short': 'モジュラ逆数'}], 'aliases': [{'alias': 'modinv'}]}, {'key': 'number_theory', 'isMeta': False, 'bojTagId': 95, 'problemCount': 1419, 'displayNames': [{'language': 'ko', 'name': '정수론', 'short': '정수론'}, {'language': 'en', 'name': 'number theory', 'short': 'number theory'}, {'language': 'ja', 'name': '整数論', 'short': '整数論'}], 'aliases': []}, {'key': 'offline_queries', 'isMeta': False, 'bojTagId': 123, 'problemCount': 253, 'displayNames': [{'language': 'ko', 'name': '오프라인 쿼리', 'short': '오프라인 쿼리'}, {'language': 'en', 'name': 'offline queries', 'short': 'offline query'}, {'language': 'ja', 'name': 'offline queries', 'short': 'offline query'}], 'aliases': [{'alias': 'offlinequery'}]}, {'key': 'segtree', 'isMeta': False, 'bojTagId': 65, 'problemCount': 1289, 'displayNames': [{'language': 'ko', 'name': '세그먼트 트리', 'short': '세그먼트 트리'}, {'language': 'en', 'name': 'segment tree', 'short': 'segtree'}, {'language': 'ja', 'name': 'セグメント木', 'short': 'セグ木'}], 'aliases': [{'alias': '구간트리'}, {'alias': '세그트리'}, {'alias': 'fenwick'}, {'alias': '펜윅'}]}, {'key': 'sparse_table', 'isMeta': False, 'bojTagId': 84, 'problemCount': 138, 'displayNames': [{'language': 'ko', 'name': '희소 배열', 'short': '희소 배열'}, {'language': 'en', 'name': 'sparse table', 'short': 'sparse table'}, {'language': 'ja', 'name': 'sparse table', 'short': 'sparse table'}], 'aliases': [{'alias': '스파스어레이'}, {'alias': 'sparse table'}]}]",{}
18711,Hawawshi Decryption,"[{'language': 'en', 'languageDisplayName': 'en', 'title': 'Hawawshi Decryption', 'isOriginal': True}]",True,False,4,21,3,False,False,False,1.25,True,"[{'key': 'discrete_log', 'isMeta': False, 'bojTagId': 146, 'problemCount': 9, 'displayNames': [{'language': 'ko', 'name': '이산 로그', 'short': '이산 로그'}, {'language': 'en', 'name': 'discrete logarithm', 'short': 'discrete logarithm'}, {'language': 'ja', 'name': '離散対数', 'short': '離散対数'}], 'aliases': [{'alias': 'order'}]}, {'key': 'math', 'isMeta': False, 'bojTagId': 124, 'problemCount': 6275, 'displayNames': [{'language': 'ko', 'name': '수학', 'short': '수학'}, {'language': 'en', 'name': 'mathematics', 'short': 'math'}, {'language': 'ja', 'name': '数学', 'short': '数学'}], 'aliases': []}, {'key': 'number_theory', 'isMeta': False, 'bojTagId': 95, 'problemCount': 1419, 'displayNames': [{'language': 'ko', 'name': '정수론', 'short': '정수론'}, {'language': 'en', 'name': 'number theory', 'short': 'number theory'}, {'language': 'ja', 'name': '整数論', 'short': '整数論'}], 'aliases': []}]",{}
18712,Ice-cream Knapsack,"[{'language': 'en', 'languageDisplayName': 'en', 'title': 'Ice-cream Knapsack', 'isOriginal': True}]",True,False,33,9,12,False,False,False,3.4848,True,"[{'key': 'greedy', 'isMeta': False, 'bojTagId': 33, 'problemCount': 2504, 'displayNames': [{'language': 'ko', 'name': '그리디 알고리즘', 'short': '그리디 알고리즘'}, {'language': 'en', 'name': 'greedy', 'short': 'greedy'}, {'language': 'ja', 'name': '貪欲法', 'short': '貪欲法'}], 'aliases': [{'alias': '탐욕법'}]}, {'key': 'sorting', 'isMeta': False, 'bojTagId': 97, 'problemCount': 1833, 'displayNames': [{'language': 'ko', 'name': '정렬', 'short': '정렬'}, {'language': 'en', 'name': 'sorting', 'short': 'sorting'}, {'language': 'ja', 'name': 'ソート', 'short': 'ソート'}], 'aliases': []}]",{}
18713,Journey to Jupiter,"[{'language': 'en', 'languageDisplayName': 'en', 'title': 'Journey to Jupiter', 'isOriginal': True}]",True,False,7,13,4,False,False,False,2.8571,True,"[{'key': 'geometry', 'isMeta': False, 'bojTagId': 100, 'problemCount': 1482, 'displayNames': [{'language': 'ko', 'name': '기하학', 'short': '기하학'}, {'language': 'en', 'name': 'geometry', 'short': 'geom'}, {'language': 'ja', 'name': '幾何学', 'short': '幾何'}], 'aliases': []}, {'key': 'geometry_3d', 'isMeta': False, 'bojTagId': 131, 'problemCount': 100, 'displayNames': [{'language': 'ko', 'name': '3차원 기하학', 'short': '3차원 기하학'}, {'language': 'en', 'name': 'geometry; 3d', 'short': '3d'}, {'language': 'ja', 'name': '3次元幾何学', 'short': '3d'}], 'aliases': []}]",{}
18714,Khoshaf,"[{'language': 'en', 'languageDisplayName': 'en', 'title': 'Khoshaf', 'isOriginal': True}]",False,False,0,0,0,False,False,False,0.0,True,[],{}
18715,Looking for Taste,"[{'language': 'en', 'languageDisplayName': 'en', 'title': 'Looking for Taste', 'isOriginal': True}]",False,False,0,0,0,False,False,False,0.0,True,[],{}
18716,Instructions (Easy),"[{'language': 'en', 'languageDisplayName': 'en', 'title': 'Instructions (Easy)', 'isOriginal': True}]",True,False,39,21,13,False,False,False,1.9487,True,"[{'key': 'bitmask', 'isMeta': False, 'bojTagId': 14, 'problemCount': 717, 'displayNames': [{'language': 'ko', 'name': '비트마스킹', 'short': '비트마스킹'}, {'language': 'en', 'name': 'bitmask', 'short': 'bitmask'}, {'language': 'ja', 'name': 'ビット表現', 'short': 'ビット表現'}], 'aliases': [{'alias': '비트필드'}, {'alias': '비트마스크'}]}, {'key': 'constructive', 'isMeta': False, 'bojTagId': 128, 'problemCount': 986, 'displayNames': [{'language': 'ko', 'name': '해 구성하기', 'short': '해 구성하기'}, {'language': 'en', 'name': 'constructive', 'short': 'constructive'}, {'language': 'ja', 'name': '構成的', 'short': '構成的'}], 'aliases': [{'alias': 'constructive'}, {'alias': '컨스트럭티브'}, {'alias': '구성적'}]}]",{}
18717,Instructions (Hard),"[{'language': 'en', 'languageDisplayName': 'en', 'title': 'Instructions (Hard)', 'isOriginal': True}]",True,False,17,22,7,False,False,False,2.1765,True,"[{'key': 'bitmask', 'isMeta': False, 'bojTagId': 14, 'problemCount': 717, 'displayNames': [{'language': 'ko', 'name': '비트마스킹', 'short': '비트마스킹'}, {'language': 'en', 'name': 'bitmask', 'short': 'bitmask'}, {'language': 'ja', 'name': 'ビット表現', 'short': 'ビット表現'}], 'aliases': [{'alias': '비트필드'}, {'alias': '비트마스크'}]}, {'key': 'constructive', 'isMeta': False, 'bojTagId': 128, 'problemCount': 986, 'displayNames': [{'language': 'ko', 'name': '해 구성하기', 'short': '해 구성하기'}, {'language': 'en', 'name': 'constructive', 'short': 'constructive'}, {'language': 'ja', 'name': '構成的', 'short': '構成的'}], 'aliases': [{'alias': 'constructive'}, {'alias': '컨스트럭티브'}, {'alias': '구성적'}]}]",{}
18718,Bags of Candies,"[{'language': 'en', 'languageDisplayName': 'en', 'title': 'Bags of Candies', 'isOriginal': True}]",True,False,14,24,4,False,False,False,3.0,True,"[{'key': 'math', 'isMeta': False, 'bojTagId': 124, 'problemCount': 6275, 'displayNames': [{'language': 'ko', 'name': '수학', 'short': '수학'}, {'language': 'en', 'name': 'mathematics', 'short': 'math'}, {'language': 'ja', 'name': '数学', 'short': '数学'}], 'aliases': []}, {'key': 'number_theory', 'isMeta': False, 'bojTagId': 95, 'problemCount': 1419, 'displayNames': [{'language': 'ko', 'name': '정수론', 'short': '정수론'}, {'language': 'en', 'name': 'number theory', 'short': 'number theory'}, {'language': 'ja', 'name': '整数論', 'short': '整数論'}], 'aliases': []}, {'key': 'precomputation', 'isMeta': False, 'bojTagId': 172, 'problemCount': 204, 'displayNames': [{'language': 'ko', 'name': '런타임 전의 전처리', 'short': '런타임 전의 전처리'}, {'language': 'en', 'name': 'precomputation', 'short': 'precomputation'}, {'language': 'ja', 'name': '事前計算', 'short': '事前計算'}], 'aliases': [{'alias': 'lookup table'}, {'alias': 'db'}, {'alias': 'database'}]}, {'key': 'primality_test', 'isMeta': False, 'bojTagId': 9, 'problemCount': 318, 'displayNames': [{'language': 'ko', 'name': '소수 판정', 'short': '소수 판정'}, {'language': 'en', 'name': 'primality test', 'short': 'primality test'}, {'language': 'ja', 'name': '素数性テスト', 'short': '素数性テスト'}], 'aliases': [{'alias': '소수'}, {'alias': '소수판별'}, {'alias': '소수판정'}, {'alias': 'prime'}]}, {'key': 'sieve', 'isMeta': False, 'bojTagId': 67, 'problemCount': 197, 'displayNames': [{'language': 'ko', 'name': '에라토스테네스의 체', 'short': '에라토스테네스의 체'}, {'language': 'en', 'name': 'sieve of eratosthenes', 'short': 'eratosthenes'}, {'language': 'ja', 'name': 'エラトステネスの篩', 'short': 'エラトステネス'}], 'aliases': [{'alias': 'sieve'}, {'alias': '에라체'}, {'alias': '소수'}, {'alias': 'prime'}]}]",{}
18719,Binomial,"[{'language': 'en', 'languageDisplayName': 'en', 'title': 'Binomial', 'isOriginal': True}]",True,False,80,21,27,False,False,False,2.05,True,"[{'key': 'bitmask', 'isMeta': False, 'bojTagId': 14, 'problemCount': 717, 'displayNames': [{'language': 'ko', 'name': '비트마스킹', 'short': '비트마스킹'}, {'language': 'en', 'name': 'bitmask', 'short': 'bitmask'}, {'language': 'ja', 'name': 'ビット表現', 'short': 'ビット表現'}], 'aliases': [{'alias': '비트필드'}, {'alias': '비트마스크'}]}, {'key': 'dp', 'isMeta': False, 'bojTagId': 25, 'problemCount': 3982, 'displayNames': [{'language': 'ko', 'name': '다이나믹 프로그래밍', 'short': '다이나믹 프로그래밍'}, {'language': 'en', 'name': 'dynamic programming', 'short': 'dp'}, {'language': 'ja', 'name': '動的計画法', 'short': 'dp'}], 'aliases': [{'alias': '동적계획법'}, {'alias': '동적 계획법'}, {'alias': '다이나믹프로그래밍'}]}, {'key': 'dp_bitfield', 'isMeta': False, 'bojTagId': 87, 'problemCount': 299, 'displayNames': [{'language': 'ko', 'name': '비트필드를 이용한 다이나믹 프로그래밍', 'short': '비트필드를 이용한 다이나믹 프로그래밍'}, {'language': 'en', 'name': 'dynamic programming using bitfield', 'short': 'bitfield dp'}, {'language': 'ja', 'name': 'ビットを使用した動的計画法', 'short': 'ビットdp'}], 'aliases': [{'alias': '동적계획법'}, {'alias': '비트마스크'}, {'alias': '비트dp'}]}, {'key': 'dp_sum_over_subsets', 'isMeta': False, 'bojTagId': 207, 'problemCount': 17, 'displayNames': [{'language': 'ko', 'name': '부분집합의 합 다이나믹 프로그래밍', 'short': '부분집합의 합'}, {'language': 'en', 'name': 'sum over subsets dynamic programming', 'short': 'sos dp'}, {'language': 'ja', 'name': 'sum over subsets dynamic programming', 'short': 'sos dp'}], 'aliases': [{'alias': 'sos'}]}, {'key': 'lucas', 'isMeta': False, 'bojTagId': 113, 'problemCount': 13, 'displayNames': [{'language': 'ko', 'name': '뤼카 정리', 'short': '뤼카 정리'}, {'language': 'en', 'name': 'lucas theorem', 'short': 'lucas thm'}, {'language': 'ja', 'name': 'lucas theorem', 'short': 'lucas thm'}], 'aliases': []}, {'key': 'math', 'isMeta': False, 'bojTagId': 124, 'problemCount': 6275, 'displayNames': [{'language': 'ko', 'name': '수학', 'short': '수학'}, {'language': 'en', 'name': 'mathematics', 'short': 'math'}, {'language': 'ja', 'name': '数学', 'short': '数学'}], 'aliases': []}, {'key': 'number_theory', 'isMeta': False, 'bojTagId': 95, 'problemCount': 1419, 'displayNames': [{'language': 'ko', 'name': '정수론', 'short': '정수론'}, {'language': 'en', 'name': 'number theory', 'short': 'number theory'}, {'language': 'ja', 'name': '整数論', 'short': '整数論'}], 'aliases': []}]",{}
18720,Bookface,"[{'language': 'en', 'languageDisplayName': 'en', 'title': 'Bookface', 'isOriginal': True}]",True,False,47,23,14,False,False,False,1.9574,True,"[{'key': 'data_structures', 'isMeta': False, 'bojTagId': 175, 'problemCount': 3772, 'displayNames': [{'language': 'ko', 'name': '자료 구조', 'short': '자료 구조'}, {'language': 'en', 'name': 'data structures', 'short': 'ds'}, {'language': 'ja', 'name': 'データ構造', 'short': 'ds'}], 'aliases': [{'alias': '자료구조'}, {'alias': '자구'}]}, {'key': 'dp', 'isMeta': False, 'bojTagId': 25, 'problemCount': 3982, 'displayNames': [{'language': 'ko', 'name': '다이나믹 프로그래밍', 'short': '다이나믹 프로그래밍'}, {'language': 'en', 'name': 'dynamic programming', 'short': 'dp'}, {'language': 'ja', 'name': '動的計画法', 'short': 'dp'}], 'aliases': [{'alias': '동적계획법'}, {'alias': '동적 계획법'}, {'alias': '다이나믹프로그래밍'}]}, {'key': 'priority_queue', 'isMeta': False, 'bojTagId': 59, 'problemCount': 421, 'displayNames': [{'language': 'ko', 'name': '우선순위 큐', 'short': '우선순위 큐'}, {'language': 'en', 'name': 'priority queue', 'short': 'priority queue'}, {'language': 'ja', 'name': '優先度付きキュー', 'short': '優先度付きキュー'}], 'aliases': [{'alias': 'heap'}, {'alias': '힙'}]}, {'key': 'slope_trick', 'isMeta': False, 'bojTagId': 157, 'problemCount': 26, 'displayNames': [{'language': 'ko', 'name': '함수 개형을 이용한 최적화', 'short': '함수 개형을 이용한 최적화'}, {'language': 'en', 'name': 'slope trick', 'short': 'slope trick'}, {'language': 'ja', 'name': 'slope trick', 'short': 'slope trick'}], 'aliases': [{'alias': '슬로프트릭'}, {'alias': '슬로프 트릭'}]}]",{}
18721,Clique,"[{'language': 'en', 'languageDisplayName': 'en', 'title': 'Clique', 'isOriginal': True}]",True,False,16,26,7,False,False,False,6.125,True,"[{'key': 'data_structures', 'isMeta': False, 'bojTagId': 175, 'problemCount': 3772, 'displayNames': [{'language': 'ko', 'name': '자료 구조', 'short': '자료 구조'}, {'language': 'en', 'name': 'data structures', 'short': 'ds'}, {'language': 'ja', 'name': 'データ構造', 'short': 'ds'}], 'aliases': [{'alias': '자료구조'}, {'alias': '자구'}]}, {'key': 'dp', 'isMeta': False, 'bojTagId': 25, 'problemCount': 3982, 'displayNames': [{'language': 'ko', 'name': '다이나믹 프로그래밍', 'short': '다이나믹 프로그래밍'}, {'language': 'en', 'name': 'dynamic programming', 'short': 'dp'}, {'language': 'ja', 'name': '動的計画法', 'short': 'dp'}], 'aliases': [{'alias': '동적계획법'}, {'alias': '동적 계획법'}, {'alias': '다이나믹프로그래밍'}]}, {'key': 'greedy', 'isMeta': False, 'bojTagId': 33, 'problemCount': 2504, 'displayNames': [{'language': 'ko', 'name': '그리디 알고리즘', 'short': '그리디 알고리즘'}, {'language': 'en', 'name': 'greedy', 'short': 'greedy'}, {'language': 'ja', 'name': '貪欲法', 'short': '貪欲法'}], 'aliases': [{'alias': '탐욕법'}]}, {'key': 'segtree', 'isMeta': False, 'bojTagId': 65, 'problemCount': 1289, 'displayNames': [{'language': 'ko', 'name': '세그먼트 트리', 'short': '세그먼트 트리'}, {'language': 'en', 'name': 'segment tree', 'short': 'segtree'}, {'language': 'ja', 'name': 'セグメント木', 'short': 'セグ木'}], 'aliases': [{'alias': '구간트리'}, {'alias': '세그트리'}, {'alias': 'fenwick'}, {'alias': '펜윅'}]}]",{}
18722,Contamination,"[{'language': 'en', 'languageDisplayName': 'en', 'title': 'Contamination', 'isOriginal': True}]",True,False,7,21,1,False,False,False,1.2857,True,[],{}
18723,The Halfwitters,"[{'language': 'en', 'languageDisplayName': 'en', 'title': 'The Halfwitters', 'isOriginal': True}]",True,False,7,0,0,False,False,False,2.5714,True,[],{}
18724,Invited Speakers,"[{'language': 'en', 'languageDisplayName': 'en', 'title': 'Invited Speakers', 'isOriginal': True}]",True,False,11,17,3,False,False,False,1.0909,True,"[{'key': 'constructive', 'isMeta': False, 'bojTagId': 128, 'problemCount': 986, 'displayNames': [{'language': 'ko', 'name': '해 구성하기', 'short': '해 구성하기'}, {'language': 'en', 'name': 'constructive', 'short': 'constructive'}, {'language': 'ja', 'name': '構成的', 'short': '構成的'}], 'aliases': [{'alias': 'constructive'}, {'alias': '컨스트럭티브'}, {'alias': '구성적'}]}, {'key': 'data_structures', 'isMeta': False, 'bojTagId': 175, 'problemCount': 3772, 'displayNames': [{'language': 'ko', 'name': '자료 구조', 'short': '자료 구조'}, {'language': 'en', 'name': 'data structures', 'short': 'ds'}, {'language': 'ja', 'name': 'データ構造', 'short': 'ds'}], 'aliases': [{'alias': '자료구조'}, {'alias': '자구'}]}, {'key': 'stack', 'isMeta': False, 'bojTagId': 71, 'problemCount': 372, 'displayNames': [{'language': 'ko', 'name': '스택', 'short': '스택'}, {'language': 'en', 'name': 'stack', 'short': 'stack'}, {'language': 'ja', 'name': 'スタック', 'short': 'スタック'}], 'aliases': []}]",{}
18725,Lighthouses,"[{'language': 'en', 'languageDisplayName': 'en', 'title': 'Lighthouses', 'isOriginal': True}]",True,False,10,18,3,False,False,False,1.9,True,"[{'key': 'dp', 'isMeta': False, 'bojTagId': 25, 'problemCount': 3982, 'displayNames': [{'language': 'ko', 'name': '다이나믹 프로그래밍', 'short': '다이나믹 프로그래밍'}, {'language': 'en', 'name': 'dynamic programming', 'short': 'dp'}, {'language': 'ja', 'name': '動的計画法', 'short': 'dp'}], 'aliases': [{'alias': '동적계획법'}, {'alias': '동적 계획법'}, {'alias': '다이나믹프로그래밍'}]}, {'key': 'geometry', 'isMeta': False, 'bojTagId': 100, 'problemCount': 1482, 'displayNames': [{'language': 'ko', 'name': '기하학', 'short': '기하학'}, {'language': 'en', 'name': 'geometry', 'short': 'geom'}, {'language': 'ja', 'name': '幾何学', 'short': '幾何'}], 'aliases': []}]",{}
18726,Sum of Palindromes,"[{'language': 'en', 'languageDisplayName': 'en', 'title': 'Sum of Palindromes', 'isOriginal': True}]",True,False,25,17,11,False,False,False,3.0,True,"[{'key': 'ad_hoc', 'isMeta': False, 'bojTagId': 109, 'problemCount': 1448, 'displayNames': [{'language': 'ko', 'name': '애드 혹', 'short': '애드 혹'}, {'language': 'en', 'name': 'ad-hoc', 'short': 'ad-hoc'}, {'language': 'ja', 'name': 'アドホック', 'short': 'アドホック'}], 'aliases': []}, {'key': 'arbitrary_precision', 'isMeta': False, 'bojTagId': 117, 'problemCount': 256, 'displayNames': [{'language': 'ko', 'name': '임의 정밀도 / 큰 수 연산', 'short': '임의 정밀도 / 큰 수 연산'}, {'language': 'en', 'name': 'arbitrary precision / big integers', 'short': 'arbitrary precision / big integers'}, {'language': 'ja', 'name': '高精度または大きな数の演算', 'short': '高精度または大きな数の演算'}], 'aliases': [{'alias': '빅인티저'}, {'alias': '빅데시멀'}, {'alias': 'biginteger'}, {'alias': 'bigdecimal'}]}, {'key': 'constructive', 'isMeta': False, 'bojTagId': 128, 'problemCount': 986, 'displayNames': [{'language': 'ko', 'name': '해 구성하기', 'short': '해 구성하기'}, {'language': 'en', 'name': 'constructive', 'short': 'constructive'}, {'language': 'ja', 'name': '構成的', 'short': '構成的'}], 'aliases': [{'alias': 'constructive'}, {'alias': '컨스트럭티브'}, {'alias': '구성적'}]}, {'key': 'greedy', 'isMeta': False, 'bojTagId': 33, 'problemCount': 2504, 'displayNames': [{'language': 'ko', 'name': '그리디 알고리즘', 'short': '그리디 알고리즘'}, {'language': 'en', 'name': 'greedy', 'short': 'greedy'}, {'language': 'ja', 'name': '貪欲法', 'short': '貪欲法'}], 'aliases': [{'alias': '탐욕법'}]}, {'key': 'implementation', 'isMeta': False, 'bojTagId': 102, 'problemCount': 5468, 'displayNames': [{'language': 'ko', 'name': '구현', 'short': '구현'}, {'language': 'en', 'name': 'implementation', 'short': 'impl'}, {'language': 'ja', 'name': '実装', 'short': 'impl'}], 'aliases': []}, {'key': 'math', 'isMeta': False, 'bojTagId': 124, 'problemCount': 6275, 'displayNames': [{'language': 'ko', 'name': '수학', 'short': '수학'}, {'language': 'en', 'name': 'mathematics', 'short': 'math'}, {'language': 'ja', 'name': '数学', 'short': '数学'}], 'aliases': []}, {'key': 'string', 'isMeta': False, 'bojTagId': 158, 'problemCount': 2357, 'displayNames': [{'language': 'ko', 'name': '문자열', 'short': '문자열'}, {'language': 'en', 'name': 'string', 'short': 'string'}, {'language': 'ja', 'name': '文字列', 'short': '文字列'}], 'aliases': [{'alias': '스트링'}]}]",{}
18727,Space Gophers,"[{'language': 'en', 'languageDisplayName': 'en', 'title': 'Space Gophers', 'isOriginal': True}]",True,False,9,18,2,False,False,False,2.1111,True,"[{'key': 'data_structures', 'isMeta': False, 'bojTagId': 175, 'problemCount': 3772, 'displayNames': [{'language': 'ko', 'name': '자료 구조', 'short': '자료 구조'}, {'language': 'en', 'name': 'data structures', 'short': 'ds'}, {'language': 'ja', 'name': 'データ構造', 'short': 'ds'}], 'aliases': [{'alias': '자료구조'}, {'alias': '자구'}]}, {'key': 'disjoint_set', 'isMeta': False, 'bojTagId': 81, 'problemCount': 469, 'displayNames': [{'language': 'ko', 'name': '분리 집합', 'short': '분리 집합'}, {'language': 'en', 'name': 'disjoint set', 'short': 'dsu'}, {'language': 'ja', 'name': '素集合データ構造', 'short': '素集合データ構造'}], 'aliases': [{'alias': 'union'}, {'alias': 'find'}, {'alias': '유니온'}, {'alias': '파인드'}, {'alias': 'dsu'}]}, {'key': 'tree_set', 'isMeta': False, 'bojTagId': 74, 'problemCount': 488, 'displayNames': [{'language': 'ko', 'name': '트리를 사용한 집합과 맵', 'short': '트리를 사용한 집합과 맵'}, {'language': 'en', 'name': 'set / map by trees', 'short': 'treeset'}, {'language': 'ja', 'name': '木によるセット・マップ', 'short': 'treeset'}], 'aliases': [{'alias': '집합'}, {'alias': '맵'}, {'alias': '셋'}, {'alias': '딕셔너리'}, {'alias': 'dictionary'}, {'alias': 'map'}, {'alias': 'set'}, {'alias': 'bbst'}, {'alias': '트리'}, {'alias': 'tree'}]}]",{}
18728,"To argue, or not to argue","[{'language': 'en', 'languageDisplayName': 'en', 'title': 'To argue, or not to argue', 'isOriginal': True}]",True,False,6,21,2,False,False,False,1.0,True,[],{}
18729,Wizards Unite,"[{'language': 'en', 'languageDisplayName': 'en', 'title': 'Wizards Unite', 'isOriginal': True}]",True,False,38,8,8,False,False,False,2.2105,True,"[{'key': 'greedy', 'isMeta': False, 'bojTagId': 33, 'problemCount': 2504, 'displayNames': [{'language': 'ko', 'name': '그리디 알고리즘', 'short': '그리디 알고리즘'}, {'language': 'en', 'name': 'greedy', 'short': 'greedy'}, {'language': 'ja', 'name': '貪欲法', 'short': '貪欲法'}], 'aliases': [{'alias': '탐욕법'}]}, {'key': 'sorting', 'isMeta': False, 'bojTagId': 97, 'problemCount': 1833, 'displayNames': [{'language': 'ko', 'name': '정렬', 'short': '정렬'}, {'language': 'en', 'name': 'sorting', 'short': 'sorting'}, {'language': 'ja', 'name': 'ソート', 'short': 'ソート'}], 'aliases': []}]",{}
18730,Outlier,"[{'language': 'en', 'languageDisplayName': 'en', 'title': 'Outlier', 'isOriginal': True}]",True,False,5,26,1,False,False,False,1.0,True,[],{}
18731,A Math Problem,"[{'language': 'en', 'languageDisplayName': 'en', 'title': 'A Math Problem', 'isOriginal': True}]",True,False,17,20,3,False,False,False,3.0,True,"[{'key': 'combinatorics', 'isMeta': False, 'bojTagId': 6, 'problemCount': 895, 'displayNames': [{'language': 'ko', 'name': '조합론', 'short': '조합론'}, {'language': 'en', 'name': 'combinatorics', 'short': 'combinatorics'}, {'language': 'ja', 'name': '組み合わせ', 'short': '組み合わせ'}], 'aliases': [{'alias': 'combination'}, {'alias': 'permutation'}, {'alias': 'probability'}, {'alias': '확률'}, {'alias': '순열'}]}, {'key': 'math', 'isMeta': False, 'bojTagId': 124, 'problemCount': 6275, 'displayNames': [{'language': 'ko', 'name': '수학', 'short': '수학'}, {'language': 'en', 'name': 'mathematics', 'short': 'math'}, {'language': 'ja', 'name': '数学', 'short': '数学'}], 'aliases': []}, {'key': 'number_theory', 'isMeta': False, 'bojTagId': 95, 'problemCount': 1419, 'displayNames': [{'language': 'ko', 'name': '정수론', 'short': '정수론'}, {'language': 'en', 'name': 'number theory', 'short': 'number theory'}, {'language': 'ja', 'name': '整数論', 'short': '整数論'}], 'aliases': []}]",{}
18732,A Permutation Problem,"[{'language': 'en', 'languageDisplayName': 'en', 'title': 'A Permutation Problem', 'isOriginal': True}]",True,False,12,23,3,False,False,False,1.5833,True,"[{'key': 'constructive', 'isMeta': False, 'bojTagId': 128, 'problemCount': 986, 'displayNames': [{'language': 'ko', 'name': '해 구성하기', 'short': '해 구성하기'}, {'language': 'en', 'name': 'constructive', 'short': 'constructive'}, {'language': 'ja', 'name': '構成的', 'short': '構成的'}], 'aliases': [{'alias': 'constructive'}, {'alias': '컨스트럭티브'}, {'alias': '구성적'}]}, {'key': 'divide_and_conquer', 'isMeta': False, 'bojTagId': 24, 'problemCount': 412, 'displayNames': [{'language': 'ko', 'name': '분할 정복', 'short': '분할 정복'}, {'language': 'en', 'name': 'divide and conquer', 'short': 'd&c'}, {'language': 'ja', 'name': '分割統治法', 'short': '分割統治法'}], 'aliases': [{'alias': 'dnc'}]}]",{}
18733,Split in Sets,"[{'language': 'en', 'languageDisplayName': 'en', 'title': 'Split in Sets', 'isOriginal': True}]",True,False,43,22,1,False,False,False,3.2791,True,[],{}
18734,The Destruction of the Crystals,"[{'language': 'en', 'languageDisplayName': 'en', 'title': 'The Destruction of the Crystals', 'isOriginal': True}]",True,False,8,20,2,False,False,False,2.125,True,"[{'key': 'graphs', 'isMeta': False, 'bojTagId': 7, 'problemCount': 3637, 'displayNames': [{'language': 'ko', 'name': '그래프 이론', 'short': '그래프 이론'}, {'language': 'en', 'name': 'graph theory', 'short': 'graph'}, {'language': 'ja', 'name': 'グラフ理論', 'short': 'グラフ'}], 'aliases': [{'alias': '그래프이론'}, {'alias': '그래프'}]}, {'key': 'graph_traversal', 'isMeta': False, 'bojTagId': 11, 'problemCount': 1983, 'displayNames': [{'language': 'ko', 'name': '그래프 탐색', 'short': '그래프 탐색'}, {'language': 'en', 'name': 'graph traversal', 'short': 'traversal'}, {'language': 'ja', 'name': 'グラフの探索', 'short': '横断'}], 'aliases': [{'alias': 'bfs'}, {'alias': 'dfs'}]}, {'key': 'inclusion_and_exclusion', 'isMeta': False, 'bojTagId': 38, 'problemCount': 157, 'displayNames': [{'language': 'ko', 'name': '포함 배제의 원리', 'short': '포함 배제의 원리'}, {'language': 'en', 'name': 'inclusion and exclusion', 'short': 'inclusion and exclusion'}, {'language': 'ja', 'name': '包除原理', 'short': '包除原理'}], 'aliases': []}]",{}
18735,Balls,"[{'language': 'en', 'languageDisplayName': 'en', 'title': 'Balls', 'isOriginal': True}]",True,False,24,12,6,False,False,False,2.375,True,"[{'key': 'ad_hoc', 'isMeta': False, 'bojTagId': 109, 'problemCount': 1448, 'displayNames': [{'language': 'ko', 'name': '애드 혹', 'short': '애드 혹'}, {'language': 'en', 'name': 'ad-hoc', 'short': 'ad-hoc'}, {'language': 'ja', 'name': 'アドホック', 'short': 'アドホック'}], 'aliases': []}, {'key': 'sorting', 'isMeta': False, 'bojTagId': 97, 'problemCount': 1833, 'displayNames': [{'language': 'ko', 'name': '정렬', 'short': '정렬'}, {'language': 'en', 'name': 'sorting', 'short': 'sorting'}, {'language': 'ja', 'name': 'ソート', 'short': 'ソート'}], 'aliases': []}]",{}
18736,Football Match,"[{'language': 'en', 'languageDisplayName': 'en', 'title': 'Football Match', 'isOriginal': True}]",True,False,12,19,2,False,False,False,4.6667,True,"[{'key': 'case_work', 'isMeta': False, 'bojTagId': 137, 'problemCount': 856, 'displayNames': [{'language': 'ko', 'name': '많은 조건 분기', 'short': '많은 조건 분기'}, {'language': 'en', 'name': 'case work', 'short': 'case work'}, {'language': 'ja', 'name': 'ケースワーク', 'short': 'ケースワーク'}], 'aliases': [{'alias': '케이스'}, {'alias': '케이스워크'}, {'alias': '케이스 워크'}]}, {'key': 'constructive', 'isMeta': False, 'bojTagId': 128, 'problemCount': 986, 'displayNames': [{'language': 'ko', 'name': '해 구성하기', 'short': '해 구성하기'}, {'language': 'en', 'name': 'constructive', 'short': 'constructive'}, {'language': 'ja', 'name': '構成的', 'short': '構成的'}], 'aliases': [{'alias': 'constructive'}, {'alias': '컨스트럭티브'}, {'alias': '구성적'}]}, {'key': 'math', 'isMeta': False, 'bojTagId': 124, 'problemCount': 6275, 'displayNames': [{'language': 'ko', 'name': '수학', 'short': '수학'}, {'language': 'en', 'name': 'mathematics', 'short': 'math'}, {'language': 'ja', 'name': '数学', 'short': '数学'}], 'aliases': []}]",{}
18737,Hill,"[{'language': 'en', 'languageDisplayName': 'en', 'title': 'Hill', 'isOriginal': True}]",True,False,5,21,1,False,False,False,2.6,True,[],{}
18738,Special Game,"[{'language': 'en', 'languageDisplayName': 'en', 'title': 'Special Game', 'isOriginal': True}]",True,False,14,28,3,False,False,False,2.0,True,"[{'key': 'game_theory', 'isMeta': False, 'bojTagId': 140, 'problemCount': 357, 'displayNames': [{'language': 'ko', 'name': '게임 이론', 'short': '게임 이론'}, {'language': 'en', 'name': 'game theory', 'short': 'game theory'}, {'language': 'ja', 'name': 'ゲーム理論', 'short': 'ゲーム'}], 'aliases': [{'alias': '게임이론'}, {'alias': '님'}, {'alias': 'nim'}]}, {'key': 'sorting', 'isMeta': False, 'bojTagId': 97, 'problemCount': 1833, 'displayNames': [{'language': 'ko', 'name': '정렬', 'short': '정렬'}, {'language': 'en', 'name': 'sorting', 'short': 'sorting'}, {'language': 'ja', 'name': 'ソート', 'short': 'ソート'}], 'aliases': []}]",{}
18739,Even More Exciting Game,"[{'language': 'en', 'languageDisplayName': 'en', 'title': 'Even More Exciting Game', 'isOriginal': True}]",True,False,15,22,1,False,False,False,3.4667,True,"[{'key': 'game_theory', 'isMeta': False, 'bojTagId': 140, 'problemCount': 357, 'displayNames': [{'language': 'ko', 'name': '게임 이론', 'short': '게임 이론'}, {'language': 'en', 'name': 'game theory', 'short': 'game theory'}, {'language': 'ja', 'name': 'ゲーム理論', 'short': 'ゲーム'}], 'aliases': [{'alias': '게임이론'}, {'alias': '님'}, {'alias': 'nim'}]}]",{}
18740,Potato Shuffle,"[{'language': 'en', 'languageDisplayName': 'en', 'title': 'Potato Shuffle', 'isOriginal': True}]",True,False,12,20,2,False,False,False,1.25,True,"[{'key': 'combinatorics', 'isMeta': False, 'bojTagId': 6, 'problemCount': 895, 'displayNames': [{'language': 'ko', 'name': '조합론', 'short': '조합론'}, {'language': 'en', 'name': 'combinatorics', 'short': 'combinatorics'}, {'language': 'ja', 'name': '組み合わせ', 'short': '組み合わせ'}], 'aliases': [{'alias': 'combination'}, {'alias': 'permutation'}, {'alias': 'probability'}, {'alias': '확률'}, {'alias': '순열'}]}, {'key': 'data_structures', 'isMeta': False, 'bojTagId': 175, 'problemCount': 3772, 'displayNames': [{'language': 'ko', 'name': '자료 구조', 'short': '자료 구조'}, {'language': 'en', 'name': 'data structures', 'short': 'ds'}, {'language': 'ja', 'name': 'データ構造', 'short': 'ds'}], 'aliases': [{'alias': '자료구조'}, {'alias': '자구'}]}, {'key': 'math', 'isMeta': False, 'bojTagId': 124, 'problemCount': 6275, 'displayNames': [{'language': 'ko', 'name': '수학', 'short': '수학'}, {'language': 'en', 'name': 'mathematics', 'short': 'math'}, {'language': 'ja', 'name': '数学', 'short': '数学'}], 'aliases': []}, {'key': 'segtree', 'isMeta': False, 'bojTagId': 65, 'problemCount': 1289, 'displayNames': [{'language': 'ko', 'name': '세그먼트 트리', 'short': '세그먼트 트리'}, {'language': 'en', 'name': 'segment tree', 'short': 'segtree'}, {'language': 'ja', 'name': 'セグメント木', 'short': 'セグ木'}], 'aliases': [{'alias': '구간트리'}, {'alias': '세그트리'}, {'alias': 'fenwick'}, {'alias': '펜윅'}]}]",{}
18741,Palindrome,"[{'language': 'en', 'languageDisplayName': 'en', 'title': 'Palindrome', 'isOriginal': True}]",True,False,12,21,3,False,False,False,2.3333,True,"[{'key': 'dp', 'isMeta': False, 'bojTagId': 25, 'problemCount': 3982, 'displayNames': [{'language': 'ko', 'name': '다이나믹 프로그래밍', 'short': '다이나믹 프로그래밍'}, {'language': 'en', 'name': 'dynamic programming', 'short': 'dp'}, {'language': 'ja', 'name': '動的計画法', 'short': 'dp'}], 'aliases': [{'alias': '동적계획법'}, {'alias': '동적 계획법'}, {'alias': '다이나믹프로그래밍'}]}]",{}
18742,Avg,"[{'language': 'en', 'languageDisplayName': 'en', 'title': 'Avg', 'isOriginal': True}]",True,False,22,20,5,False,False,False,2.7273,True,"[{'key': 'constructive', 'isMeta': False, 'bojTagId': 128, 'problemCount': 986, 'displayNames': [{'language': 'ko', 'name': '해 구성하기', 'short': '해 구성하기'}, {'language': 'en', 'name': 'constructive', 'short': 'constructive'}, {'language': 'ja', 'name': '構成的', 'short': '構成的'}], 'aliases': [{'alias': 'constructive'}, {'alias': '컨스트럭티브'}, {'alias': '구성적'}]}, {'key': 'math', 'isMeta': False, 'bojTagId': 124, 'problemCount': 6275, 'displayNames': [{'language': 'ko', 'name': '수학', 'short': '수학'}, {'language': 'en', 'name': 'mathematics', 'short': 'math'}, {'language': 'ja', 'name': '数学', 'short': '数学'}], 'aliases': []}]",{}
18743,Bin,"[{'language': 'en', 'languageDisplayName': 'en', 'title': 'Bin', 'isOriginal': True}]",True,False,19,26,6,False,False,False,1.3158,True,"[{'key': 'divide_and_conquer', 'isMeta': False, 'bojTagId': 24, 'problemCount': 412, 'displayNames': [{'language': 'ko', 'name': '분할 정복', 'short': '분할 정복'}, {'language': 'en', 'name': 'divide and conquer', 'short': 'd&c'}, {'language': 'ja', 'name': '分割統治法', 'short': '分割統治法'}], 'aliases': [{'alias': 'dnc'}]}, {'key': 'fft', 'isMeta': False, 'bojTagId': 28, 'problemCount': 126, 'displayNames': [{'language': 'ko', 'name': '고속 푸리에 변환', 'short': '고속 푸리에 변환'}, {'language': 'en', 'name': 'fast fourier transform', 'short': 'fft'}, {'language': 'ja', 'name': '高速フーリエ変換', 'short': 'fft'}], 'aliases': [{'alias': '푸리에변환'}, {'alias': '컨볼루션'}, {'alias': 'convolution'}]}, {'key': 'math', 'isMeta': False, 'bojTagId': 124, 'problemCount': 6275, 'displayNames': [{'language': 'ko', 'name': '수학', 'short': '수학'}, {'language': 'en', 'name': 'mathematics', 'short': 'math'}, {'language': 'ja', 'name': '数学', 'short': '数学'}], 'aliases': []}]",{}
18744,Cat,"[{'language': 'en', 'languageDisplayName': 'en', 'title': 'Cat', 'isOriginal': True}]",True,False,19,23,5,False,False,False,2.6842,True,"[{'key': 'data_structures', 'isMeta': False, 'bojTagId': 175, 'problemCount': 3772, 'displayNames': [{'language': 'ko', 'name': '자료 구조', 'short': '자료 구조'}, {'language': 'en', 'name': 'data structures', 'short': 'ds'}, {'language': 'ja', 'name': 'データ構造', 'short': 'ds'}], 'aliases': [{'alias': '자료구조'}, {'alias': '자구'}]}, {'key': 'lazyprop', 'isMeta': False, 'bojTagId': 66, 'problemCount': 300, 'displayNames': [{'language': 'ko', 'name': '느리게 갱신되는 세그먼트 트리', 'short': '느리게 갱신되는 세그먼트 트리'}, {'language': 'en', 'name': 'segment tree with lazy propagation', 'short': 'lazyprop'}, {'language': 'ja', 'name': '遅延評価セグメント木', 'short': '遅延評価セグ木'}], 'aliases': [{'alias': '레이지'}, {'alias': '레이지프로퍼게이션'}, {'alias': '레이지프로파게이션'}, {'alias': '구간트리'}, {'alias': 'fenwick'}, {'alias': '펜윅'}]}, {'key': 'segtree', 'isMeta': False, 'bojTagId': 65, 'problemCount': 1289, 'displayNames': [{'language': 'ko', 'name': '세그먼트 트리', 'short': '세그먼트 트리'}, {'language': 'en', 'name': 'segment tree', 'short': 'segtree'}, {'language': 'ja', 'name': 'セグメント木', 'short': 'セグ木'}], 'aliases': [{'alias': '구간트리'}, {'alias': '세그트리'}, {'alias': 'fenwick'}, {'alias': '펜윅'}]}, {'key': 'string', 'isMeta': False, 'bojTagId': 158, 'problemCount': 2357, 'displayNames': [{'language': 'ko', 'name': '문자열', 'short': '문자열'}, {'language': 'en', 'name': 'string', 'short': 'string'}, {'language': 'ja', 'name': '文字列', 'short': '文字列'}], 'aliases': [{'alias': '스트링'}]}, {'key': 'suffix_array', 'isMeta': False, 'bojTagId': 77, 'problemCount': 98, 'displayNames': [{'language': 'ko', 'name': '접미사 배열과 LCP 배열', 'short': '접미사 배열과 LCP 배열'}, {'language': 'en', 'name': 'suffix array and lcp array', 'short': 'suffix array and lcp array'}, {'language': 'ja', 'name': '接尾辞配列・LCP配列', 'short': '接尾辞配列・LCP配列'}], 'aliases': []}]",{}
18745,Div,"[{'language': 'en', 'languageDisplayName': 'en', 'title': 'Div', 'isOriginal': True}]",True,False,8,25,4,False,False,False,4.25,True,"[{'key': 'bruteforcing', 'isMeta': False, 'bojTagId': 125, 'problemCount': 2158, 'displayNames': [{'language': 'ko', 'name': '브루트포스 알고리즘', 'short': '브루트포스 알고리즘'}, {'language': 'en', 'name': 'bruteforcing', 'short': 'bruteforce'}, {'language': 'ja', 'name': '全探索', 'short': '全探索'}], 'aliases': [{'alias': '완전탐색'}, {'alias': '완전 탐색'}, {'alias': '브루트포스'}, {'alias': 'bruteforce'}, {'alias': 'brute force'}, {'alias': '완탐'}]}, {'key': 'implementation', 'isMeta': False, 'bojTagId': 102, 'problemCount': 5468, 'displayNames': [{'language': 'ko', 'name': '구현', 'short': '구현'}, {'language': 'en', 'name': 'implementation', 'short': 'impl'}, {'language': 'ja', 'name': '実装', 'short': 'impl'}], 'aliases': []}, {'key': 'math', 'isMeta': False, 'bojTagId': 124, 'problemCount': 6275, 'displayNames': [{'language': 'ko', 'name': '수학', 'short': '수학'}, {'language': 'en', 'name': 'mathematics', 'short': 'math'}, {'language': 'ja', 'name': '数学', 'short': '数学'}], 'aliases': []}, {'key': 'number_theory', 'isMeta': False, 'bojTagId': 95, 'problemCount': 1419, 'displayNames': [{'language': 'ko', 'name': '정수론', 'short': '정수론'}, {'language': 'en', 'name': 'number theory', 'short': 'number theory'}, {'language': 'ja', 'name': '整数論', 'short': '整数論'}], 'aliases': []}]",{}
18746,Exp,"[{'language': 'en', 'languageDisplayName': 'en', 'title': 'Exp', 'isOriginal': True}]",True,False,14,25,6,False,False,False,3.5,True,"[{'key': 'dp', 'isMeta': False, 'bojTagId': 25, 'problemCount': 3982, 'displayNames': [{'language': 'ko', 'name': '다이나믹 프로그래밍', 'short': '다이나믹 프로그래밍'}, {'language': 'en', 'name': 'dynamic programming', 'short': 'dp'}, {'language': 'ja', 'name': '動的計画法', 'short': 'dp'}], 'aliases': [{'alias': '동적계획법'}, {'alias': '동적 계획법'}, {'alias': '다이나믹프로그래밍'}]}, {'key': 'math', 'isMeta': False, 'bojTagId': 124, 'problemCount': 6275, 'displayNames': [{'language': 'ko', 'name': '수학', 'short': '수학'}, {'language': 'en', 'name': 'mathematics', 'short': 'math'}, {'language': 'ja', 'name': '数学', 'short': '数学'}], 'aliases': []}]",{}
18747,Flip,"[{'language': 'en', 'languageDisplayName': 'en', 'title': 'Flip', 'isOriginal': True}]",True,False,23,24,4,False,False,False,2.087,True,"[{'key': 'combinatorics', 'isMeta': False, 'bojTagId': 6, 'problemCount': 895, 'displayNames': [{'language': 'ko', 'name': '조합론', 'short': '조합론'}, {'language': 'en', 'name': 'combinatorics', 'short': 'combinatorics'}, {'language': 'ja', 'name': '組み合わせ', 'short': '組み合わせ'}], 'aliases': [{'alias': 'combination'}, {'alias': 'permutation'}, {'alias': 'probability'}, {'alias': '확률'}, {'alias': '순열'}]}, {'key': 'math', 'isMeta': False, 'bojTagId': 124, 'problemCount': 6275, 'displayNames': [{'language': 'ko', 'name': '수학', 'short': '수학'}, {'language': 'en', 'name': 'mathematics', 'short': 'math'}, {'language': 'ja', 'name': '数学', 'short': '数学'}], 'aliases': []}, {'key': 'prefix_sum', 'isMeta': False, 'bojTagId': 139, 'problemCount': 953, 'displayNames': [{'language': 'ko', 'name': '누적 합', 'short': '누적 합'}, {'language': 'en', 'name': 'prefix sum', 'short': 'prefix sum'}, {'language': 'ja', 'name': '累積和', 'short': '累積和'}], 'aliases': [{'alias': '구간합'}, {'alias': '부분합'}, {'alias': 'rangesum'}]}]",{}
18748,Grp,"[{'language': 'en', 'languageDisplayName': 'en', 'title': 'Grp', 'isOriginal': True}]",True,False,4,25,1,False,False,False,1.75,True,[],{}
18749,Hit,"[{'language': 'en', 'languageDisplayName': 'en', 'title': 'Hit', 'isOriginal': True}]",True,False,27,27,4,False,False,False,2.6667,True,"[{'key': 'data_structures', 'isMeta': False, 'bojTagId': 175, 'problemCount': 3772, 'displayNames': [{'language': 'ko', 'name': '자료 구조', 'short': '자료 구조'}, {'language': 'en', 'name': 'data structures', 'short': 'ds'}, {'language': 'ja', 'name': 'データ構造', 'short': 'ds'}], 'aliases': [{'alias': '자료구조'}, {'alias': '자구'}]}, {'key': 'graphs', 'isMeta': False, 'bojTagId': 7, 'problemCount': 3637, 'displayNames': [{'language': 'ko', 'name': '그래프 이론', 'short': '그래프 이론'}, {'language': 'en', 'name': 'graph theory', 'short': 'graph'}, {'language': 'ja', 'name': 'グラフ理論', 'short': 'グラフ'}], 'aliases': [{'alias': '그래프이론'}, {'alias': '그래프'}]}, {'key': 'greedy', 'isMeta': False, 'bojTagId': 33, 'problemCount': 2504, 'displayNames': [{'language': 'ko', 'name': '그리디 알고리즘', 'short': '그리디 알고리즘'}, {'language': 'en', 'name': 'greedy', 'short': 'greedy'}, {'language': 'ja', 'name': '貪欲法', 'short': '貪欲法'}], 'aliases': [{'alias': '탐욕법'}]}, {'key': 'segtree', 'isMeta': False, 'bojTagId': 65, 'problemCount': 1289, 'displayNames': [{'language': 'ko', 'name': '세그먼트 트리', 'short': '세그먼트 트리'}, {'language': 'en', 'name': 'segment tree', 'short': 'segtree'}, {'language': 'ja', 'name': 'セグメント木', 'short': 'セグ木'}], 'aliases': [{'alias': '구간트리'}, {'alias': '세그트리'}, {'alias': 'fenwick'}, {'alias': '펜윅'}]}, {'key': 'sparse_table', 'isMeta': False, 'bojTagId': 84, 'problemCount': 138, 'displayNames': [{'language': 'ko', 'name': '희소 배열', 'short': '희소 배열'}, {'language': 'en', 'name': 'sparse table', 'short': 'sparse table'}, {'language': 'ja', 'name': 'sparse table', 'short': 'sparse table'}], 'aliases': [{'alias': '스파스어레이'}, {'alias': 'sparse table'}]}]",{}
18750,Ineq,"[{'language': 'en', 'languageDisplayName': 'en', 'title': 'Ineq', 'isOriginal': True}]",True,False,9,0,0,False,False,False,1.4444,True,[],{}
18751,Joy,"[{'language': 'en', 'languageDisplayName': 'en', 'title': 'Joy', 'isOriginal': True}]",True,False,8,0,0,False,False,False,1.125,True,[],{}
18752,Kilk,"[{'language': 'en', 'languageDisplayName': 'en', 'title': 'Kilk', 'isOriginal': True}]",True,False,17,22,3,False,False,False,2.2353,True,"[{'key': 'dp', 'isMeta': False, 'bojTagId': 25, 'problemCount': 3982, 'displayNames': [{'language': 'ko', 'name': '다이나믹 프로그래밍', 'short': '다이나믹 프로그래밍'}, {'language': 'en', 'name': 'dynamic programming', 'short': 'dp'}, {'language': 'ja', 'name': '動的計画法', 'short': 'dp'}], 'aliases': [{'alias': '동적계획법'}, {'alias': '동적 계획법'}, {'alias': '다이나믹프로그래밍'}]}, {'key': 'prefix_sum', 'isMeta': False, 'bojTagId': 139, 'problemCount': 953, 'displayNames': [{'language': 'ko', 'name': '누적 합', 'short': '누적 합'}, {'language': 'en', 'name': 'prefix sum', 'short': 'prefix sum'}, {'language': 'ja', 'name': '累積和', 'short': '累積和'}], 'aliases': [{'alias': '구간합'}, {'alias': '부분합'}, {'alias': 'rangesum'}]}]",{}
18753,Alternative Accounts,"[{'language': 'en', 'languageDisplayName': 'en', 'title': 'Alternative Accounts', 'isOriginal': True}]",True,False,27,21,5,False,False,False,1.5556,True,"[{'key': 'bitmask', 'isMeta': False, 'bojTagId': 14, 'problemCount': 717, 'displayNames': [{'language': 'ko', 'name': '비트마스킹', 'short': '비트마스킹'}, {'language': 'en', 'name': 'bitmask', 'short': 'bitmask'}, {'language': 'ja', 'name': 'ビット表現', 'short': 'ビット表現'}], 'aliases': [{'alias': '비트필드'}, {'alias': '비트마스크'}]}, {'key': 'case_work', 'isMeta': False, 'bojTagId': 137, 'problemCount': 856, 'displayNames': [{'language': 'ko', 'name': '많은 조건 분기', 'short': '많은 조건 분기'}, {'language': 'en', 'name': 'case work', 'short': 'case work'}, {'language': 'ja', 'name': 'ケースワーク', 'short': 'ケースワーク'}], 'aliases': [{'alias': '케이스'}, {'alias': '케이스워크'}, {'alias': '케이스 워크'}]}, {'key': 'flow', 'isMeta': False, 'bojTagId': 45, 'problemCount': 325, 'displayNames': [{'language': 'ko', 'name': '최대 유량', 'short': '최대 유량'}, {'language': 'en', 'name': 'maximum flow', 'short': 'flow'}, {'language': 'ja', 'name': '最大フロー', 'short': 'flow'}], 'aliases': [{'alias': 'dinic'}, {'alias': 'dinitz'}, {'alias': 'ford'}, {'alias': 'fulkerson'}, {'alias': 'fordfulkerson'}, {'alias': '디닉'}, {'alias': '디니츠'}, {'alias': '포드풀커슨'}, {'alias': '플로우'}]}, {'key': 'greedy', 'isMeta': False, 'bojTagId': 33, 'problemCount': 2504, 'displayNames': [{'language': 'ko', 'name': '그리디 알고리즘', 'short': '그리디 알고리즘'}, {'language': 'en', 'name': 'greedy', 'short': 'greedy'}, {'language': 'ja', 'name': '貪欲法', 'short': '貪欲法'}], 'aliases': [{'alias': '탐욕법'}]}]",{}
18754,Bitset Master,"[{'language': 'en', 'languageDisplayName': 'en', 'title': 'Bitset Master', 'isOriginal': True}]",True,False,13,26,3,False,False,False,4.8462,True,"[{'key': 'centroid', 'isMeta': False, 'bojTagId': 188, 'problemCount': 96, 'displayNames': [{'language': 'en', 'name': 'centroid', 'short': 'centroid'}, {'language': 'ko', 'name': '센트로이드', 'short': '센트로이드'}, {'language': 'ja', 'name': 'centroid', 'short': 'centroid'}], 'aliases': []}, {'key': 'data_structures', 'isMeta': False, 'bojTagId': 175, 'problemCount': 3772, 'displayNames': [{'language': 'ko', 'name': '자료 구조', 'short': '자료 구조'}, {'language': 'en', 'name': 'data structures', 'short': 'ds'}, {'language': 'ja', 'name': 'データ構造', 'short': 'ds'}], 'aliases': [{'alias': '자료구조'}, {'alias': '자구'}]}, {'key': 'dp', 'isMeta': False, 'bojTagId': 25, 'problemCount': 3982, 'displayNames': [{'language': 'ko', 'name': '다이나믹 프로그래밍', 'short': '다이나믹 프로그래밍'}, {'language': 'en', 'name': 'dynamic programming', 'short': 'dp'}, {'language': 'ja', 'name': '動的計画法', 'short': 'dp'}], 'aliases': [{'alias': '동적계획법'}, {'alias': '동적 계획법'}, {'alias': '다이나믹프로그래밍'}]}, {'key': 'splay_tree', 'isMeta': False, 'bojTagId': 69, 'problemCount': 37, 'displayNames': [{'language': 'ko', 'name': '스플레이 트리', 'short': '스플레이 트리'}, {'language': 'en', 'name': 'splay tree', 'short': 'splay tree'}, {'language': 'ja', 'name': 'splay tree', 'short': 'splay tree'}], 'aliases': []}, {'key': 'trees', 'isMeta': False, 'bojTagId': 120, 'problemCount': 1384, 'displayNames': [{'language': 'ko', 'name': '트리', 'short': '트리'}, {'language': 'en', 'name': 'tree', 'short': 'tree'}, {'language': 'ja', 'name': '木', 'short': '木'}], 'aliases': [{'alias': 'trees'}]}]",{}
18755,Cyclic Distance,"[{'language': 'en', 'languageDisplayName': 'en', 'title': 'Cyclic Distance', 'isOriginal': True}]",True,False,49,25,4,False,False,False,2.7143,True,"[{'key': 'data_structures', 'isMeta': False, 'bojTagId': 175, 'problemCount': 3772, 'displayNames': [{'language': 'ko', 'name': '자료 구조', 'short': '자료 구조'}, {'language': 'en', 'name': 'data structures', 'short': 'ds'}, {'language': 'ja', 'name': 'データ構造', 'short': 'ds'}], 'aliases': [{'alias': '자료구조'}, {'alias': '자구'}]}, {'key': 'dp', 'isMeta': False, 'bojTagId': 25, 'problemCount': 3982, 'displayNames': [{'language': 'ko', 'name': '다이나믹 프로그래밍', 'short': '다이나믹 프로그래밍'}, {'language': 'en', 'name': 'dynamic programming', 'short': 'dp'}, {'language': 'ja', 'name': '動的計画法', 'short': 'dp'}], 'aliases': [{'alias': '동적계획법'}, {'alias': '동적 계획법'}, {'alias': '다이나믹프로그래밍'}]}, {'key': 'dp_tree', 'isMeta': False, 'bojTagId': 92, 'problemCount': 409, 'displayNames': [{'language': 'ko', 'name': '트리에서의 다이나믹 프로그래밍', 'short': '트리에서의 다이나믹 프로그래밍'}, {'language': 'en', 'name': 'dynamic programming on trees', 'short': 'tree dp'}, {'language': 'ja', 'name': '木上の動的計画法', 'short': 'tree dp'}], 'aliases': [{'alias': '트리dp'}]}, {'key': 'priority_queue', 'isMeta': False, 'bojTagId': 59, 'problemCount': 421, 'displayNames': [{'language': 'ko', 'name': '우선순위 큐', 'short': '우선순위 큐'}, {'language': 'en', 'name': 'priority queue', 'short': 'priority queue'}, {'language': 'ja', 'name': '優先度付きキュー', 'short': '優先度付きキュー'}], 'aliases': [{'alias': 'heap'}, {'alias': '힙'}]}, {'key': 'slope_trick', 'isMeta': False, 'bojTagId': 157, 'problemCount': 26, 'displayNames': [{'language': 'ko', 'name': '함수 개형을 이용한 최적화', 'short': '함수 개형을 이용한 최적화'}, {'language': 'en', 'name': 'slope trick', 'short': 'slope trick'}, {'language': 'ja', 'name': 'slope trick', 'short': 'slope trick'}], 'aliases': [{'alias': '슬로프트릭'}, {'alias': '슬로프 트릭'}]}, {'key': 'smaller_to_larger', 'isMeta': False, 'bojTagId': 169, 'problemCount': 128, 'displayNames': [{'language': 'ko', 'name': '작은 집합에서 큰 집합으로 합치는 테크닉', 'short': '작은 집합에서 큰 집합으로 합치는 테크닉'}, {'language': 'en', 'name': 'smaller to larger technique', 'short': 'smaller to larger'}, {'language': 'ja', 'name': 'smaller to larger technique', 'short': 'smaller to larger'}], 'aliases': [{'alias': 'merge heuristics'}, {'alias': 'sack'}, {'alias': 'small to large'}, {'alias': '작은거'}, {'alias': '큰거'}]}, {'key': 'trees', 'isMeta': False, 'bojTagId': 120, 'problemCount': 1384, 'displayNames': [{'language': 'ko', 'name': '트리', 'short': '트리'}, {'language': 'en', 'name': 'tree', 'short': 'tree'}, {'language': 'ja', 'name': '木', 'short': '木'}], 'aliases': [{'alias': 'trees'}]}]",{}
18756,Data Structure Quiz,"[{'language': 'en', 'languageDisplayName': 'en', 'title': 'Data Structure Quiz', 'isOriginal': True}]",True,False,47,27,10,False,False,False,5.2766,True,"[{'key': 'data_structures', 'isMeta': False, 'bojTagId': 175, 'problemCount': 3772, 'displayNames': [{'language': 'ko', 'name': '자료 구조', 'short': '자료 구조'}, {'language': 'en', 'name': 'data structures', 'short': 'ds'}, {'language': 'ja', 'name': 'データ構造', 'short': 'ds'}], 'aliases': [{'alias': '자료구조'}, {'alias': '자구'}]}, {'key': 'lazyprop', 'isMeta': False, 'bojTagId': 66, 'problemCount': 300, 'displayNames': [{'language': 'ko', 'name': '느리게 갱신되는 세그먼트 트리', 'short': '느리게 갱신되는 세그먼트 트리'}, {'language': 'en', 'name': 'segment tree with lazy propagation', 'short': 'lazyprop'}, {'language': 'ja', 'name': '遅延評価セグメント木', 'short': '遅延評価セグ木'}], 'aliases': [{'alias': '레이지'}, {'alias': '레이지프로퍼게이션'}, {'alias': '레이지프로파게이션'}, {'alias': '구간트리'}, {'alias': 'fenwick'}, {'alias': '펜윅'}]}, {'key': 'segtree', 'isMeta': False, 'bojTagId': 65, 'problemCount': 1289, 'displayNames': [{'language': 'ko', 'name': '세그먼트 트리', 'short': '세그먼트 트리'}, {'language': 'en', 'name': 'segment tree', 'short': 'segtree'}, {'language': 'ja', 'name': 'セグメント木', 'short': 'セグ木'}], 'aliases': [{'alias': '구간트리'}, {'alias': '세그트리'}, {'alias': 'fenwick'}, {'alias': '펜윅'}]}, {'key': 'sweeping', 'isMeta': False, 'bojTagId': 106, 'problemCount': 469, 'displayNames': [{'language': 'ko', 'name': '스위핑', 'short': '스위핑'}, {'language': 'en', 'name': 'sweeping', 'short': 'sweeping'}, {'language': 'ja', 'name': '平面走査', 'short': '平面走査'}], 'aliases': [{'alias': '라인 스위핑'}]}]",{}
18757,Evil Subsequence,"[{'language': 'en', 'languageDisplayName': 'en', 'title': 'Evil Subsequence', 'isOriginal': True}]",True,False,4,24,2,False,False,False,1.0,True,[],{}
18758,Fast as Ryser,"[{'language': 'en', 'languageDisplayName': 'en', 'title': 'Fast as Ryser', 'isOriginal': True}]",True,False,17,28,3,False,False,False,2.4118,True,"[{'key': 'ad_hoc', 'isMeta': False, 'bojTagId': 109, 'problemCount': 1448, 'displayNames': [{'language': 'ko', 'name': '애드 혹', 'short': '애드 혹'}, {'language': 'en', 'name': 'ad-hoc', 'short': 'ad-hoc'}, {'language': 'ja', 'name': 'アドホック', 'short': 'アドホック'}], 'aliases': []}, {'key': 'bitmask', 'isMeta': False, 'bojTagId': 14, 'problemCount': 717, 'displayNames': [{'language': 'ko', 'name': '비트마스킹', 'short': '비트마스킹'}, {'language': 'en', 'name': 'bitmask', 'short': 'bitmask'}, {'language': 'ja', 'name': 'ビット表現', 'short': 'ビット表現'}], 'aliases': [{'alias': '비트필드'}, {'alias': '비트마스크'}]}, {'key': 'dp', 'isMeta': False, 'bojTagId': 25, 'problemCount': 3982, 'displayNames': [{'language': 'ko', 'name': '다이나믹 프로그래밍', 'short': '다이나믹 프로그래밍'}, {'language': 'en', 'name': 'dynamic programming', 'short': 'dp'}, {'language': 'ja', 'name': '動的計画法', 'short': 'dp'}], 'aliases': [{'alias': '동적계획법'}, {'alias': '동적 계획법'}, {'alias': '다이나믹프로그래밍'}]}, {'key': 'dp_bitfield', 'isMeta': False, 'bojTagId': 87, 'problemCount': 299, 'displayNames': [{'language': 'ko', 'name': '비트필드를 이용한 다이나믹 프로그래밍', 'short': '비트필드를 이용한 다이나믹 프로그래밍'}, {'language': 'en', 'name': 'dynamic programming using bitfield', 'short': 'bitfield dp'}, {'language': 'ja', 'name': 'ビットを使用した動的計画法', 'short': 'ビットdp'}], 'aliases': [{'alias': '동적계획법'}, {'alias': '비트마스크'}, {'alias': '비트dp'}]}, {'key': 'graphs', 'isMeta': False, 'bojTagId': 7, 'problemCount': 3637, 'displayNames': [{'language': 'ko', 'name': '그래프 이론', 'short': '그래프 이론'}, {'language': 'en', 'name': 'graph theory', 'short': 'graph'}, {'language': 'ja', 'name': 'グラフ理論', 'short': 'グラフ'}], 'aliases': [{'alias': '그래프이론'}, {'alias': '그래프'}]}]",{}
18759,Geometry PTSD,"[{'language': 'en', 'languageDisplayName': 'en', 'title': 'Geometry PTSD', 'isOriginal': True}]",True,False,24,24,11,False,False,False,4.3333,True,"[{'key': 'constructive', 'isMeta': False, 'bojTagId': 128, 'problemCount': 986, 'displayNames': [{'language': 'ko', 'name': '해 구성하기', 'short': '해 구성하기'}, {'language': 'en', 'name': 'constructive', 'short': 'constructive'}, {'language': 'ja', 'name': '構成的', 'short': '構成的'}], 'aliases': [{'alias': 'constructive'}, {'alias': '컨스트럭티브'}, {'alias': '구성적'}]}, {'key': 'linear_algebra', 'isMeta': False, 'bojTagId': 144, 'problemCount': 176, 'displayNames': [{'language': 'ko', 'name': '선형대수학', 'short': '선형대수학'}, {'language': 'en', 'name': 'linear algebra', 'short': 'linear algebra'}, {'language': 'ja', 'name': '線形代数', 'short': '線代'}], 'aliases': [{'alias': '선형대수'}]}, {'key': 'math', 'isMeta': False, 'bojTagId': 124, 'problemCount': 6275, 'displayNames': [{'language': 'ko', 'name': '수학', 'short': '수학'}, {'language': 'en', 'name': 'mathematics', 'short': 'math'}, {'language': 'ja', 'name': '数学', 'short': '数学'}], 'aliases': []}]",{}
18760,Heavy Stones,"[{'language': 'en', 'languageDisplayName': 'en', 'title': 'Heavy Stones', 'isOriginal': True}]",True,False,24,26,4,False,False,False,1.8333,True,"[{'key': 'binary_search', 'isMeta': False, 'bojTagId': 12, 'problemCount': 1206, 'displayNames': [{'language': 'ko', 'name': '이분 탐색', 'short': '이분 탐색'}, {'language': 'en', 'name': 'binary search', 'short': 'binary search'}, {'language': 'ja', 'name': '二分探索', 'short': '二分探索'}], 'aliases': [{'alias': '이분탐색'}, {'alias': '이진탐색'}]}, {'key': 'convex_hull', 'isMeta': False, 'bojTagId': 20, 'problemCount': 178, 'displayNames': [{'language': 'ko', 'name': '볼록 껍질', 'short': '볼록 껍질'}, {'language': 'en', 'name': 'convex hull', 'short': 'convex hull'}, {'language': 'ja', 'name': '凸包', 'short': '凸包'}], 'aliases': [{'alias': '컨벡스헐'}]}, {'key': 'data_structures', 'isMeta': False, 'bojTagId': 175, 'problemCount': 3772, 'displayNames': [{'language': 'ko', 'name': '자료 구조', 'short': '자료 구조'}, {'language': 'en', 'name': 'data structures', 'short': 'ds'}, {'language': 'ja', 'name': 'データ構造', 'short': 'ds'}], 'aliases': [{'alias': '자료구조'}, {'alias': '자구'}]}, {'key': 'geometry', 'isMeta': False, 'bojTagId': 100, 'problemCount': 1482, 'displayNames': [{'language': 'ko', 'name': '기하학', 'short': '기하학'}, {'language': 'en', 'name': 'geometry', 'short': 'geom'}, {'language': 'ja', 'name': '幾何学', 'short': '幾何'}], 'aliases': []}, {'key': 'math', 'isMeta': False, 'bojTagId': 124, 'problemCount': 6275, 'displayNames': [{'language': 'ko', 'name': '수학', 'short': '수학'}, {'language': 'en', 'name': 'mathematics', 'short': 'math'}, {'language': 'ja', 'name': '数学', 'short': '数学'}], 'aliases': []}, {'key': 'stack', 'isMeta': False, 'bojTagId': 71, 'problemCount': 372, 'displayNames': [{'language': 'ko', 'name': '스택', 'short': '스택'}, {'language': 'en', 'name': 'stack', 'short': 'stack'}, {'language': 'ja', 'name': 'スタック', 'short': 'スタック'}], 'aliases': []}]",{}
18761,Interesting Game,"[{'language': 'en', 'languageDisplayName': 'en', 'title': 'Interesting Game', 'isOriginal': True}]",True,False,1,0,0,False,False,False,3.0,True,[],{}
18762,Junk Problem,"[{'language': 'en', 'languageDisplayName': 'en', 'title': 'Junk Problem', 'isOriginal': True}]",True,False,28,27,12,False,False,False,3.5,True,"[{'key': 'ad_hoc', 'isMeta': False, 'bojTagId': 109, 'problemCount': 1448, 'displayNames': [{'language': 'ko', 'name': '애드 혹', 'short': '애드 혹'}, {'language': 'en', 'name': 'ad-hoc', 'short': 'ad-hoc'}, {'language': 'ja', 'name': 'アドホック', 'short': 'アドホック'}], 'aliases': []}, {'key': 'constructive', 'isMeta': False, 'bojTagId': 128, 'problemCount': 986, 'displayNames': [{'language': 'ko', 'name': '해 구성하기', 'short': '해 구성하기'}, {'language': 'en', 'name': 'constructive', 'short': 'constructive'}, {'language': 'ja', 'name': '構成的', 'short': '構成的'}], 'aliases': [{'alias': 'constructive'}, {'alias': '컨스트럭티브'}, {'alias': '구성적'}]}, {'key': 'math', 'isMeta': False, 'bojTagId': 124, 'problemCount': 6275, 'displayNames': [{'language': 'ko', 'name': '수학', 'short': '수학'}, {'language': 'en', 'name': 'mathematics', 'short': 'math'}, {'language': 'ja', 'name': '数学', 'short': '数学'}], 'aliases': []}]",{}
18763,Knowledge-Oriented Problem,"[{'language': 'en', 'languageDisplayName': 'en', 'title': 'Knowledge-Oriented Problem', 'isOriginal': True}]",True,False,13,30,6,False,False,False,3.1538,True,"[{'key': 'combinatorics', 'isMeta': False, 'bojTagId': 6, 'problemCount': 895, 'displayNames': [{'language': 'ko', 'name': '조합론', 'short': '조합론'}, {'language': 'en', 'name': 'combinatorics', 'short': 'combinatorics'}, {'language': 'ja', 'name': '組み合わせ', 'short': '組み合わせ'}], 'aliases': [{'alias': 'combination'}, {'alias': 'permutation'}, {'alias': 'probability'}, {'alias': '확률'}, {'alias': '순열'}]}, {'key': 'exponentiation_by_squaring', 'isMeta': False, 'bojTagId': 39, 'problemCount': 276, 'displayNames': [{'language': 'ko', 'name': '분할 정복을 이용한 거듭제곱', 'short': '분할 정복을 이용한 거듭제곱'}, {'language': 'en', 'name': 'exponentiation by squaring', 'short': 'exponentiation by squaring'}, {'language': 'ja', 'name': '二乗法によるべき乗', 'short': '二乗法によるべき乗'}], 'aliases': [{'alias': '거듭제곱'}, {'alias': '제곱'}, {'alias': 'power'}, {'alias': 'square'}]}, {'key': 'graphs', 'isMeta': False, 'bojTagId': 7, 'problemCount': 3637, 'displayNames': [{'language': 'ko', 'name': '그래프 이론', 'short': '그래프 이론'}, {'language': 'en', 'name': 'graph theory', 'short': 'graph'}, {'language': 'ja', 'name': 'グラフ理論', 'short': 'グラフ'}], 'aliases': [{'alias': '그래프이론'}, {'alias': '그래프'}]}, {'key': 'linear_algebra', 'isMeta': False, 'bojTagId': 144, 'problemCount': 176, 'displayNames': [{'language': 'ko', 'name': '선형대수학', 'short': '선형대수학'}, {'language': 'en', 'name': 'linear algebra', 'short': 'linear algebra'}, {'language': 'ja', 'name': '線形代数', 'short': '線代'}], 'aliases': [{'alias': '선형대수'}]}, {'key': 'math', 'isMeta': False, 'bojTagId': 124, 'problemCount': 6275, 'displayNames': [{'language': 'ko', 'name': '수학', 'short': '수학'}, {'language': 'en', 'name': 'mathematics', 'short': 'math'}, {'language': 'ja', 'name': '数学', 'short': '数学'}], 'aliases': []}]",{}
18764,LCM Sum,"[{'language': 'en', 'languageDisplayName': 'en', 'title': 'LCM Sum', 'isOriginal': True}]",True,False,7,28,2,False,False,False,2.7143,True,"[{'key': 'combinatorics', 'isMeta': False, 'bojTagId': 6, 'problemCount': 895, 'displayNames': [{'language': 'ko', 'name': '조합론', 'short': '조합론'}, {'language': 'en', 'name': 'combinatorics', 'short': 'combinatorics'}, {'language': 'ja', 'name': '組み合わせ', 'short': '組み合わせ'}], 'aliases': [{'alias': 'combination'}, {'alias': 'permutation'}, {'alias': 'probability'}, {'alias': '확률'}, {'alias': '순열'}]}, {'key': 'math', 'isMeta': False, 'bojTagId': 124, 'problemCount': 6275, 'displayNames': [{'language': 'ko', 'name': '수학', 'short': '수학'}, {'language': 'en', 'name': 'mathematics', 'short': 'math'}, {'language': 'ja', 'name': '数学', 'short': '数学'}], 'aliases': []}, {'key': 'mitm', 'isMeta': False, 'bojTagId': 46, 'problemCount': 93, 'displayNames': [{'language': 'ko', 'name': '중간에서 만나기', 'short': '중간에서 만나기'}, {'language': 'en', 'name': 'meet in the middle', 'short': 'meet in the middle'}, {'language': 'ja', 'name': '半分全列挙', 'short': '半分全列挙'}], 'aliases': []}, {'key': 'number_theory', 'isMeta': False, 'bojTagId': 95, 'problemCount': 1419, 'displayNames': [{'language': 'ko', 'name': '정수론', 'short': '정수론'}, {'language': 'en', 'name': 'number theory', 'short': 'number theory'}, {'language': 'ja', 'name': '整数論', 'short': '整数論'}], 'aliases': []}]",{}
18765,정*수-를+[만들자!],"[{'language': 'en', 'languageDisplayName': 'en', 'title': 'Make*me-an+[integer!]', 'isOriginal': True}, {'language': 'ko', 'languageDisplayName': 'ko', 'title': '정*수-를+[만들자!]', 'isOriginal': False}]",True,False,66,19,26,False,False,False,4.1818,True,"[{'key': 'ad_hoc', 'isMeta': False, 'bojTagId': 109, 'problemCount': 1448, 'displayNames': [{'language': 'ko', 'name': '애드 혹', 'short': '애드 혹'}, {'language': 'en', 'name': 'ad-hoc', 'short': 'ad-hoc'}, {'language': 'ja', 'name': 'アドホック', 'short': 'アドホック'}], 'aliases': []}, {'key': 'dp', 'isMeta': False, 'bojTagId': 25, 'problemCount': 3982, 'displayNames': [{'language': 'ko', 'name': '다이나믹 프로그래밍', 'short': '다이나믹 프로그래밍'}, {'language': 'en', 'name': 'dynamic programming', 'short': 'dp'}, {'language': 'ja', 'name': '動的計画法', 'short': 'dp'}], 'aliases': [{'alias': '동적계획법'}, {'alias': '동적 계획법'}, {'alias': '다이나믹프로그래밍'}]}, {'key': 'heuristics', 'isMeta': False, 'bojTagId': 142, 'problemCount': 102, 'displayNames': [{'language': 'ko', 'name': '휴리스틱', 'short': '휴리스틱'}, {'language': 'en', 'name': 'heuristics', 'short': 'heuristics'}, {'language': 'ja', 'name': 'ヒューリスティック', 'short': 'ヒューリスティック'}], 'aliases': []}, {'key': 'implementation', 'isMeta': False, 'bojTagId': 102, 'problemCount': 5468, 'displayNames': [{'language': 'ko', 'name': '구현', 'short': '구현'}, {'language': 'en', 'name': 'implementation', 'short': 'impl'}, {'language': 'ja', 'name': '実装', 'short': 'impl'}], 'aliases': []}, {'key': 'precomputation', 'isMeta': False, 'bojTagId': 172, 'problemCount': 204, 'displayNames': [{'language': 'ko', 'name': '런타임 전의 전처리', 'short': '런타임 전의 전처리'}, {'language': 'en', 'name': 'precomputation', 'short': 'precomputation'}, {'language': 'ja', 'name': '事前計算', 'short': '事前計算'}], 'aliases': [{'alias': 'lookup table'}, {'alias': 'db'}, {'alias': 'database'}]}]",{}
18766,카드 바꿔치기,"[{'language': 'ko', 'languageDisplayName': 'ko', 'title': '카드 바꿔치기', 'isOriginal': True}, {'language': 'en', 'languageDisplayName': 'en', 'title': 'Card Game', 'isOriginal': False}]",True,False,336,5,18,False,False,False,1.3185,True,"[{'key': 'implementation', 'isMeta': False, 'bojTagId': 102, 'problemCount': 5468, 'displayNames': [{'language': 'ko', 'name': '구현', 'short': '구현'}, {'language': 'en', 'name': 'implementation', 'short': 'impl'}, {'language': 'ja', 'name': '実装', 'short': 'impl'}], 'aliases': []}, {'key': 'sorting', 'isMeta': False, 'bojTagId': 97, 'problemCount': 1833, 'displayNames': [{'language': 'ko', 'name': '정렬', 'short': '정렬'}, {'language': 'en', 'name': 'sorting', 'short': 'sorting'}, {'language': 'ja', 'name': 'ソート', 'short': 'ソート'}], 'aliases': []}]",{}
18767,조교 배치,"[{'language': 'ko', 'languageDisplayName': 'ko', 'title': '조교 배치', 'isOriginal': True}, {'language': 'en', 'languageDisplayName': 'en', 'title': 'Science Fair', 'isOriginal': False}]",True,False,36,18,16,False,False,False,5.3889,True,"[{'key': 'flow', 'isMeta': False, 'bojTagId': 45, 'problemCount': 325, 'displayNames': [{'language': 'ko', 'name': '최대 유량', 'short': '최대 유량'}, {'language': 'en', 'name': 'maximum flow', 'short': 'flow'}, {'language': 'ja', 'name': '最大フロー', 'short': 'flow'}], 'aliases': [{'alias': 'dinic'}, {'alias': 'dinitz'}, {'alias': 'ford'}, {'alias': 'fulkerson'}, {'alias': 'fordfulkerson'}, {'alias': '디닉'}, {'alias': '디니츠'}, {'alias': '포드풀커슨'}, {'alias': '플로우'}]}]",{}
18768,팀 배정,"[{'language': 'ko', 'languageDisplayName': 'ko', 'title': '팀 배정', 'isOriginal': True}, {'language': 'en', 'languageDisplayName': 'en', 'title': 'Team Matching', 'isOriginal': False}]",True,False,61,13,11,False,False,False,2.7541,True,"[{'key': 'greedy', 'isMeta': False, 'bojTagId': 33, 'problemCount': 2504, 'displayNames': [{'language': 'ko', 'name': '그리디 알고리즘', 'short': '그리디 알고리즘'}, {'language': 'en', 'name': 'greedy', 'short': 'greedy'}, {'language': 'ja', 'name': '貪欲法', 'short': '貪欲法'}], 'aliases': [{'alias': '탐욕법'}]}, {'key': 'sorting', 'isMeta': False, 'bojTagId': 97, 'problemCount': 1833, 'displayNames': [{'language': 'ko', 'name': '정렬', 'short': '정렬'}, {'language': 'en', 'name': 'sorting', 'short': 'sorting'}, {'language': 'ja', 'name': 'ソート', 'short': 'ソート'}], 'aliases': []}]",{}
18769,그리드 네트워크,"[{'language': 'en', 'languageDisplayName': 'en', 'title': 'Grid Network', 'isOriginal': False}, {'language': 'ko', 'languageDisplayName': 'ko', 'title': '그리드 네트워크', 'isOriginal': True}]",True,False,228,12,24,False,False,False,2.3816,True,"[{'key': 'graphs', 'isMeta': False, 'bojTagId': 7, 'problemCount': 3637, 'displayNames': [{'language': 'ko', 'name': '그래프 이론', 'short': '그래프 이론'}, {'language': 'en', 'name': 'graph theory', 'short': 'graph'}, {'language': 'ja', 'name': 'グラフ理論', 'short': 'グラフ'}], 'aliases': [{'alias': '그래프이론'}, {'alias': '그래프'}]}, {'key': 'mst', 'isMeta': False, 'bojTagId': 49, 'problemCount': 202, 'displayNames': [{'language': 'ko', 'name': '최소 스패닝 트리', 'short': '최소 스패닝 트리'}, {'language': 'en', 'name': 'minimum spanning tree', 'short': 'mst'}, {'language': 'ja', 'name': '最小全域木', 'short': '最小全域木'}], 'aliases': []}]",{}
18770,불안정한 물질,"[{'language': 'ko', 'languageDisplayName': 'ko', 'title': '불안정한 물질', 'isOriginal': True}, {'language': 'en', 'languageDisplayName': 'en', 'title': 'Unstable Materials', 'isOriginal': False}]",True,False,20,19,8,False,False,False,2.75,True,"[{'key': 'dfs', 'isMeta': False, 'bojTagId': 127, 'problemCount': 807, 'displayNames': [{'language': 'ko', 'name': '깊이 우선 탐색', 'short': '깊이 우선 탐색'}, {'language': 'en', 'name': 'depth-first search', 'short': 'dfs'}, {'language': 'ja', 'name': '深さ優先探索', 'short': 'dfs'}], 'aliases': [{'alias': 'depth first'}, {'alias': 'depthfirst'}]}, {'key': 'dp', 'isMeta': False, 'bojTagId': 25, 'problemCount': 3982, 'displayNames': [{'language': 'ko', 'name': '다이나믹 프로그래밍', 'short': '다이나믹 프로그래밍'}, {'language': 'en', 'name': 'dynamic programming', 'short': 'dp'}, {'language': 'ja', 'name': '動的計画法', 'short': 'dp'}], 'aliases': [{'alias': '동적계획법'}, {'alias': '동적 계획법'}, {'alias': '다이나믹프로그래밍'}]}, {'key': 'dp_tree', 'isMeta': False, 'bojTagId': 92, 'problemCount': 409, 'displayNames': [{'language': 'ko', 'name': '트리에서의 다이나믹 프로그래밍', 'short': '트리에서의 다이나믹 프로그래밍'}, {'language': 'en', 'name': 'dynamic programming on trees', 'short': 'tree dp'}, {'language': 'ja', 'name': '木上の動的計画法', 'short': 'tree dp'}], 'aliases': [{'alias': '트리dp'}]}, {'key': 'graphs', 'isMeta': False, 'bojTagId': 7, 'problemCount': 3637, 'displayNames': [{'language': 'ko', 'name': '그래프 이론', 'short': '그래프 이론'}, {'language': 'en', 'name': 'graph theory', 'short': 'graph'}, {'language': 'ja', 'name': 'グラフ理論', 'short': 'グラフ'}], 'aliases': [{'alias': '그래프이론'}, {'alias': '그래프'}]}, {'key': 'graph_traversal', 'isMeta': False, 'bojTagId': 11, 'problemCount': 1983, 'displayNames': [{'language': 'ko', 'name': '그래프 탐색', 'short': '그래프 탐색'}, {'language': 'en', 'name': 'graph traversal', 'short': 'traversal'}, {'language': 'ja', 'name': 'グラフの探索', 'short': '横断'}], 'aliases': [{'alias': 'bfs'}, {'alias': 'dfs'}]}, {'key': 'trees', 'isMeta': False, 'bojTagId': 120, 'problemCount': 1384, 'displayNames': [{'language': 'ko', 'name': '트리', 'short': '트리'}, {'language': 'en', 'name': 'tree', 'short': 'tree'}, {'language': 'ja', 'name': '木', 'short': '木'}], 'aliases': [{'alias': 'trees'}]}]",{}
18771,오픈소스 버그 잡기,"[{'language': 'ko', 'languageDisplayName': 'ko', 'title': '오픈소스 버그 잡기', 'isOriginal': True}, {'language': 'en', 'languageDisplayName': 'en', 'title': 'LG SDK', 'isOriginal': False}]",True,False,22,21,5,False,False,False,1.9545,True,"[{'key': 'flow', 'isMeta': False, 'bojTagId': 45, 'problemCount': 325, 'displayNames': [{'language': 'ko', 'name': '최대 유량', 'short': '최대 유량'}, {'language': 'en', 'name': 'maximum flow', 'short': 'flow'}, {'language': 'ja', 'name': '最大フロー', 'short': 'flow'}], 'aliases': [{'alias': 'dinic'}, {'alias': 'dinitz'}, {'alias': 'ford'}, {'alias': 'fulkerson'}, {'alias': 'fordfulkerson'}, {'alias': '디닉'}, {'alias': '디니츠'}, {'alias': '포드풀커슨'}, {'alias': '플로우'}]}, {'key': 'mfmc', 'isMeta': False, 'bojTagId': 167, 'problemCount': 71, 'displayNames': [{'language': 'ko', 'name': '최대 유량 최소 컷 정리', 'short': '최대 유량 최소 컷 정리'}, {'language': 'en', 'name': 'max-flow min-cut theorem', 'short': 'mfmc'}, {'language': 'ja', 'name': '最大フロー最小カット定理', 'short': 'mfmc'}], 'aliases': []}]",{}
18772,Delightful (Easy),"[{'language': 'en', 'languageDisplayName': 'en', 'title': 'Delightful (Easy)', 'isOriginal': True}]",True,False,17,22,5,False,False,False,2.4118,True,"[{'key': 'ad_hoc', 'isMeta': False, 'bojTagId': 109, 'problemCount': 1448, 'displayNames': [{'language': 'ko', 'name': '애드 혹', 'short': '애드 혹'}, {'language': 'en', 'name': 'ad-hoc', 'short': 'ad-hoc'}, {'language': 'ja', 'name': 'アドホック', 'short': 'アドホック'}], 'aliases': []}, {'key': 'bitmask', 'isMeta': False, 'bojTagId': 14, 'problemCount': 717, 'displayNames': [{'language': 'ko', 'name': '비트마스킹', 'short': '비트마스킹'}, {'language': 'en', 'name': 'bitmask', 'short': 'bitmask'}, {'language': 'ja', 'name': 'ビット表現', 'short': 'ビット表現'}], 'aliases': [{'alias': '비트필드'}, {'alias': '비트마스크'}]}]",{}
18773,Delightful (Hard),"[{'language': 'en', 'languageDisplayName': 'en', 'title': 'Delightful (Hard)', 'isOriginal': True}]",True,False,12,25,6,False,False,False,2.75,True,"[{'key': 'exponentiation_by_squaring', 'isMeta': False, 'bojTagId': 39, 'problemCount': 276, 'displayNames': [{'language': 'ko', 'name': '분할 정복을 이용한 거듭제곱', 'short': '분할 정복을 이용한 거듭제곱'}, {'language': 'en', 'name': 'exponentiation by squaring', 'short': 'exponentiation by squaring'}, {'language': 'ja', 'name': '二乗法によるべき乗', 'short': '二乗法によるべき乗'}], 'aliases': [{'alias': '거듭제곱'}, {'alias': '제곱'}, {'alias': 'power'}, {'alias': 'square'}]}, {'key': 'math', 'isMeta': False, 'bojTagId': 124, 'problemCount': 6275, 'displayNames': [{'language': 'ko', 'name': '수학', 'short': '수학'}, {'language': 'en', 'name': 'mathematics', 'short': 'math'}, {'language': 'ja', 'name': '数学', 'short': '数学'}], 'aliases': []}, {'key': 'miller_rabin', 'isMeta': False, 'bojTagId': 47, 'problemCount': 23, 'displayNames': [{'language': 'ko', 'name': '밀러–라빈 소수 판별법', 'short': '밀러–라빈 소수 판별법'}, {'language': 'en', 'name': 'miller–rabin', 'short': 'miller–rabin'}, {'language': 'ja', 'name': 'ミラー–ラビン素数判定法', 'short': 'ミラー–ラビン'}], 'aliases': []}, {'key': 'number_theory', 'isMeta': False, 'bojTagId': 95, 'problemCount': 1419, 'displayNames': [{'language': 'ko', 'name': '정수론', 'short': '정수론'}, {'language': 'en', 'name': 'number theory', 'short': 'number theory'}, {'language': 'ja', 'name': '整数論', 'short': '整数論'}], 'aliases': []}, {'key': 'primality_test', 'isMeta': False, 'bojTagId': 9, 'problemCount': 318, 'displayNames': [{'language': 'ko', 'name': '소수 판정', 'short': '소수 판정'}, {'language': 'en', 'name': 'primality test', 'short': 'primality test'}, {'language': 'ja', 'name': '素数性テスト', 'short': '素数性テスト'}], 'aliases': [{'alias': '소수'}, {'alias': '소수판별'}, {'alias': '소수판정'}, {'alias': 'prime'}]}]",{}
18774,Inverting bits (Easy),"[{'language': 'en', 'languageDisplayName': 'en', 'title': 'Inverting bits (Easy)', 'isOriginal': True}]",True,False,62,11,14,False,False,False,3.4839,True,"[{'key': 'bitmask', 'isMeta': False, 'bojTagId': 14, 'problemCount': 717, 'displayNames': [{'language': 'ko', 'name': '비트마스킹', 'short': '비트마스킹'}, {'language': 'en', 'name': 'bitmask', 'short': 'bitmask'}, {'language': 'ja', 'name': 'ビット表現', 'short': 'ビット表現'}], 'aliases': [{'alias': '비트필드'}, {'alias': '비트마스크'}]}, {'key': 'constructive', 'isMeta': False, 'bojTagId': 128, 'problemCount': 986, 'displayNames': [{'language': 'ko', 'name': '해 구성하기', 'short': '해 구성하기'}, {'language': 'en', 'name': 'constructive', 'short': 'constructive'}, {'language': 'ja', 'name': '構成的', 'short': '構成的'}], 'aliases': [{'alias': 'constructive'}, {'alias': '컨스트럭티브'}, {'alias': '구성적'}]}]",{}
18775,Inverting bits (Hard),"[{'language': 'en', 'languageDisplayName': 'en', 'title': 'Inverting bits (Hard)', 'isOriginal': True}]",True,False,15,25,3,False,False,False,1.9333,True,"[{'key': 'ad_hoc', 'isMeta': False, 'bojTagId': 109, 'problemCount': 1448, 'displayNames': [{'language': 'ko', 'name': '애드 혹', 'short': '애드 혹'}, {'language': 'en', 'name': 'ad-hoc', 'short': 'ad-hoc'}, {'language': 'ja', 'name': 'アドホック', 'short': 'アドホック'}], 'aliases': []}, {'key': 'bitmask', 'isMeta': False, 'bojTagId': 14, 'problemCount': 717, 'displayNames': [{'language': 'ko', 'name': '비트마스킹', 'short': '비트마스킹'}, {'language': 'en', 'name': 'bitmask', 'short': 'bitmask'}, {'language': 'ja', 'name': 'ビット表現', 'short': 'ビット表現'}], 'aliases': [{'alias': '비트필드'}, {'alias': '비트마스크'}]}]",{}
18776,Xorshift32,"[{'language': 'ko', 'languageDisplayName': 'ko', 'title': 'Xorshift32', 'isOriginal': True}]",True,False,46,20,14,False,False,False,3.0435,True,"[{'key': 'discrete_log', 'isMeta': False, 'bojTagId': 146, 'problemCount': 9, 'displayNames': [{'language': 'ko', 'name': '이산 로그', 'short': '이산 로그'}, {'language': 'en', 'name': 'discrete logarithm', 'short': 'discrete logarithm'}, {'language': 'ja', 'name': '離散対数', 'short': '離散対数'}], 'aliases': [{'alias': 'order'}]}, {'key': 'linear_algebra', 'isMeta': False, 'bojTagId': 144, 'problemCount': 176, 'displayNames': [{'language': 'ko', 'name': '선형대수학', 'short': '선형대수학'}, {'language': 'en', 'name': 'linear algebra', 'short': 'linear algebra'}, {'language': 'ja', 'name': '線形代数', 'short': '線代'}], 'aliases': [{'alias': '선형대수'}]}, {'key': 'math', 'isMeta': False, 'bojTagId': 124, 'problemCount': 6275, 'displayNames': [{'language': 'ko', 'name': '수학', 'short': '수학'}, {'language': 'en', 'name': 'mathematics', 'short': 'math'}, {'language': 'ja', 'name': '数学', 'short': '数学'}], 'aliases': []}, {'key': 'mitm', 'isMeta': False, 'bojTagId': 46, 'problemCount': 93, 'displayNames': [{'language': 'ko', 'name': '중간에서 만나기', 'short': '중간에서 만나기'}, {'language': 'en', 'name': 'meet in the middle', 'short': 'meet in the middle'}, {'language': 'ja', 'name': '半分全列挙', 'short': '半分全列挙'}], 'aliases': []}, {'key': 'number_theory', 'isMeta': False, 'bojTagId': 95, 'problemCount': 1419, 'displayNames': [{'language': 'ko', 'name': '정수론', 'short': '정수론'}, {'language': 'en', 'name': 'number theory', 'short': 'number theory'}, {'language': 'ja', 'name': '整数論', 'short': '整数論'}], 'aliases': []}, {'key': 'precomputation', 'isMeta': False, 'bojTagId': 172, 'problemCount': 204, 'displayNames': [{'language': 'ko', 'name': '런타임 전의 전처리', 'short': '런타임 전의 전처리'}, {'language': 'en', 'name': 'precomputation', 'short': 'precomputation'}, {'language': 'ja', 'name': '事前計算', 'short': '事前計算'}], 'aliases': [{'alias': 'lookup table'}, {'alias': 'db'}, {'alias': 'database'}]}]",{}
18777,Delegation (Platinum),"[{'language': 'en', 'languageDisplayName': 'en', 'title': 'Delegation (Platinum)', 'isOriginal': True}]",True,False,60,20,18,False,False,False,3.6333,True,"[{'key': 'binary_search', 'isMeta': False, 'bojTagId': 12, 'problemCount': 1206, 'displayNames': [{'language': 'ko', 'name': '이분 탐색', 'short': '이분 탐색'}, {'language': 'en', 'name': 'binary search', 'short': 'binary search'}, {'language': 'ja', 'name': '二分探索', 'short': '二分探索'}], 'aliases': [{'alias': '이분탐색'}, {'alias': '이진탐색'}]}, {'key': 'dp', 'isMeta': False, 'bojTagId': 25, 'problemCount': 3982, 'displayNames': [{'language': 'ko', 'name': '다이나믹 프로그래밍', 'short': '다이나믹 프로그래밍'}, {'language': 'en', 'name': 'dynamic programming', 'short': 'dp'}, {'language': 'ja', 'name': '動的計画法', 'short': 'dp'}], 'aliases': [{'alias': '동적계획법'}, {'alias': '동적 계획법'}, {'alias': '다이나믹프로그래밍'}]}, {'key': 'dp_tree', 'isMeta': False, 'bojTagId': 92, 'problemCount': 409, 'displayNames': [{'language': 'ko', 'name': '트리에서의 다이나믹 프로그래밍', 'short': '트리에서의 다이나믹 프로그래밍'}, {'language': 'en', 'name': 'dynamic programming on trees', 'short': 'tree dp'}, {'language': 'ja', 'name': '木上の動的計画法', 'short': 'tree dp'}], 'aliases': [{'alias': '트리dp'}]}, {'key': 'greedy', 'isMeta': False, 'bojTagId': 33, 'problemCount': 2504, 'displayNames': [{'language': 'ko', 'name': '그리디 알고리즘', 'short': '그리디 알고리즘'}, {'language': 'en', 'name': 'greedy', 'short': 'greedy'}, {'language': 'ja', 'name': '貪欲法', 'short': '貪欲法'}], 'aliases': [{'alias': '탐욕법'}]}, {'key': 'parametric_search', 'isMeta': False, 'bojTagId': 170, 'problemCount': 368, 'displayNames': [{'language': 'ko', 'name': '매개 변수 탐색', 'short': '매개 변수 탐색'}, {'language': 'en', 'name': 'parametric search', 'short': 'parametric search'}, {'language': 'ja', 'name': 'parametric search', 'short': 'parametric search'}], 'aliases': [{'alias': '파라메트릭'}]}, {'key': 'trees', 'isMeta': False, 'bojTagId': 120, 'problemCount': 1384, 'displayNames': [{'language': 'ko', 'name': '트리', 'short': '트리'}, {'language': 'en', 'name': 'tree', 'short': 'tree'}, {'language': 'ja', 'name': '木', 'short': '木'}], 'aliases': [{'alias': 'trees'}]}]",{}
18778,Equilateral Triangles,"[{'language': 'en', 'languageDisplayName': 'en', 'title': 'Equilateral Triangles', 'isOriginal': True}]",True,False,32,19,10,False,False,False,2.2188,True,"[{'key': 'prefix_sum', 'isMeta': False, 'bojTagId': 139, 'problemCount': 953, 'displayNames': [{'language': 'ko', 'name': '누적 합', 'short': '누적 합'}, {'language': 'en', 'name': 'prefix sum', 'short': 'prefix sum'}, {'language': 'ja', 'name': '累積和', 'short': '累積和'}], 'aliases': [{'alias': '구간합'}, {'alias': '부분합'}, {'alias': 'rangesum'}]}]",{}
18779,Help Yourself (Platinum),"[{'language': 'en', 'languageDisplayName': 'en', 'title': 'Help Yourself (Platinum)', 'isOriginal': True}]",True,False,17,23,7,False,False,False,3.2941,True,"[{'key': 'combinatorics', 'isMeta': False, 'bojTagId': 6, 'problemCount': 895, 'displayNames': [{'language': 'ko', 'name': '조합론', 'short': '조합론'}, {'language': 'en', 'name': 'combinatorics', 'short': 'combinatorics'}, {'language': 'ja', 'name': '組み合わせ', 'short': '組み合わせ'}], 'aliases': [{'alias': 'combination'}, {'alias': 'permutation'}, {'alias': 'probability'}, {'alias': '확률'}, {'alias': '순열'}]}, {'key': 'data_structures', 'isMeta': False, 'bojTagId': 175, 'problemCount': 3772, 'displayNames': [{'language': 'ko', 'name': '자료 구조', 'short': '자료 구조'}, {'language': 'en', 'name': 'data structures', 'short': 'ds'}, {'language': 'ja', 'name': 'データ構造', 'short': 'ds'}], 'aliases': [{'alias': '자료구조'}, {'alias': '자구'}]}, {'key': 'dp', 'isMeta': False, 'bojTagId': 25, 'problemCount': 3982, 'displayNames': [{'language': 'ko', 'name': '다이나믹 프로그래밍', 'short': '다이나믹 프로그래밍'}, {'language': 'en', 'name': 'dynamic programming', 'short': 'dp'}, {'language': 'ja', 'name': '動的計画法', 'short': 'dp'}], 'aliases': [{'alias': '동적계획법'}, {'alias': '동적 계획법'}, {'alias': '다이나믹프로그래밍'}]}, {'key': 'lazyprop', 'isMeta': False, 'bojTagId': 66, 'problemCount': 300, 'displayNames': [{'language': 'ko', 'name': '느리게 갱신되는 세그먼트 트리', 'short': '느리게 갱신되는 세그먼트 트리'}, {'language': 'en', 'name': 'segment tree with lazy propagation', 'short': 'lazyprop'}, {'language': 'ja', 'name': '遅延評価セグメント木', 'short': '遅延評価セグ木'}], 'aliases': [{'alias': '레이지'}, {'alias': '레이지프로퍼게이션'}, {'alias': '레이지프로파게이션'}, {'alias': '구간트리'}, {'alias': 'fenwick'}, {'alias': '펜윅'}]}, {'key': 'math', 'isMeta': False, 'bojTagId': 124, 'problemCount': 6275, 'displayNames': [{'language': 'ko', 'name': '수학', 'short': '수학'}, {'language': 'en', 'name': 'mathematics', 'short': 'math'}, {'language': 'ja', 'name': '数学', 'short': '数学'}], 'aliases': []}, {'key': 'segtree', 'isMeta': False, 'bojTagId': 65, 'problemCount': 1289, 'displayNames': [{'language': 'ko', 'name': '세그먼트 트리', 'short': '세그먼트 트리'}, {'language': 'en', 'name': 'segment tree', 'short': 'segtree'}, {'language': 'ja', 'name': 'セグメント木', 'short': 'セグ木'}], 'aliases': [{'alias': '구간트리'}, {'alias': '세그트리'}, {'alias': 'fenwick'}, {'alias': '펜윅'}]}]",{}
18780,Timeline,"[{'language': 'en', 'languageDisplayName': 'en', 'title': 'Timeline', 'isOriginal': True}]",True,False,171,13,41,False,False,False,1.8246,True,"[{'key': 'dag', 'isMeta': False, 'bojTagId': 213, 'problemCount': 187, 'displayNames': [{'language': 'ko', 'name': '방향 비순환 그래프', 'short': 'dag'}, {'language': 'en', 'name': 'directed acyclic graph', 'short': 'dag'}, {'language': 'ja', 'name': '有向非巡回グラフ', 'short': '有向非巡回グラフ'}], 'aliases': []}, {'key': 'dp', 'isMeta': False, 'bojTagId': 25, 'problemCount': 3982, 'displayNames': [{'language': 'ko', 'name': '다이나믹 프로그래밍', 'short': '다이나믹 프로그래밍'}, {'language': 'en', 'name': 'dynamic programming', 'short': 'dp'}, {'language': 'ja', 'name': '動的計画法', 'short': 'dp'}], 'aliases': [{'alias': '동적계획법'}, {'alias': '동적 계획법'}, {'alias': '다이나믹프로그래밍'}]}, {'key': 'graphs', 'isMeta': False, 'bojTagId': 7, 'problemCount': 3637, 'displayNames': [{'language': 'ko', 'name': '그래프 이론', 'short': '그래프 이론'}, {'language': 'en', 'name': 'graph theory', 'short': 'graph'}, {'language': 'ja', 'name': 'グラフ理論', 'short': 'グラフ'}], 'aliases': [{'alias': '그래프이론'}, {'alias': '그래프'}]}, {'key': 'topological_sorting', 'isMeta': False, 'bojTagId': 78, 'problemCount': 174, 'displayNames': [{'language': 'ko', 'name': '위상 정렬', 'short': '위상 정렬'}, {'language': 'en', 'name': 'topological sorting', 'short': 'topological sorting'}, {'language': 'ja', 'name': 'トポロジカルソート', 'short': 'トポロジカルソート'}], 'aliases': []}]",{}
18781,Help Yourself (Gold),"[{'language': 'en', 'languageDisplayName': 'en', 'title': 'Help Yourself (Gold)', 'isOriginal': True}]",True,False,106,18,23,False,False,False,1.8962,True,"[{'key': 'combinatorics', 'isMeta': False, 'bojTagId': 6, 'problemCount': 895, 'displayNames': [{'language': 'ko', 'name': '조합론', 'short': '조합론'}, {'language': 'en', 'name': 'combinatorics', 'short': 'combinatorics'}, {'language': 'ja', 'name': '組み合わせ', 'short': '組み合わせ'}], 'aliases': [{'alias': 'combination'}, {'alias': 'permutation'}, {'alias': 'probability'}, {'alias': '확률'}, {'alias': '순열'}]}, {'key': 'data_structures', 'isMeta': False, 'bojTagId': 175, 'problemCount': 3772, 'displayNames': [{'language': 'ko', 'name': '자료 구조', 'short': '자료 구조'}, {'language': 'en', 'name': 'data structures', 'short': 'ds'}, {'language': 'ja', 'name': 'データ構造', 'short': 'ds'}], 'aliases': [{'alias': '자료구조'}, {'alias': '자구'}]}, {'key': 'math', 'isMeta': False, 'bojTagId': 124, 'problemCount': 6275, 'displayNames': [{'language': 'ko', 'name': '수학', 'short': '수학'}, {'language': 'en', 'name': 'mathematics', 'short': 'math'}, {'language': 'ja', 'name': '数学', 'short': '数学'}], 'aliases': []}, {'key': 'prefix_sum', 'isMeta': False, 'bojTagId': 139, 'problemCount': 953, 'displayNames': [{'language': 'ko', 'name': '누적 합', 'short': '누적 합'}, {'language': 'en', 'name': 'prefix sum', 'short': 'prefix sum'}, {'language': 'ja', 'name': '累積和', 'short': '累積和'}], 'aliases': [{'alias': '구간합'}, {'alias': '부분합'}, {'alias': 'rangesum'}]}, {'key': 'segtree', 'isMeta': False, 'bojTagId': 65, 'problemCount': 1289, 'displayNames': [{'language': 'ko', 'name': '세그먼트 트리', 'short': '세그먼트 트리'}, {'language': 'en', 'name': 'segment tree', 'short': 'segtree'}, {'language': 'ja', 'name': 'セグメント木', 'short': 'セグ木'}], 'aliases': [{'alias': '구간트리'}, {'alias': '세그트리'}, {'alias': 'fenwick'}, {'alias': '펜윅'}]}, {'key': 'sorting', 'isMeta': False, 'bojTagId': 97, 'problemCount': 1833, 'displayNames': [{'language': 'ko', 'name': '정렬', 'short': '정렬'}, {'language': 'en', 'name': 'sorting', 'short': 'sorting'}, {'language': 'ja', 'name': 'ソート', 'short': 'ソート'}], 'aliases': []}]",{}
18782,Delegation (Gold),"[{'language': 'en', 'languageDisplayName': 'en', 'title': 'Delegation (Gold)', 'isOriginal': True}]",True,False,90,19,25,False,False,False,2.4667,True,"[{'key': 'dp', 'isMeta': False, 'bojTagId': 25, 'problemCount': 3982, 'displayNames': [{'language': 'ko', 'name': '다이나믹 프로그래밍', 'short': '다이나믹 프로그래밍'}, {'language': 'en', 'name': 'dynamic programming', 'short': 'dp'}, {'language': 'ja', 'name': '動的計画法', 'short': 'dp'}], 'aliases': [{'alias': '동적계획법'}, {'alias': '동적 계획법'}, {'alias': '다이나믹프로그래밍'}]}, {'key': 'dp_tree', 'isMeta': False, 'bojTagId': 92, 'problemCount': 409, 'displayNames': [{'language': 'ko', 'name': '트리에서의 다이나믹 프로그래밍', 'short': '트리에서의 다이나믹 프로그래밍'}, {'language': 'en', 'name': 'dynamic programming on trees', 'short': 'tree dp'}, {'language': 'ja', 'name': '木上の動的計画法', 'short': 'tree dp'}], 'aliases': [{'alias': '트리dp'}]}, {'key': 'graphs', 'isMeta': False, 'bojTagId': 7, 'problemCount': 3637, 'displayNames': [{'language': 'ko', 'name': '그래프 이론', 'short': '그래프 이론'}, {'language': 'en', 'name': 'graph theory', 'short': 'graph'}, {'language': 'ja', 'name': 'グラフ理論', 'short': 'グラフ'}], 'aliases': [{'alias': '그래프이론'}, {'alias': '그래프'}]}, {'key': 'graph_traversal', 'isMeta': False, 'bojTagId': 11, 'problemCount': 1983, 'displayNames': [{'language': 'ko', 'name': '그래프 탐색', 'short': '그래프 탐색'}, {'language': 'en', 'name': 'graph traversal', 'short': 'traversal'}, {'language': 'ja', 'name': 'グラフの探索', 'short': '横断'}], 'aliases': [{'alias': 'bfs'}, {'alias': 'dfs'}]}, {'key': 'trees', 'isMeta': False, 'bojTagId': 120, 'problemCount': 1384, 'displayNames': [{'language': 'ko', 'name': '트리', 'short': '트리'}, {'language': 'en', 'name': 'tree', 'short': 'tree'}, {'language': 'ja', 'name': '木', 'short': '木'}], 'aliases': [{'alias': 'trees'}]}]",{}
18783,Swapity Swapity Swap,"[{'language': 'en', 'languageDisplayName': 'en', 'title': 'Swapity Swapity Swap', 'isOriginal': True}]",True,False,291,14,54,False,False,False,2.3299,True,"[{'key': 'data_structures', 'isMeta': False, 'bojTagId': 175, 'problemCount': 3772, 'displayNames': [{'language': 'ko', 'name': '자료 구조', 'short': '자료 구조'}, {'language': 'en', 'name': 'data structures', 'short': 'ds'}, {'language': 'ja', 'name': 'データ構造', 'short': 'ds'}], 'aliases': [{'alias': '자료구조'}, {'alias': '자구'}]}, {'key': 'permutation_cycle_decomposition', 'isMeta': False, 'bojTagId': 171, 'problemCount': 88, 'displayNames': [{'language': 'ko', 'name': '순열 사이클 분할', 'short': '순열 사이클 분할'}, {'language': 'en', 'name': 'permutation cycle decomposition', 'short': 'permutation cycle decomposition'}, {'language': 'ja', 'name': '順列サイクル分解', 'short': '順列サイクル分解'}], 'aliases': []}, {'key': 'sparse_table', 'isMeta': False, 'bojTagId': 84, 'problemCount': 138, 'displayNames': [{'language': 'ko', 'name': '희소 배열', 'short': '희소 배열'}, {'language': 'en', 'name': 'sparse table', 'short': 'sparse table'}, {'language': 'ja', 'name': 'sparse table', 'short': 'sparse table'}], 'aliases': [{'alias': '스파스어레이'}, {'alias': 'sparse table'}]}]",{}
18784,Triangles (Silver),"[{'language': 'en', 'languageDisplayName': 'en', 'title': 'Triangles (Silver)', 'isOriginal': True}]",True,False,141,17,33,False,False,False,2.539,True,"[{'key': 'math', 'isMeta': False, 'bojTagId': 124, 'problemCount': 6275, 'displayNames': [{'language': 'ko', 'name': '수학', 'short': '수학'}, {'language': 'en', 'name': 'mathematics', 'short': 'math'}, {'language': 'ja', 'name': '数学', 'short': '数学'}], 'aliases': []}, {'key': 'prefix_sum', 'isMeta': False, 'bojTagId': 139, 'problemCount': 953, 'displayNames': [{'language': 'ko', 'name': '누적 합', 'short': '누적 합'}, {'language': 'en', 'name': 'prefix sum', 'short': 'prefix sum'}, {'language': 'ja', 'name': '累積和', 'short': '累積和'}], 'aliases': [{'alias': '구간합'}, {'alias': '부분합'}, {'alias': 'rangesum'}]}, {'key': 'sweeping', 'isMeta': False, 'bojTagId': 106, 'problemCount': 469, 'displayNames': [{'language': 'ko', 'name': '스위핑', 'short': '스위핑'}, {'language': 'en', 'name': 'sweeping', 'short': 'sweeping'}, {'language': 'ja', 'name': '平面走査', 'short': '平面走査'}], 'aliases': [{'alias': '라인 스위핑'}]}]",{}
18785,Clock Tree,"[{'language': 'en', 'languageDisplayName': 'en', 'title': 'Clock Tree', 'isOriginal': True}]",True,False,144,16,40,False,False,False,1.8681,True,"[{'key': 'dfs', 'isMeta': False, 'bojTagId': 127, 'problemCount': 807, 'displayNames': [{'language': 'ko', 'name': '깊이 우선 탐색', 'short': '깊이 우선 탐색'}, {'language': 'en', 'name': 'depth-first search', 'short': 'dfs'}, {'language': 'ja', 'name': '深さ優先探索', 'short': 'dfs'}], 'aliases': [{'alias': 'depth first'}, {'alias': 'depthfirst'}]}, {'key': 'graphs', 'isMeta': False, 'bojTagId': 7, 'problemCount': 3637, 'displayNames': [{'language': 'ko', 'name': '그래프 이론', 'short': '그래프 이론'}, {'language': 'en', 'name': 'graph theory', 'short': 'graph'}, {'language': 'ja', 'name': 'グラフ理論', 'short': 'グラフ'}], 'aliases': [{'alias': '그래프이론'}, {'alias': '그래프'}]}, {'key': 'graph_traversal', 'isMeta': False, 'bojTagId': 11, 'problemCount': 1983, 'displayNames': [{'language': 'ko', 'name': '그래프 탐색', 'short': '그래프 탐색'}, {'language': 'en', 'name': 'graph traversal', 'short': 'traversal'}, {'language': 'ja', 'name': 'グラフの探索', 'short': '横断'}], 'aliases': [{'alias': 'bfs'}, {'alias': 'dfs'}]}, {'key': 'greedy', 'isMeta': False, 'bojTagId': 33, 'problemCount': 2504, 'displayNames': [{'language': 'ko', 'name': '그리디 알고리즘', 'short': '그리디 알고리즘'}, {'language': 'en', 'name': 'greedy', 'short': 'greedy'}, {'language': 'ja', 'name': '貪欲法', 'short': '貪欲法'}], 'aliases': [{'alias': '탐욕법'}]}, {'key': 'trees', 'isMeta': False, 'bojTagId': 120, 'problemCount': 1384, 'displayNames': [{'language': 'ko', 'name': '트리', 'short': '트리'}, {'language': 'en', 'name': 'tree', 'short': 'tree'}, {'language': 'ja', 'name': '木', 'short': '木'}], 'aliases': [{'alias': 'trees'}]}]",{}
18786,Triangles (Bronze),"[{'language': 'en', 'languageDisplayName': 'en', 'title': 'Triangles (Bronze)', 'isOriginal': True}]",True,False,430,5,18,False,False,False,2.1233,True,"[{'key': 'bruteforcing', 'isMeta': False, 'bojTagId': 125, 'problemCount': 2158, 'displayNames': [{'language': 'ko', 'name': '브루트포스 알고리즘', 'short': '브루트포스 알고리즘'}, {'language': 'en', 'name': 'bruteforcing', 'short': 'bruteforce'}, {'language': 'ja', 'name': '全探索', 'short': '全探索'}], 'aliases': [{'alias': '완전탐색'}, {'alias': '완전 탐색'}, {'alias': '브루트포스'}, {'alias': 'bruteforce'}, {'alias': 'brute force'}, {'alias': '완탐'}]}, {'key': 'geometry', 'isMeta': False, 'bojTagId': 100, 'problemCount': 1482, 'displayNames': [{'language': 'ko', 'name': '기하학', 'short': '기하학'}, {'language': 'en', 'name': 'geometry', 'short': 'geom'}, {'language': 'ja', 'name': '幾何学', 'short': '幾何'}], 'aliases': []}]",{}
18787,Mad Scientist,"[{'language': 'en', 'languageDisplayName': 'en', 'title': 'Mad Scientist', 'isOriginal': True}]",True,False,460,6,17,False,False,False,1.4348,True,"[{'key': 'greedy', 'isMeta': False, 'bojTagId': 33, 'problemCount': 2504, 'displayNames': [{'language': 'ko', 'name': '그리디 알고리즘', 'short': '그리디 알고리즘'}, {'language': 'en', 'name': 'greedy', 'short': 'greedy'}, {'language': 'ja', 'name': '貪欲法', 'short': '貪欲法'}], 'aliases': [{'alias': '탐욕법'}]}, {'key': 'string', 'isMeta': False, 'bojTagId': 158, 'problemCount': 2357, 'displayNames': [{'language': 'ko', 'name': '문자열', 'short': '문자열'}, {'language': 'en', 'name': 'string', 'short': 'string'}, {'language': 'ja', 'name': '文字列', 'short': '文字列'}], 'aliases': [{'alias': '스트링'}]}]",{}
18788,Swapity Swap,"[{'language': 'en', 'languageDisplayName': 'en', 'title': 'Swapity Swap', 'isOriginal': True}]",True,False,269,9,19,False,False,False,2.7658,True,"[{'key': 'graphs', 'isMeta': False, 'bojTagId': 7, 'problemCount': 3637, 'displayNames': [{'language': 'ko', 'name': '그래프 이론', 'short': '그래프 이론'}, {'language': 'en', 'name': 'graph theory', 'short': 'graph'}, {'language': 'ja', 'name': 'グラフ理論', 'short': 'グラフ'}], 'aliases': [{'alias': '그래프이론'}, {'alias': '그래프'}]}, {'key': 'math', 'isMeta': False, 'bojTagId': 124, 'problemCount': 6275, 'displayNames': [{'language': 'ko', 'name': '수학', 'short': '수학'}, {'language': 'en', 'name': 'mathematics', 'short': 'math'}, {'language': 'ja', 'name': '数学', 'short': '数学'}], 'aliases': []}]",{}
18789,814 - 2,"[{'language': 'ko', 'languageDisplayName': 'ko', 'title': '814 - 2', 'isOriginal': True}]",True,False,55,28,29,False,False,False,32.4545,True,"[{'key': 'constructive', 'isMeta': False, 'bojTagId': 128, 'problemCount': 986, 'displayNames': [{'language': 'ko', 'name': '해 구성하기', 'short': '해 구성하기'}, {'language': 'en', 'name': 'constructive', 'short': 'constructive'}, {'language': 'ja', 'name': '構成的', 'short': '構成的'}], 'aliases': [{'alias': 'constructive'}, {'alias': '컨스트럭티브'}, {'alias': '구성적'}]}, {'key': 'dfs', 'isMeta': False, 'bojTagId': 127, 'problemCount': 807, 'displayNames': [{'language': 'ko', 'name': '깊이 우선 탐색', 'short': '깊이 우선 탐색'}, {'language': 'en', 'name': 'depth-first search', 'short': 'dfs'}, {'language': 'ja', 'name': '深さ優先探索', 'short': 'dfs'}], 'aliases': [{'alias': 'depth first'}, {'alias': 'depthfirst'}]}, {'key': 'graphs', 'isMeta': False, 'bojTagId': 7, 'problemCount': 3637, 'displayNames': [{'language': 'ko', 'name': '그래프 이론', 'short': '그래프 이론'}, {'language': 'en', 'name': 'graph theory', 'short': 'graph'}, {'language': 'ja', 'name': 'グラフ理論', 'short': 'グラフ'}], 'aliases': [{'alias': '그래프이론'}, {'alias': '그래프'}]}, {'key': 'graph_traversal', 'isMeta': False, 'bojTagId': 11, 'problemCount': 1983, 'displayNames': [{'language': 'ko', 'name': '그래프 탐색', 'short': '그래프 탐색'}, {'language': 'en', 'name': 'graph traversal', 'short': 'traversal'}, {'language': 'ja', 'name': 'グラフの探索', 'short': '横断'}], 'aliases': [{'alias': 'bfs'}, {'alias': 'dfs'}]}, {'key': 'heuristics', 'isMeta': False, 'bojTagId': 142, 'problemCount': 102, 'displayNames': [{'language': 'ko', 'name': '휴리스틱', 'short': '휴리스틱'}, {'language': 'en', 'name': 'heuristics', 'short': 'heuristics'}, {'language': 'ja', 'name': 'ヒューリスティック', 'short': 'ヒューリスティック'}], 'aliases': []}, {'key': 'implementation', 'isMeta': False, 'bojTagId': 102, 'problemCount': 5468, 'displayNames': [{'language': 'ko', 'name': '구현', 'short': '구현'}, {'language': 'en', 'name': 'implementation', 'short': 'impl'}, {'language': 'ja', 'name': '実装', 'short': 'impl'}], 'aliases': []}, {'key': 'randomization', 'isMeta': False, 'bojTagId': 115, 'problemCount': 145, 'displayNames': [{'language': 'ko', 'name': '무작위화', 'short': '무작위화'}, {'language': 'en', 'name': 'randomization', 'short': 'randomization'}, {'language': 'ja', 'name': 'ランダム化', 'short': 'ランダム化'}], 'aliases': [{'alias': '랜덤'}]}]",{}
18790,N의 배수 (1),"[{'language': 'ko', 'languageDisplayName': 'ko', 'title': 'N의 배수 (1)', 'isOriginal': True}]",True,False,170,15,32,False,False,False,3.8941,True,"[{'key': 'dp', 'isMeta': False, 'bojTagId': 25, 'problemCount': 3982, 'displayNames': [{'language': 'ko', 'name': '다이나믹 프로그래밍', 'short': '다이나믹 프로그래밍'}, {'language': 'en', 'name': 'dynamic programming', 'short': 'dp'}, {'language': 'ja', 'name': '動的計画法', 'short': 'dp'}], 'aliases': [{'alias': '동적계획법'}, {'alias': '동적 계획법'}, {'alias': '다이나믹프로그래밍'}]}]",{}
18791,N의 배수 (2),"[{'language': 'ko', 'languageDisplayName': 'ko', 'title': 'N의 배수 (2)', 'isOriginal': True}]",True,False,66,24,21,False,False,False,2.8182,True,"[{'key': 'dp', 'isMeta': False, 'bojTagId': 25, 'problemCount': 3982, 'displayNames': [{'language': 'ko', 'name': '다이나믹 프로그래밍', 'short': '다이나믹 프로그래밍'}, {'language': 'en', 'name': 'dynamic programming', 'short': 'dp'}, {'language': 'ja', 'name': '動的計画法', 'short': 'dp'}], 'aliases': [{'alias': '동적계획법'}, {'alias': '동적 계획법'}, {'alias': '다이나믹프로그래밍'}]}, {'key': 'math', 'isMeta': False, 'bojTagId': 124, 'problemCount': 6275, 'displayNames': [{'language': 'ko', 'name': '수학', 'short': '수학'}, {'language': 'en', 'name': 'mathematics', 'short': 'math'}, {'language': 'ja', 'name': '数学', 'short': '数学'}], 'aliases': []}, {'key': 'number_theory', 'isMeta': False, 'bojTagId': 95, 'problemCount': 1419, 'displayNames': [{'language': 'ko', 'name': '정수론', 'short': '정수론'}, {'language': 'en', 'name': 'number theory', 'short': 'number theory'}, {'language': 'ja', 'name': '整数論', 'short': '整数論'}], 'aliases': []}]",{}
18792,N의 배수 (3),"[{'language': 'ko', 'languageDisplayName': 'ko', 'title': 'N의 배수 (3)', 'isOriginal': True}]",True,False,66,26,19,False,False,False,3.5909,True,"[{'key': 'binary_search', 'isMeta': False, 'bojTagId': 12, 'problemCount': 1206, 'displayNames': [{'language': 'ko', 'name': '이분 탐색', 'short': '이분 탐색'}, {'language': 'en', 'name': 'binary search', 'short': 'binary search'}, {'language': 'ja', 'name': '二分探索', 'short': '二分探索'}], 'aliases': [{'alias': '이분탐색'}, {'alias': '이진탐색'}]}, {'key': 'bitset', 'isMeta': False, 'bojTagId': 152, 'problemCount': 91, 'displayNames': [{'language': 'ko', 'name': '비트 집합', 'short': '비트 집합'}, {'language': 'en', 'name': 'bit set', 'short': 'bit set'}, {'language': 'ja', 'name': 'bit set', 'short': 'bit set'}], 'aliases': [{'alias': 'bitset'}, {'alias': '비트셋'}]}, {'key': 'dp', 'isMeta': False, 'bojTagId': 25, 'problemCount': 3982, 'displayNames': [{'language': 'ko', 'name': '다이나믹 프로그래밍', 'short': '다이나믹 프로그래밍'}, {'language': 'en', 'name': 'dynamic programming', 'short': 'dp'}, {'language': 'ja', 'name': '動的計画法', 'short': 'dp'}], 'aliases': [{'alias': '동적계획법'}, {'alias': '동적 계획법'}, {'alias': '다이나믹프로그래밍'}]}, {'key': 'extended_euclidean', 'isMeta': False, 'bojTagId': 27, 'problemCount': 35, 'displayNames': [{'language': 'ko', 'name': '확장 유클리드 호제법', 'short': '확장 유클리드 호제법'}, {'language': 'en', 'name': 'extended euclidean algorithm', 'short': 'extended euclidean algorithm'}, {'language': 'ja', 'name': '拡張ユークリッドの互除法', 'short': '拡張ユークリッド'}], 'aliases': [{'alias': '확장유클리드알고리즘'}, {'alias': 'egcd'}]}, {'key': 'math', 'isMeta': False, 'bojTagId': 124, 'problemCount': 6275, 'displayNames': [{'language': 'ko', 'name': '수학', 'short': '수학'}, {'language': 'en', 'name': 'mathematics', 'short': 'math'}, {'language': 'ja', 'name': '数学', 'short': '数学'}], 'aliases': []}, {'key': 'number_theory', 'isMeta': False, 'bojTagId': 95, 'problemCount': 1419, 'displayNames': [{'language': 'ko', 'name': '정수론', 'short': '정수론'}, {'language': 'en', 'name': 'number theory', 'short': 'number theory'}, {'language': 'ja', 'name': '整数論', 'short': '整数論'}], 'aliases': []}]",{}
18793,팰린드롬 덧셈,"[{'language': 'ko', 'languageDisplayName': 'ko', 'title': '팰린드롬 덧셈', 'isOriginal': True}]",True,False,14,30,11,False,False,False,47.5714,True,"[{'key': 'ad_hoc', 'isMeta': False, 'bojTagId': 109, 'problemCount': 1448, 'displayNames': [{'language': 'ko', 'name': '애드 혹', 'short': '애드 혹'}, {'language': 'en', 'name': 'ad-hoc', 'short': 'ad-hoc'}, {'language': 'ja', 'name': 'アドホック', 'short': 'アドホック'}], 'aliases': []}, {'key': 'arbitrary_precision', 'isMeta': False, 'bojTagId': 117, 'problemCount': 256, 'displayNames': [{'language': 'ko', 'name': '임의 정밀도 / 큰 수 연산', 'short': '임의 정밀도 / 큰 수 연산'}, {'language': 'en', 'name': 'arbitrary precision / big integers', 'short': 'arbitrary precision / big integers'}, {'language': 'ja', 'name': '高精度または大きな数の演算', 'short': '高精度または大きな数の演算'}], 'aliases': [{'alias': '빅인티저'}, {'alias': '빅데시멀'}, {'alias': 'biginteger'}, {'alias': 'bigdecimal'}]}, {'key': 'case_work', 'isMeta': False, 'bojTagId': 137, 'problemCount': 856, 'displayNames': [{'language': 'ko', 'name': '많은 조건 분기', 'short': '많은 조건 분기'}, {'language': 'en', 'name': 'case work', 'short': 'case work'}, {'language': 'ja', 'name': 'ケースワーク', 'short': 'ケースワーク'}], 'aliases': [{'alias': '케이스'}, {'alias': '케이스워크'}, {'alias': '케이스 워크'}]}, {'key': 'implementation', 'isMeta': False, 'bojTagId': 102, 'problemCount': 5468, 'displayNames': [{'language': 'ko', 'name': '구현', 'short': '구현'}, {'language': 'en', 'name': 'implementation', 'short': 'impl'}, {'language': 'ja', 'name': '実装', 'short': 'impl'}], 'aliases': []}, {'key': 'math', 'isMeta': False, 'bojTagId': 124, 'problemCount': 6275, 'displayNames': [{'language': 'ko', 'name': '수학', 'short': '수학'}, {'language': 'en', 'name': 'mathematics', 'short': 'math'}, {'language': 'ja', 'name': '数学', 'short': '数学'}], 'aliases': []}]",{}
18794,트리와 쿼리 15,"[{'language': 'ko', 'languageDisplayName': 'ko', 'title': '트리와 쿼리 15', 'isOriginal': True}]",True,False,12,27,5,False,False,False,4.4167,True,"[{'key': 'centroid', 'isMeta': False, 'bojTagId': 188, 'problemCount': 96, 'displayNames': [{'language': 'en', 'name': 'centroid', 'short': 'centroid'}, {'language': 'ko', 'name': '센트로이드', 'short': '센트로이드'}, {'language': 'ja', 'name': 'centroid', 'short': 'centroid'}], 'aliases': []}, {'key': 'centroid_decomposition', 'isMeta': False, 'bojTagId': 18, 'problemCount': 77, 'displayNames': [{'language': 'ko', 'name': '센트로이드 분할', 'short': '센트로이드 분할'}, {'language': 'en', 'name': 'centroid decomposition', 'short': 'centroid decomposition'}, {'language': 'ja', 'name': 'centroid decomposition', 'short': 'centroid decomposition'}], 'aliases': [{'alias': '센트로이드'}]}, {'key': 'data_structures', 'isMeta': False, 'bojTagId': 175, 'problemCount': 3772, 'displayNames': [{'language': 'ko', 'name': '자료 구조', 'short': '자료 구조'}, {'language': 'en', 'name': 'data structures', 'short': 'ds'}, {'language': 'ja', 'name': 'データ構造', 'short': 'ds'}], 'aliases': [{'alias': '자료구조'}, {'alias': '자구'}]}, {'key': 'dfs', 'isMeta': False, 'bojTagId': 127, 'problemCount': 807, 'displayNames': [{'language': 'ko', 'name': '깊이 우선 탐색', 'short': '깊이 우선 탐색'}, {'language': 'en', 'name': 'depth-first search', 'short': 'dfs'}, {'language': 'ja', 'name': '深さ優先探索', 'short': 'dfs'}], 'aliases': [{'alias': 'depth first'}, {'alias': 'depthfirst'}]}, {'key': 'dijkstra', 'isMeta': False, 'bojTagId': 22, 'problemCount': 573, 'displayNames': [{'language': 'ko', 'name': '데이크스트라', 'short': '데이크스트라'}, {'language': 'en', 'name': ""dijkstra's"", 'short': ""dijkstra's""}, {'language': 'ja', 'name': 'ダイクストラ法', 'short': 'ダイクストラ法'}], 'aliases': [{'alias': '다익'}, {'alias': '다익스트라'}, {'alias': '데이크스트라'}]}, {'key': 'divide_and_conquer', 'isMeta': False, 'bojTagId': 24, 'problemCount': 412, 'displayNames': [{'language': 'ko', 'name': '분할 정복', 'short': '분할 정복'}, {'language': 'en', 'name': 'divide and conquer', 'short': 'd&c'}, {'language': 'ja', 'name': '分割統治法', 'short': '分割統治法'}], 'aliases': [{'alias': 'dnc'}]}, {'key': 'dp', 'isMeta': False, 'bojTagId': 25, 'problemCount': 3982, 'displayNames': [{'language': 'ko', 'name': '다이나믹 프로그래밍', 'short': '다이나믹 프로그래밍'}, {'language': 'en', 'name': 'dynamic programming', 'short': 'dp'}, {'language': 'ja', 'name': '動的計画法', 'short': 'dp'}], 'aliases': [{'alias': '동적계획법'}, {'alias': '동적 계획법'}, {'alias': '다이나믹프로그래밍'}]}, {'key': 'dp_tree', 'isMeta': False, 'bojTagId': 92, 'problemCount': 409, 'displayNames': [{'language': 'ko', 'name': '트리에서의 다이나믹 프로그래밍', 'short': '트리에서의 다이나믹 프로그래밍'}, {'language': 'en', 'name': 'dynamic programming on trees', 'short': 'tree dp'}, {'language': 'ja', 'name': '木上の動的計画法', 'short': 'tree dp'}], 'aliases': [{'alias': '트리dp'}]}, {'key': 'graphs', 'isMeta': False, 'bojTagId': 7, 'problemCount': 3637, 'displayNames': [{'language': 'ko', 'name': '그래프 이론', 'short': '그래프 이론'}, {'language': 'en', 'name': 'graph theory', 'short': 'graph'}, {'language': 'ja', 'name': 'グラフ理論', 'short': 'グラフ'}], 'aliases': [{'alias': '그래프이론'}, {'alias': '그래프'}]}, {'key': 'graph_traversal', 'isMeta': False, 'bojTagId': 11, 'problemCount': 1983, 'displayNames': [{'language': 'ko', 'name': '그래프 탐색', 'short': '그래프 탐색'}, {'language': 'en', 'name': 'graph traversal', 'short': 'traversal'}, {'language': 'ja', 'name': 'グラフの探索', 'short': '横断'}], 'aliases': [{'alias': 'bfs'}, {'alias': 'dfs'}]}, {'key': 'inclusion_and_exclusion', 'isMeta': False, 'bojTagId': 38, 'problemCount': 157, 'displayNames': [{'language': 'ko', 'name': '포함 배제의 원리', 'short': '포함 배제의 원리'}, {'language': 'en', 'name': 'inclusion and exclusion', 'short': 'inclusion and exclusion'}, {'language': 'ja', 'name': '包除原理', 'short': '包除原理'}], 'aliases': []}, {'key': 'lca', 'isMeta': False, 'bojTagId': 41, 'problemCount': 166, 'displayNames': [{'language': 'ko', 'name': '최소 공통 조상', 'short': '최소 공통 조상'}, {'language': 'en', 'name': 'lowest common ancestor', 'short': 'lca'}, {'language': 'ja', 'name': '最下位共通祖先', 'short': 'lca'}], 'aliases': []}, {'key': 'sparse_table', 'isMeta': False, 'bojTagId': 84, 'problemCount': 138, 'displayNames': [{'language': 'ko', 'name': '희소 배열', 'short': '희소 배열'}, {'language': 'en', 'name': 'sparse table', 'short': 'sparse table'}, {'language': 'ja', 'name': 'sparse table', 'short': 'sparse table'}], 'aliases': [{'alias': '스파스어레이'}, {'alias': 'sparse table'}]}, {'key': 'stack', 'isMeta': False, 'bojTagId': 71, 'problemCount': 372, 'displayNames': [{'language': 'ko', 'name': '스택', 'short': '스택'}, {'language': 'en', 'name': 'stack', 'short': 'stack'}, {'language': 'ja', 'name': 'スタック', 'short': 'スタック'}], 'aliases': []}, {'key': 'trees', 'isMeta': False, 'bojTagId': 120, 'problemCount': 1384, 'displayNames': [{'language': 'ko', 'name': '트리', 'short': '트리'}, {'language': 'en', 'name': 'tree', 'short': 'tree'}, {'language': 'ja', 'name': '木', 'short': '木'}], 'aliases': [{'alias': 'trees'}]}, {'key': 'shortest_path', 'isMeta': False, 'bojTagId': 215, 'problemCount': 760, 'displayNames': [{'language': 'ko', 'name': '최단 경로', 'short': '최단 경로'}, {'language': 'en', 'name': 'shortest path', 'short': 'shortest path'}, {'language': 'ja', 'name': '最短経路', 'short': '最短経路'}], 'aliases': []}]",{}
18795,이동하기 3,"[{'language': 'ko', 'languageDisplayName': 'ko', 'title': '이동하기 3', 'isOriginal': True}]",True,False,291,4,28,False,False,False,1.543,True,"[{'key': 'arithmetic', 'isMeta': False, 'bojTagId': 121, 'problemCount': 1097, 'displayNames': [{'language': 'ko', 'name': '사칙연산', 'short': '사칙연산'}, {'language': 'en', 'name': 'arithmetic', 'short': 'arithmetic'}, {'language': 'ja', 'name': '算数', 'short': '算数'}], 'aliases': [{'alias': '덧셈'}, {'alias': '뺄셈'}, {'alias': '곱셈'}, {'alias': '나눗셈'}, {'alias': '더하기'}, {'alias': '빼기'}, {'alias': '곱하기'}, {'alias': '나누기'}]}, {'key': 'math', 'isMeta': False, 'bojTagId': 124, 'problemCount': 6275, 'displayNames': [{'language': 'ko', 'name': '수학', 'short': '수학'}, {'language': 'en', 'name': 'mathematics', 'short': 'math'}, {'language': 'ja', 'name': '数学', 'short': '数学'}], 'aliases': []}]",{}
18796,이동하기 4,"[{'language': 'ko', 'languageDisplayName': 'ko', 'title': '이동하기 4', 'isOriginal': True}]",True,False,33,26,15,False,False,False,3.7576,True,"[{'key': 'convex_hull', 'isMeta': False, 'bojTagId': 20, 'problemCount': 178, 'displayNames': [{'language': 'ko', 'name': '볼록 껍질', 'short': '볼록 껍질'}, {'language': 'en', 'name': 'convex hull', 'short': 'convex hull'}, {'language': 'ja', 'name': '凸包', 'short': '凸包'}], 'aliases': [{'alias': '컨벡스헐'}]}, {'key': 'geometry', 'isMeta': False, 'bojTagId': 100, 'problemCount': 1482, 'displayNames': [{'language': 'ko', 'name': '기하학', 'short': '기하학'}, {'language': 'en', 'name': 'geometry', 'short': 'geom'}, {'language': 'ja', 'name': '幾何学', 'short': '幾何'}], 'aliases': []}, {'key': 'greedy', 'isMeta': False, 'bojTagId': 33, 'problemCount': 2504, 'displayNames': [{'language': 'ko', 'name': '그리디 알고리즘', 'short': '그리디 알고리즘'}, {'language': 'en', 'name': 'greedy', 'short': 'greedy'}, {'language': 'ja', 'name': '貪欲法', 'short': '貪欲法'}], 'aliases': [{'alias': '탐욕법'}]}]",{}
18798,OR과 쿼리,"[{'language': 'ko', 'languageDisplayName': 'ko', 'title': 'OR과 쿼리', 'isOriginal': True}]",True,False,181,21,47,False,False,False,3.8232,True,"[{'key': 'data_structures', 'isMeta': False, 'bojTagId': 175, 'problemCount': 3772, 'displayNames': [{'language': 'ko', 'name': '자료 구조', 'short': '자료 구조'}, {'language': 'en', 'name': 'data structures', 'short': 'ds'}, {'language': 'ja', 'name': 'データ構造', 'short': 'ds'}], 'aliases': [{'alias': '자료구조'}, {'alias': '자구'}]}, {'key': 'segtree', 'isMeta': False, 'bojTagId': 65, 'problemCount': 1289, 'displayNames': [{'language': 'ko', 'name': '세그먼트 트리', 'short': '세그먼트 트리'}, {'language': 'en', 'name': 'segment tree', 'short': 'segtree'}, {'language': 'ja', 'name': 'セグメント木', 'short': 'セグ木'}], 'aliases': [{'alias': '구간트리'}, {'alias': '세그트리'}, {'alias': 'fenwick'}, {'alias': '펜윅'}]}]",{}
18799,이상한 편집기,"[{'language': 'ko', 'languageDisplayName': 'ko', 'title': '이상한 편집기', 'isOriginal': True}]",True,False,31,21,16,False,False,False,2.9677,True,"[{'key': 'binary_search', 'isMeta': False, 'bojTagId': 12, 'problemCount': 1206, 'displayNames': [{'language': 'ko', 'name': '이분 탐색', 'short': '이분 탐색'}, {'language': 'en', 'name': 'binary search', 'short': 'binary search'}, {'language': 'ja', 'name': '二分探索', 'short': '二分探索'}], 'aliases': [{'alias': '이분탐색'}, {'alias': '이진탐색'}]}, {'key': 'dp', 'isMeta': False, 'bojTagId': 25, 'problemCount': 3982, 'displayNames': [{'language': 'ko', 'name': '다이나믹 프로그래밍', 'short': '다이나믹 프로그래밍'}, {'language': 'en', 'name': 'dynamic programming', 'short': 'dp'}, {'language': 'ja', 'name': '動的計画法', 'short': 'dp'}], 'aliases': [{'alias': '동적계획법'}, {'alias': '동적 계획법'}, {'alias': '다이나믹프로그래밍'}]}, {'key': 'hashing', 'isMeta': False, 'bojTagId': 8, 'problemCount': 166, 'displayNames': [{'language': 'ko', 'name': '해싱', 'short': '해싱'}, {'language': 'en', 'name': 'hashing', 'short': 'hash'}, {'language': 'ja', 'name': 'ハッシュ化', 'short': 'ハッシュ'}], 'aliases': []}, {'key': 'slope_trick', 'isMeta': False, 'bojTagId': 157, 'problemCount': 26, 'displayNames': [{'language': 'ko', 'name': '함수 개형을 이용한 최적화', 'short': '함수 개형을 이용한 최적화'}, {'language': 'en', 'name': 'slope trick', 'short': 'slope trick'}, {'language': 'ja', 'name': 'slope trick', 'short': 'slope trick'}], 'aliases': [{'alias': '슬로프트릭'}, {'alias': '슬로프 트릭'}]}, {'key': 'string', 'isMeta': False, 'bojTagId': 158, 'problemCount': 2357, 'displayNames': [{'language': 'ko', 'name': '문자열', 'short': '문자열'}, {'language': 'en', 'name': 'string', 'short': 'string'}, {'language': 'ja', 'name': '文字列', 'short': '文字列'}], 'aliases': [{'alias': '스트링'}]}, {'key': 'suffix_array', 'isMeta': False, 'bojTagId': 77, 'problemCount': 98, 'displayNames': [{'language': 'ko', 'name': '접미사 배열과 LCP 배열', 'short': '접미사 배열과 LCP 배열'}, {'language': 'en', 'name': 'suffix array and lcp array', 'short': 'suffix array and lcp array'}, {'language': 'ja', 'name': '接尾辞配列・LCP配列', 'short': '接尾辞配列・LCP配列'}], 'aliases': []}]",{}
