problemId,titleKo,titles,isSolvable,isPartial,acceptedUserCount,level,votedUserCount,sprout,givesNoRating,isLevelLocked,averageTries,official,tags,metadata
23800,많이 튼튼한 금고 테스트,"[{'language': 'ko', 'languageDisplayName': 'ko', 'title': '많이 튼튼한 금고 테스트', 'isOriginal': True}]",True,False,22,20,11,False,False,False,6.0455,True,"[{'key': 'arbitrary_precision', 'isMeta': False, 'bojTagId': 117, 'problemCount': 256, 'displayNames': [{'language': 'ko', 'name': '임의 정밀도 / 큰 수 연산', 'short': '임의 정밀도 / 큰 수 연산'}, {'language': 'en', 'name': 'arbitrary precision / big integers', 'short': 'arbitrary precision / big integers'}, {'language': 'ja', 'name': '高精度または大きな数の演算', 'short': '高精度または大きな数の演算'}], 'aliases': [{'alias': '빅인티저'}, {'alias': '빅데시멀'}, {'alias': 'biginteger'}, {'alias': 'bigdecimal'}]}, {'key': 'combinatorics', 'isMeta': False, 'bojTagId': 6, 'problemCount': 895, 'displayNames': [{'language': 'ko', 'name': '조합론', 'short': '조합론'}, {'language': 'en', 'name': 'combinatorics', 'short': 'combinatorics'}, {'language': 'ja', 'name': '組み合わせ', 'short': '組み合わせ'}], 'aliases': [{'alias': 'combination'}, {'alias': 'permutation'}, {'alias': 'probability'}, {'alias': '확률'}, {'alias': '순열'}]}, {'key': 'math', 'isMeta': False, 'bojTagId': 124, 'problemCount': 6275, 'displayNames': [{'language': 'ko', 'name': '수학', 'short': '수학'}, {'language': 'en', 'name': 'mathematics', 'short': 'math'}, {'language': 'ja', 'name': '数学', 'short': '数学'}], 'aliases': []}]",{}
23801,두 단계 최단 경로 2,"[{'language': 'ko', 'languageDisplayName': 'ko', 'title': '두 단계 최단 경로 2', 'isOriginal': True}]",True,False,222,13,35,False,False,False,4.2973,True,"[{'key': 'dijkstra', 'isMeta': False, 'bojTagId': 22, 'problemCount': 573, 'displayNames': [{'language': 'ko', 'name': '데이크스트라', 'short': '데이크스트라'}, {'language': 'en', 'name': ""dijkstra's"", 'short': ""dijkstra's""}, {'language': 'ja', 'name': 'ダイクストラ法', 'short': 'ダイクストラ法'}], 'aliases': [{'alias': '다익'}, {'alias': '다익스트라'}, {'alias': '데이크스트라'}]}, {'key': 'graphs', 'isMeta': False, 'bojTagId': 7, 'problemCount': 3637, 'displayNames': [{'language': 'ko', 'name': '그래프 이론', 'short': '그래프 이론'}, {'language': 'en', 'name': 'graph theory', 'short': 'graph'}, {'language': 'ja', 'name': 'グラフ理論', 'short': 'グラフ'}], 'aliases': [{'alias': '그래프이론'}, {'alias': '그래프'}]}, {'key': 'shortest_path', 'isMeta': False, 'bojTagId': 215, 'problemCount': 760, 'displayNames': [{'language': 'ko', 'name': '최단 경로', 'short': '최단 경로'}, {'language': 'en', 'name': 'shortest path', 'short': 'shortest path'}, {'language': 'ja', 'name': '最短経路', 'short': '最短経路'}], 'aliases': []}]",{}
23802,골뱅이 찍기 - 뒤집힌 ㄱ,"[{'language': 'ko', 'languageDisplayName': 'ko', 'title': '골뱅이 찍기 - 뒤집힌 ㄱ', 'isOriginal': True}]",True,False,1129,3,67,False,False,False,1.2808,True,"[{'key': 'implementation', 'isMeta': False, 'bojTagId': 102, 'problemCount': 5468, 'displayNames': [{'language': 'ko', 'name': '구현', 'short': '구현'}, {'language': 'en', 'name': 'implementation', 'short': 'impl'}, {'language': 'ja', 'name': '実装', 'short': 'impl'}], 'aliases': []}]",{}
23803,골뱅이 찍기 - ㄴ,"[{'language': 'ko', 'languageDisplayName': 'ko', 'title': '골뱅이 찍기 - ㄴ', 'isOriginal': True}]",True,False,1248,3,70,False,False,False,1.2236,True,"[{'key': 'implementation', 'isMeta': False, 'bojTagId': 102, 'problemCount': 5468, 'displayNames': [{'language': 'ko', 'name': '구현', 'short': '구현'}, {'language': 'en', 'name': 'implementation', 'short': 'impl'}, {'language': 'ja', 'name': '実装', 'short': 'impl'}], 'aliases': []}]",{}
23804,골뱅이 찍기 - ㄷ,"[{'language': 'ko', 'languageDisplayName': 'ko', 'title': '골뱅이 찍기 - ㄷ', 'isOriginal': True}]",True,False,1183,3,64,False,False,False,1.2401,True,"[{'key': 'implementation', 'isMeta': False, 'bojTagId': 102, 'problemCount': 5468, 'displayNames': [{'language': 'ko', 'name': '구현', 'short': '구현'}, {'language': 'en', 'name': 'implementation', 'short': 'impl'}, {'language': 'ja', 'name': '実装', 'short': 'impl'}], 'aliases': []}]",{}
23805,골뱅이 찍기 - 돌아간 ㄹ,"[{'language': 'ko', 'languageDisplayName': 'ko', 'title': '골뱅이 찍기 - 돌아간 ㄹ', 'isOriginal': True}]",True,False,899,3,57,False,False,False,1.1891,True,"[{'key': 'implementation', 'isMeta': False, 'bojTagId': 102, 'problemCount': 5468, 'displayNames': [{'language': 'ko', 'name': '구현', 'short': '구현'}, {'language': 'en', 'name': 'implementation', 'short': 'impl'}, {'language': 'ja', 'name': '実装', 'short': 'impl'}], 'aliases': []}]",{}
23806,골뱅이 찍기 - ㅁ,"[{'language': 'ko', 'languageDisplayName': 'ko', 'title': '골뱅이 찍기 - ㅁ', 'isOriginal': True}]",True,False,1147,3,64,False,False,False,1.1482,True,"[{'key': 'implementation', 'isMeta': False, 'bojTagId': 102, 'problemCount': 5468, 'displayNames': [{'language': 'ko', 'name': '구현', 'short': '구현'}, {'language': 'en', 'name': 'implementation', 'short': 'impl'}, {'language': 'ja', 'name': '実装', 'short': 'impl'}], 'aliases': []}]",{}
23807,두 단계 최단 경로 3,"[{'language': 'ko', 'languageDisplayName': 'ko', 'title': '두 단계 최단 경로 3', 'isOriginal': True}]",True,False,108,14,28,False,False,False,5.8519,True,"[{'key': 'bruteforcing', 'isMeta': False, 'bojTagId': 125, 'problemCount': 2158, 'displayNames': [{'language': 'ko', 'name': '브루트포스 알고리즘', 'short': '브루트포스 알고리즘'}, {'language': 'en', 'name': 'bruteforcing', 'short': 'bruteforce'}, {'language': 'ja', 'name': '全探索', 'short': '全探索'}], 'aliases': [{'alias': '완전탐색'}, {'alias': '완전 탐색'}, {'alias': '브루트포스'}, {'alias': 'bruteforce'}, {'alias': 'brute force'}, {'alias': '완탐'}]}, {'key': 'dijkstra', 'isMeta': False, 'bojTagId': 22, 'problemCount': 573, 'displayNames': [{'language': 'ko', 'name': '데이크스트라', 'short': '데이크스트라'}, {'language': 'en', 'name': ""dijkstra's"", 'short': ""dijkstra's""}, {'language': 'ja', 'name': 'ダイクストラ法', 'short': 'ダイクストラ法'}], 'aliases': [{'alias': '다익'}, {'alias': '다익스트라'}, {'alias': '데이크스트라'}]}, {'key': 'graphs', 'isMeta': False, 'bojTagId': 7, 'problemCount': 3637, 'displayNames': [{'language': 'ko', 'name': '그래프 이론', 'short': '그래프 이론'}, {'language': 'en', 'name': 'graph theory', 'short': 'graph'}, {'language': 'ja', 'name': 'グラフ理論', 'short': 'グラフ'}], 'aliases': [{'alias': '그래프이론'}, {'alias': '그래프'}]}, {'key': 'shortest_path', 'isMeta': False, 'bojTagId': 215, 'problemCount': 760, 'displayNames': [{'language': 'ko', 'name': '최단 경로', 'short': '최단 경로'}, {'language': 'en', 'name': 'shortest path', 'short': 'shortest path'}, {'language': 'ja', 'name': '最短経路', 'short': '最短経路'}], 'aliases': []}]",{}
23808,골뱅이 찍기 - ㅂ,"[{'language': 'ko', 'languageDisplayName': 'ko', 'title': '골뱅이 찍기 - ㅂ', 'isOriginal': True}]",True,False,1053,3,59,False,False,False,1.1273,True,"[{'key': 'implementation', 'isMeta': False, 'bojTagId': 102, 'problemCount': 5468, 'displayNames': [{'language': 'ko', 'name': '구현', 'short': '구현'}, {'language': 'en', 'name': 'implementation', 'short': 'impl'}, {'language': 'ja', 'name': '実装', 'short': 'impl'}], 'aliases': []}]",{}
23809,골뱅이 찍기 - 돌아간 ㅈ,"[{'language': 'ko', 'languageDisplayName': 'ko', 'title': '골뱅이 찍기 - 돌아간 ㅈ', 'isOriginal': True}]",True,False,771,3,57,False,False,False,1.393,True,"[{'key': 'implementation', 'isMeta': False, 'bojTagId': 102, 'problemCount': 5468, 'displayNames': [{'language': 'ko', 'name': '구현', 'short': '구현'}, {'language': 'en', 'name': 'implementation', 'short': 'impl'}, {'language': 'ja', 'name': '実装', 'short': 'impl'}], 'aliases': []}]",{}
23810,골뱅이 찍기 - 뒤집힌 ㅋ,"[{'language': 'ko', 'languageDisplayName': 'ko', 'title': '골뱅이 찍기 - 뒤집힌 ㅋ', 'isOriginal': True}]",True,False,887,3,54,False,False,False,1.1567,True,"[{'key': 'implementation', 'isMeta': False, 'bojTagId': 102, 'problemCount': 5468, 'displayNames': [{'language': 'ko', 'name': '구현', 'short': '구현'}, {'language': 'en', 'name': 'implementation', 'short': 'impl'}, {'language': 'ja', 'name': '実装', 'short': 'impl'}], 'aliases': []}]",{}
23811,골뱅이 찍기 - ㅌ,"[{'language': 'ko', 'languageDisplayName': 'ko', 'title': '골뱅이 찍기 - ㅌ', 'isOriginal': True}]",True,False,948,3,55,False,False,False,1.1772,True,"[{'key': 'implementation', 'isMeta': False, 'bojTagId': 102, 'problemCount': 5468, 'displayNames': [{'language': 'ko', 'name': '구현', 'short': '구현'}, {'language': 'en', 'name': 'implementation', 'short': 'impl'}, {'language': 'ja', 'name': '実装', 'short': 'impl'}], 'aliases': []}]",{}
23812,골뱅이 찍기 - 돌아간 ㅍ,"[{'language': 'ko', 'languageDisplayName': 'ko', 'title': '골뱅이 찍기 - 돌아간 ㅍ', 'isOriginal': True}]",True,False,1031,3,54,False,False,False,1.1358,True,"[{'key': 'implementation', 'isMeta': False, 'bojTagId': 102, 'problemCount': 5468, 'displayNames': [{'language': 'ko', 'name': '구현', 'short': '구현'}, {'language': 'en', 'name': 'implementation', 'short': 'impl'}, {'language': 'ja', 'name': '実装', 'short': 'impl'}], 'aliases': []}]",{}
23813,회전,"[{'language': 'ko', 'languageDisplayName': 'ko', 'title': '회전', 'isOriginal': True}]",True,False,582,4,43,False,False,False,1.4261,True,"[{'key': 'arithmetic', 'isMeta': False, 'bojTagId': 121, 'problemCount': 1097, 'displayNames': [{'language': 'ko', 'name': '사칙연산', 'short': '사칙연산'}, {'language': 'en', 'name': 'arithmetic', 'short': 'arithmetic'}, {'language': 'ja', 'name': '算数', 'short': '算数'}], 'aliases': [{'alias': '덧셈'}, {'alias': '뺄셈'}, {'alias': '곱셈'}, {'alias': '나눗셈'}, {'alias': '더하기'}, {'alias': '빼기'}, {'alias': '곱하기'}, {'alias': '나누기'}]}, {'key': 'implementation', 'isMeta': False, 'bojTagId': 102, 'problemCount': 5468, 'displayNames': [{'language': 'ko', 'name': '구현', 'short': '구현'}, {'language': 'en', 'name': 'implementation', 'short': 'impl'}, {'language': 'ja', 'name': '実装', 'short': 'impl'}], 'aliases': []}, {'key': 'math', 'isMeta': False, 'bojTagId': 124, 'problemCount': 6275, 'displayNames': [{'language': 'ko', 'name': '수학', 'short': '수학'}, {'language': 'en', 'name': 'mathematics', 'short': 'math'}, {'language': 'ja', 'name': '数学', 'short': '数学'}], 'aliases': []}, {'key': 'string', 'isMeta': False, 'bojTagId': 158, 'problemCount': 2357, 'displayNames': [{'language': 'ko', 'name': '문자열', 'short': '문자열'}, {'language': 'en', 'name': 'string', 'short': 'string'}, {'language': 'ja', 'name': '文字列', 'short': '文字列'}], 'aliases': [{'alias': '스트링'}]}]",{}
23814,아 저는 볶음밥이요,"[{'language': 'ko', 'languageDisplayName': 'ko', 'title': '아 저는 볶음밥이요', 'isOriginal': True}]",True,False,246,8,32,False,False,False,3.3537,True,"[{'key': 'arithmetic', 'isMeta': False, 'bojTagId': 121, 'problemCount': 1097, 'displayNames': [{'language': 'ko', 'name': '사칙연산', 'short': '사칙연산'}, {'language': 'en', 'name': 'arithmetic', 'short': 'arithmetic'}, {'language': 'ja', 'name': '算数', 'short': '算数'}], 'aliases': [{'alias': '덧셈'}, {'alias': '뺄셈'}, {'alias': '곱셈'}, {'alias': '나눗셈'}, {'alias': '더하기'}, {'alias': '빼기'}, {'alias': '곱하기'}, {'alias': '나누기'}]}, {'key': 'case_work', 'isMeta': False, 'bojTagId': 137, 'problemCount': 856, 'displayNames': [{'language': 'ko', 'name': '많은 조건 분기', 'short': '많은 조건 분기'}, {'language': 'en', 'name': 'case work', 'short': 'case work'}, {'language': 'ja', 'name': 'ケースワーク', 'short': 'ケースワーク'}], 'aliases': [{'alias': '케이스'}, {'alias': '케이스워크'}, {'alias': '케이스 워크'}]}, {'key': 'math', 'isMeta': False, 'bojTagId': 124, 'problemCount': 6275, 'displayNames': [{'language': 'ko', 'name': '수학', 'short': '수학'}, {'language': 'en', 'name': 'mathematics', 'short': 'math'}, {'language': 'ja', 'name': '数学', 'short': '数学'}], 'aliases': []}]",{}
23815,똥게임,"[{'language': 'ko', 'languageDisplayName': 'ko', 'title': '똥게임', 'isOriginal': True}]",True,False,183,12,32,False,False,False,3.8033,True,"[{'key': 'dp', 'isMeta': False, 'bojTagId': 25, 'problemCount': 3982, 'displayNames': [{'language': 'ko', 'name': '다이나믹 프로그래밍', 'short': '다이나믹 프로그래밍'}, {'language': 'en', 'name': 'dynamic programming', 'short': 'dp'}, {'language': 'ja', 'name': '動的計画法', 'short': 'dp'}], 'aliases': [{'alias': '동적계획법'}, {'alias': '동적 계획법'}, {'alias': '다이나믹프로그래밍'}]}, {'key': 'greedy', 'isMeta': False, 'bojTagId': 33, 'problemCount': 2504, 'displayNames': [{'language': 'ko', 'name': '그리디 알고리즘', 'short': '그리디 알고리즘'}, {'language': 'en', 'name': 'greedy', 'short': 'greedy'}, {'language': 'ja', 'name': '貪欲法', 'short': '貪欲法'}], 'aliases': [{'alias': '탐욕법'}]}]",{}
23816,옷걸이걸이걸이,"[{'language': 'ko', 'languageDisplayName': 'ko', 'title': '옷걸이걸이걸이', 'isOriginal': True}]",True,False,56,13,11,False,False,False,4.375,True,"[{'key': 'dp', 'isMeta': False, 'bojTagId': 25, 'problemCount': 3982, 'displayNames': [{'language': 'ko', 'name': '다이나믹 프로그래밍', 'short': '다이나믹 프로그래밍'}, {'language': 'en', 'name': 'dynamic programming', 'short': 'dp'}, {'language': 'ja', 'name': '動的計画法', 'short': 'dp'}], 'aliases': [{'alias': '동적계획법'}, {'alias': '동적 계획법'}, {'alias': '다이나믹프로그래밍'}]}, {'key': 'knapsack', 'isMeta': False, 'bojTagId': 148, 'problemCount': 252, 'displayNames': [{'language': 'ko', 'name': '배낭 문제', 'short': '배낭 문제'}, {'language': 'en', 'name': 'knapsack', 'short': 'knapsack'}, {'language': 'ja', 'name': 'ナップサック問題', 'short': 'ナップサック'}], 'aliases': [{'alias': '냅색'}]}]",{}
23817,포항항,"[{'language': 'ko', 'languageDisplayName': 'ko', 'title': '포항항', 'isOriginal': True}]",True,False,110,15,30,False,False,False,3.2909,True,"[{'key': 'bfs', 'isMeta': False, 'bojTagId': 126, 'problemCount': 969, 'displayNames': [{'language': 'ko', 'name': '너비 우선 탐색', 'short': '너비 우선 탐색'}, {'language': 'en', 'name': 'breadth-first search', 'short': 'bfs'}, {'language': 'ja', 'name': '幅優先検索', 'short': 'bfs'}], 'aliases': [{'alias': 'breadthfirst'}, {'alias': 'breadth first'}]}, {'key': 'bruteforcing', 'isMeta': False, 'bojTagId': 125, 'problemCount': 2158, 'displayNames': [{'language': 'ko', 'name': '브루트포스 알고리즘', 'short': '브루트포스 알고리즘'}, {'language': 'en', 'name': 'bruteforcing', 'short': 'bruteforce'}, {'language': 'ja', 'name': '全探索', 'short': '全探索'}], 'aliases': [{'alias': '완전탐색'}, {'alias': '완전 탐색'}, {'alias': '브루트포스'}, {'alias': 'bruteforce'}, {'alias': 'brute force'}, {'alias': '완탐'}]}, {'key': 'graphs', 'isMeta': False, 'bojTagId': 7, 'problemCount': 3637, 'displayNames': [{'language': 'ko', 'name': '그래프 이론', 'short': '그래프 이론'}, {'language': 'en', 'name': 'graph theory', 'short': 'graph'}, {'language': 'ja', 'name': 'グラフ理論', 'short': 'グラフ'}], 'aliases': [{'alias': '그래프이론'}, {'alias': '그래프'}]}, {'key': 'graph_traversal', 'isMeta': False, 'bojTagId': 11, 'problemCount': 1983, 'displayNames': [{'language': 'ko', 'name': '그래프 탐색', 'short': '그래프 탐색'}, {'language': 'en', 'name': 'graph traversal', 'short': 'traversal'}, {'language': 'ja', 'name': 'グラフの探索', 'short': '横断'}], 'aliases': [{'alias': 'bfs'}, {'alias': 'dfs'}]}]",{}
23818,원수의 원수,"[{'language': 'ko', 'languageDisplayName': 'ko', 'title': '원수의 원수', 'isOriginal': True}]",True,False,76,15,14,False,False,False,2.3684,True,"[{'key': 'bipartite_graph', 'isMeta': False, 'bojTagId': 197, 'problemCount': 55, 'displayNames': [{'language': 'ko', 'name': '이분 그래프', 'short': '이분 그래프'}, {'language': 'en', 'name': 'bipartite graph', 'short': 'bipartite graph'}, {'language': 'ja', 'name': '2部グラフ', 'short': '2部グラフ'}], 'aliases': []}, {'key': 'data_structures', 'isMeta': False, 'bojTagId': 175, 'problemCount': 3772, 'displayNames': [{'language': 'ko', 'name': '자료 구조', 'short': '자료 구조'}, {'language': 'en', 'name': 'data structures', 'short': 'ds'}, {'language': 'ja', 'name': 'データ構造', 'short': 'ds'}], 'aliases': [{'alias': '자료구조'}, {'alias': '자구'}]}, {'key': 'dfs', 'isMeta': False, 'bojTagId': 127, 'problemCount': 807, 'displayNames': [{'language': 'ko', 'name': '깊이 우선 탐색', 'short': '깊이 우선 탐색'}, {'language': 'en', 'name': 'depth-first search', 'short': 'dfs'}, {'language': 'ja', 'name': '深さ優先探索', 'short': 'dfs'}], 'aliases': [{'alias': 'depth first'}, {'alias': 'depthfirst'}]}, {'key': 'disjoint_set', 'isMeta': False, 'bojTagId': 81, 'problemCount': 469, 'displayNames': [{'language': 'ko', 'name': '분리 집합', 'short': '분리 집합'}, {'language': 'en', 'name': 'disjoint set', 'short': 'dsu'}, {'language': 'ja', 'name': '素集合データ構造', 'short': '素集合データ構造'}], 'aliases': [{'alias': 'union'}, {'alias': 'find'}, {'alias': '유니온'}, {'alias': '파인드'}, {'alias': 'dsu'}]}, {'key': 'graphs', 'isMeta': False, 'bojTagId': 7, 'problemCount': 3637, 'displayNames': [{'language': 'ko', 'name': '그래프 이론', 'short': '그래프 이론'}, {'language': 'en', 'name': 'graph theory', 'short': 'graph'}, {'language': 'ja', 'name': 'グラフ理論', 'short': 'グラフ'}], 'aliases': [{'alias': '그래프이론'}, {'alias': '그래프'}]}, {'key': 'graph_traversal', 'isMeta': False, 'bojTagId': 11, 'problemCount': 1983, 'displayNames': [{'language': 'ko', 'name': '그래프 탐색', 'short': '그래프 탐색'}, {'language': 'en', 'name': 'graph traversal', 'short': 'traversal'}, {'language': 'ja', 'name': 'グラフの探索', 'short': '横断'}], 'aliases': [{'alias': 'bfs'}, {'alias': 'dfs'}]}]",{}
23819,묻고 더블로 마셔,"[{'language': 'ko', 'languageDisplayName': 'ko', 'title': '묻고 더블로 마셔', 'isOriginal': True}]",True,False,78,15,16,False,False,False,2.1923,True,"[{'key': 'exponentiation_by_squaring', 'isMeta': False, 'bojTagId': 39, 'problemCount': 276, 'displayNames': [{'language': 'ko', 'name': '분할 정복을 이용한 거듭제곱', 'short': '분할 정복을 이용한 거듭제곱'}, {'language': 'en', 'name': 'exponentiation by squaring', 'short': 'exponentiation by squaring'}, {'language': 'ja', 'name': '二乗法によるべき乗', 'short': '二乗法によるべき乗'}], 'aliases': [{'alias': '거듭제곱'}, {'alias': '제곱'}, {'alias': 'power'}, {'alias': 'square'}]}, {'key': 'math', 'isMeta': False, 'bojTagId': 124, 'problemCount': 6275, 'displayNames': [{'language': 'ko', 'name': '수학', 'short': '수학'}, {'language': 'en', 'name': 'mathematics', 'short': 'math'}, {'language': 'ja', 'name': '数学', 'short': '数学'}], 'aliases': []}]",{}
23820,MEX,"[{'language': 'ko', 'languageDisplayName': 'ko', 'title': 'MEX', 'isOriginal': True}]",True,False,175,14,29,False,False,False,4.6114,True,"[{'key': 'math', 'isMeta': False, 'bojTagId': 124, 'problemCount': 6275, 'displayNames': [{'language': 'ko', 'name': '수학', 'short': '수학'}, {'language': 'en', 'name': 'mathematics', 'short': 'math'}, {'language': 'ja', 'name': '数学', 'short': '数学'}], 'aliases': []}, {'key': 'number_theory', 'isMeta': False, 'bojTagId': 95, 'problemCount': 1419, 'displayNames': [{'language': 'ko', 'name': '정수론', 'short': '정수론'}, {'language': 'en', 'name': 'number theory', 'short': 'number theory'}, {'language': 'ja', 'name': '整数論', 'short': '整数論'}], 'aliases': []}]",{}
23821,땅따먹기,"[{'language': 'ko', 'languageDisplayName': 'ko', 'title': '땅따먹기', 'isOriginal': True}]",True,False,19,16,7,False,False,False,2.7895,True,"[{'key': 'bfs', 'isMeta': False, 'bojTagId': 126, 'problemCount': 969, 'displayNames': [{'language': 'ko', 'name': '너비 우선 탐색', 'short': '너비 우선 탐색'}, {'language': 'en', 'name': 'breadth-first search', 'short': 'bfs'}, {'language': 'ja', 'name': '幅優先検索', 'short': 'bfs'}], 'aliases': [{'alias': 'breadthfirst'}, {'alias': 'breadth first'}]}, {'key': 'graphs', 'isMeta': False, 'bojTagId': 7, 'problemCount': 3637, 'displayNames': [{'language': 'ko', 'name': '그래프 이론', 'short': '그래프 이론'}, {'language': 'en', 'name': 'graph theory', 'short': 'graph'}, {'language': 'ja', 'name': 'グラフ理論', 'short': 'グラフ'}], 'aliases': [{'alias': '그래프이론'}, {'alias': '그래프'}]}, {'key': 'graph_traversal', 'isMeta': False, 'bojTagId': 11, 'problemCount': 1983, 'displayNames': [{'language': 'ko', 'name': '그래프 탐색', 'short': '그래프 탐색'}, {'language': 'en', 'name': 'graph traversal', 'short': 'traversal'}, {'language': 'ja', 'name': 'グラフの探索', 'short': '横断'}], 'aliases': [{'alias': 'bfs'}, {'alias': 'dfs'}]}, {'key': 'prefix_sum', 'isMeta': False, 'bojTagId': 139, 'problemCount': 953, 'displayNames': [{'language': 'ko', 'name': '누적 합', 'short': '누적 합'}, {'language': 'en', 'name': 'prefix sum', 'short': 'prefix sum'}, {'language': 'ja', 'name': '累積和', 'short': '累積和'}], 'aliases': [{'alias': '구간합'}, {'alias': '부분합'}, {'alias': 'rangesum'}]}]",{}
23822,Black Friday,"[{'language': 'ko', 'languageDisplayName': 'ko', 'title': 'Black Friday', 'isOriginal': True}]",True,False,14,22,4,False,False,False,5.0714,True,"[{'key': 'flow', 'isMeta': False, 'bojTagId': 45, 'problemCount': 325, 'displayNames': [{'language': 'ko', 'name': '최대 유량', 'short': '최대 유량'}, {'language': 'en', 'name': 'maximum flow', 'short': 'flow'}, {'language': 'ja', 'name': '最大フロー', 'short': 'flow'}], 'aliases': [{'alias': 'dinic'}, {'alias': 'dinitz'}, {'alias': 'ford'}, {'alias': 'fulkerson'}, {'alias': 'fordfulkerson'}, {'alias': '디닉'}, {'alias': '디니츠'}, {'alias': '포드풀커슨'}, {'alias': '플로우'}]}, {'key': 'graphs', 'isMeta': False, 'bojTagId': 7, 'problemCount': 3637, 'displayNames': [{'language': 'ko', 'name': '그래프 이론', 'short': '그래프 이론'}, {'language': 'en', 'name': 'graph theory', 'short': 'graph'}, {'language': 'ja', 'name': 'グラフ理論', 'short': 'グラフ'}], 'aliases': [{'alias': '그래프이론'}, {'alias': '그래프'}]}]",{}
23823,초코칩 케이크,"[{'language': 'ko', 'languageDisplayName': 'ko', 'title': '초코칩 케이크', 'isOriginal': True}]",True,False,82,11,28,False,False,False,1.7927,True,"[{'key': 'ad_hoc', 'isMeta': False, 'bojTagId': 109, 'problemCount': 1448, 'displayNames': [{'language': 'ko', 'name': '애드 혹', 'short': '애드 혹'}, {'language': 'en', 'name': 'ad-hoc', 'short': 'ad-hoc'}, {'language': 'ja', 'name': 'アドホック', 'short': 'アドホック'}], 'aliases': []}, {'key': 'math', 'isMeta': False, 'bojTagId': 124, 'problemCount': 6275, 'displayNames': [{'language': 'ko', 'name': '수학', 'short': '수학'}, {'language': 'en', 'name': 'mathematics', 'short': 'math'}, {'language': 'ja', 'name': '数学', 'short': '数学'}], 'aliases': []}]",{}
23824,서버 증축,"[{'language': 'ko', 'languageDisplayName': 'ko', 'title': '서버 증축', 'isOriginal': True}]",True,False,20,21,8,False,False,False,2.75,True,"[{'key': 'combinatorics', 'isMeta': False, 'bojTagId': 6, 'problemCount': 895, 'displayNames': [{'language': 'ko', 'name': '조합론', 'short': '조합론'}, {'language': 'en', 'name': 'combinatorics', 'short': 'combinatorics'}, {'language': 'ja', 'name': '組み合わせ', 'short': '組み合わせ'}], 'aliases': [{'alias': 'combination'}, {'alias': 'permutation'}, {'alias': 'probability'}, {'alias': '확률'}, {'alias': '순열'}]}, {'key': 'generating_function', 'isMeta': False, 'bojTagId': 198, 'problemCount': 18, 'displayNames': [{'language': 'ko', 'name': '생성 함수', 'short': '생성 함수'}, {'language': 'en', 'name': 'generating function', 'short': 'generating function'}, {'language': 'ja', 'name': '生成関数', 'short': '生成関数'}], 'aliases': []}, {'key': 'inclusion_and_exclusion', 'isMeta': False, 'bojTagId': 38, 'problemCount': 157, 'displayNames': [{'language': 'ko', 'name': '포함 배제의 원리', 'short': '포함 배제의 원리'}, {'language': 'en', 'name': 'inclusion and exclusion', 'short': 'inclusion and exclusion'}, {'language': 'ja', 'name': '包除原理', 'short': '包除原理'}], 'aliases': []}, {'key': 'lucas', 'isMeta': False, 'bojTagId': 113, 'problemCount': 13, 'displayNames': [{'language': 'ko', 'name': '뤼카 정리', 'short': '뤼카 정리'}, {'language': 'en', 'name': 'lucas theorem', 'short': 'lucas thm'}, {'language': 'ja', 'name': 'lucas theorem', 'short': 'lucas thm'}], 'aliases': []}, {'key': 'math', 'isMeta': False, 'bojTagId': 124, 'problemCount': 6275, 'displayNames': [{'language': 'ko', 'name': '수학', 'short': '수학'}, {'language': 'en', 'name': 'mathematics', 'short': 'math'}, {'language': 'ja', 'name': '数学', 'short': '数学'}], 'aliases': []}, {'key': 'number_theory', 'isMeta': False, 'bojTagId': 95, 'problemCount': 1419, 'displayNames': [{'language': 'ko', 'name': '정수론', 'short': '정수론'}, {'language': 'en', 'name': 'number theory', 'short': 'number theory'}, {'language': 'ja', 'name': '整数論', 'short': '整数論'}], 'aliases': []}]",{}
23825,SASA 모형을 만들어보자,"[{'language': 'ko', 'languageDisplayName': 'ko', 'title': 'SASA 모형을 만들어보자', 'isOriginal': True}]",True,False,3198,2,118,False,False,False,1.2733,True,"[{'key': 'arithmetic', 'isMeta': False, 'bojTagId': 121, 'problemCount': 1097, 'displayNames': [{'language': 'ko', 'name': '사칙연산', 'short': '사칙연산'}, {'language': 'en', 'name': 'arithmetic', 'short': 'arithmetic'}, {'language': 'ja', 'name': '算数', 'short': '算数'}], 'aliases': [{'alias': '덧셈'}, {'alias': '뺄셈'}, {'alias': '곱셈'}, {'alias': '나눗셈'}, {'alias': '더하기'}, {'alias': '빼기'}, {'alias': '곱하기'}, {'alias': '나누기'}]}, {'key': 'math', 'isMeta': False, 'bojTagId': 124, 'problemCount': 6275, 'displayNames': [{'language': 'ko', 'name': '수학', 'short': '수학'}, {'language': 'en', 'name': 'mathematics', 'short': 'math'}, {'language': 'ja', 'name': '数学', 'short': '数学'}], 'aliases': []}]",{}
23826,와이파이,"[{'language': 'ko', 'languageDisplayName': 'ko', 'title': '와이파이', 'isOriginal': True}]",True,False,179,7,16,False,False,False,1.5028,True,"[{'key': 'bruteforcing', 'isMeta': False, 'bojTagId': 125, 'problemCount': 2158, 'displayNames': [{'language': 'ko', 'name': '브루트포스 알고리즘', 'short': '브루트포스 알고리즘'}, {'language': 'en', 'name': 'bruteforcing', 'short': 'bruteforce'}, {'language': 'ja', 'name': '全探索', 'short': '全探索'}], 'aliases': [{'alias': '완전탐색'}, {'alias': '완전 탐색'}, {'alias': '브루트포스'}, {'alias': 'bruteforce'}, {'alias': 'brute force'}, {'alias': '완탐'}]}, {'key': 'implementation', 'isMeta': False, 'bojTagId': 102, 'problemCount': 5468, 'displayNames': [{'language': 'ko', 'name': '구현', 'short': '구현'}, {'language': 'en', 'name': 'implementation', 'short': 'impl'}, {'language': 'ja', 'name': '実装', 'short': 'impl'}], 'aliases': []}]",{}
23827,수열 (Easy),"[{'language': 'ko', 'languageDisplayName': 'ko', 'title': '수열 (Easy)', 'isOriginal': True}]",True,False,648,7,48,False,False,False,3.0247,True,"[{'key': 'math', 'isMeta': False, 'bojTagId': 124, 'problemCount': 6275, 'displayNames': [{'language': 'ko', 'name': '수학', 'short': '수학'}, {'language': 'en', 'name': 'mathematics', 'short': 'math'}, {'language': 'ja', 'name': '数学', 'short': '数学'}], 'aliases': []}, {'key': 'prefix_sum', 'isMeta': False, 'bojTagId': 139, 'problemCount': 953, 'displayNames': [{'language': 'ko', 'name': '누적 합', 'short': '누적 합'}, {'language': 'en', 'name': 'prefix sum', 'short': 'prefix sum'}, {'language': 'ja', 'name': '累積和', 'short': '累積和'}], 'aliases': [{'alias': '구간합'}, {'alias': '부분합'}, {'alias': 'rangesum'}]}]",{}
23828,수열 (Hard),"[{'language': 'ko', 'languageDisplayName': 'ko', 'title': '수열 (Hard)', 'isOriginal': True}]",True,False,88,13,22,False,False,False,1.9205,True,"[{'key': 'dp', 'isMeta': False, 'bojTagId': 25, 'problemCount': 3982, 'displayNames': [{'language': 'ko', 'name': '다이나믹 프로그래밍', 'short': '다이나믹 프로그래밍'}, {'language': 'en', 'name': 'dynamic programming', 'short': 'dp'}, {'language': 'ja', 'name': '動的計画法', 'short': 'dp'}], 'aliases': [{'alias': '동적계획법'}, {'alias': '동적 계획법'}, {'alias': '다이나믹프로그래밍'}]}, {'key': 'math', 'isMeta': False, 'bojTagId': 124, 'problemCount': 6275, 'displayNames': [{'language': 'ko', 'name': '수학', 'short': '수학'}, {'language': 'en', 'name': 'mathematics', 'short': 'math'}, {'language': 'ja', 'name': '数学', 'short': '数学'}], 'aliases': []}]",{}
23829,인문예술탐사주간,"[{'language': 'ko', 'languageDisplayName': 'ko', 'title': '인문예술탐사주간', 'isOriginal': True}]",True,False,190,12,23,False,False,False,3.3368,True,"[{'key': 'binary_search', 'isMeta': False, 'bojTagId': 12, 'problemCount': 1206, 'displayNames': [{'language': 'ko', 'name': '이분 탐색', 'short': '이분 탐색'}, {'language': 'en', 'name': 'binary search', 'short': 'binary search'}, {'language': 'ja', 'name': '二分探索', 'short': '二分探索'}], 'aliases': [{'alias': '이분탐색'}, {'alias': '이진탐색'}]}, {'key': 'prefix_sum', 'isMeta': False, 'bojTagId': 139, 'problemCount': 953, 'displayNames': [{'language': 'ko', 'name': '누적 합', 'short': '누적 합'}, {'language': 'en', 'name': 'prefix sum', 'short': 'prefix sum'}, {'language': 'ja', 'name': '累積和', 'short': '累積和'}], 'aliases': [{'alias': '구간합'}, {'alias': '부분합'}, {'alias': 'rangesum'}]}]",{}
23830,제기차기,"[{'language': 'ko', 'languageDisplayName': 'ko', 'title': '제기차기', 'isOriginal': True}]",True,False,107,12,19,False,False,False,3.6168,True,"[{'key': 'binary_search', 'isMeta': False, 'bojTagId': 12, 'problemCount': 1206, 'displayNames': [{'language': 'ko', 'name': '이분 탐색', 'short': '이분 탐색'}, {'language': 'en', 'name': 'binary search', 'short': 'binary search'}, {'language': 'ja', 'name': '二分探索', 'short': '二分探索'}], 'aliases': [{'alias': '이분탐색'}, {'alias': '이진탐색'}]}, {'key': 'parametric_search', 'isMeta': False, 'bojTagId': 170, 'problemCount': 368, 'displayNames': [{'language': 'ko', 'name': '매개 변수 탐색', 'short': '매개 변수 탐색'}, {'language': 'en', 'name': 'parametric search', 'short': 'parametric search'}, {'language': 'ja', 'name': 'parametric search', 'short': 'parametric search'}], 'aliases': [{'alias': '파라메트릭'}]}]",{}
23831,나 퇴사임?,"[{'language': 'ko', 'languageDisplayName': 'ko', 'title': '나 퇴사임?', 'isOriginal': True}]",True,False,81,13,18,False,False,False,2.9877,True,"[{'key': 'dp', 'isMeta': False, 'bojTagId': 25, 'problemCount': 3982, 'displayNames': [{'language': 'ko', 'name': '다이나믹 프로그래밍', 'short': '다이나믹 프로그래밍'}, {'language': 'en', 'name': 'dynamic programming', 'short': 'dp'}, {'language': 'ja', 'name': '動的計画法', 'short': 'dp'}], 'aliases': [{'alias': '동적계획법'}, {'alias': '동적 계획법'}, {'alias': '다이나믹프로그래밍'}]}]",{}
23832,서로소 그래프,"[{'language': 'ko', 'languageDisplayName': 'ko', 'title': '서로소 그래프', 'isOriginal': True}]",True,False,413,15,69,False,False,False,1.431,True,"[{'key': 'euler_phi', 'isMeta': False, 'bojTagId': 151, 'problemCount': 40, 'displayNames': [{'language': 'ko', 'name': '오일러 피 함수', 'short': '오일러 피 함수'}, {'language': 'en', 'name': 'euler totient function', 'short': 'euler phi function'}, {'language': 'ja', 'name': 'euler totient function', 'short': 'euler phi function'}], 'aliases': [{'alias': '오일러 파이'}, {'alias': '토션트'}, {'alias': 'eulerphi'}, {'alias': 'euler phi'}]}, {'key': 'math', 'isMeta': False, 'bojTagId': 124, 'problemCount': 6275, 'displayNames': [{'language': 'ko', 'name': '수학', 'short': '수학'}, {'language': 'en', 'name': 'mathematics', 'short': 'math'}, {'language': 'ja', 'name': '数学', 'short': '数学'}], 'aliases': []}, {'key': 'number_theory', 'isMeta': False, 'bojTagId': 95, 'problemCount': 1419, 'displayNames': [{'language': 'ko', 'name': '정수론', 'short': '정수론'}, {'language': 'en', 'name': 'number theory', 'short': 'number theory'}, {'language': 'ja', 'name': '整数論', 'short': '整数論'}], 'aliases': []}]",{}
23833,F1ow3rC0n,"[{'language': 'ko', 'languageDisplayName': 'ko', 'title': 'F1ow3rC0n', 'isOriginal': True}]",True,False,57,17,28,False,False,False,1.807,True,"[{'key': 'data_structures', 'isMeta': False, 'bojTagId': 175, 'problemCount': 3772, 'displayNames': [{'language': 'ko', 'name': '자료 구조', 'short': '자료 구조'}, {'language': 'en', 'name': 'data structures', 'short': 'ds'}, {'language': 'ja', 'name': 'データ構造', 'short': 'ds'}], 'aliases': [{'alias': '자료구조'}, {'alias': '자구'}]}, {'key': 'segtree', 'isMeta': False, 'bojTagId': 65, 'problemCount': 1289, 'displayNames': [{'language': 'ko', 'name': '세그먼트 트리', 'short': '세그먼트 트리'}, {'language': 'en', 'name': 'segment tree', 'short': 'segtree'}, {'language': 'ja', 'name': 'セグメント木', 'short': 'セグ木'}], 'aliases': [{'alias': '구간트리'}, {'alias': '세그트리'}, {'alias': 'fenwick'}, {'alias': '펜윅'}]}]",{}
23834,커여운 키위,"[{'language': 'ko', 'languageDisplayName': 'ko', 'title': '커여운 키위', 'isOriginal': True}]",True,False,74,18,28,False,False,False,4.4054,True,"[{'key': 'data_structures', 'isMeta': False, 'bojTagId': 175, 'problemCount': 3772, 'displayNames': [{'language': 'ko', 'name': '자료 구조', 'short': '자료 구조'}, {'language': 'en', 'name': 'data structures', 'short': 'ds'}, {'language': 'ja', 'name': 'データ構造', 'short': 'ds'}], 'aliases': [{'alias': '자료구조'}, {'alias': '자구'}]}, {'key': 'deque', 'isMeta': False, 'bojTagId': 73, 'problemCount': 120, 'displayNames': [{'language': 'ko', 'name': '덱', 'short': '덱'}, {'language': 'en', 'name': 'deque', 'short': 'deque'}, {'language': 'ja', 'name': '両端キュー', 'short': 'deque'}], 'aliases': []}, {'key': 'deque_trick', 'isMeta': False, 'bojTagId': 216, 'problemCount': 34, 'displayNames': [{'language': 'ko', 'name': '덱을 이용한 구간 최댓값 트릭', 'short': '덱 트릭'}, {'language': 'en', 'name': 'deque range maximum trick', 'short': 'deque rmq trick'}, {'language': 'ja', 'name': 'deque range maximum trick', 'short': 'deque rmq trick'}], 'aliases': []}, {'key': 'dp', 'isMeta': False, 'bojTagId': 25, 'problemCount': 3982, 'displayNames': [{'language': 'ko', 'name': '다이나믹 프로그래밍', 'short': '다이나믹 프로그래밍'}, {'language': 'en', 'name': 'dynamic programming', 'short': 'dp'}, {'language': 'ja', 'name': '動的計画法', 'short': 'dp'}], 'aliases': [{'alias': '동적계획법'}, {'alias': '동적 계획법'}, {'alias': '다이나믹프로그래밍'}]}, {'key': 'dp_deque', 'isMeta': False, 'bojTagId': 108, 'problemCount': 29, 'displayNames': [{'language': 'ko', 'name': '덱을 이용한 다이나믹 프로그래밍', 'short': '덱을 이용한 다이나믹 프로그래밍'}, {'language': 'en', 'name': 'dynamic programming using a deque', 'short': 'deque dp'}, {'language': 'ja', 'name': '両端キューを使用した動的計画法', 'short': 'deque dp'}], 'aliases': [{'alias': '동적계획법'}, {'alias': '덱dp'}]}, {'key': 'prefix_sum', 'isMeta': False, 'bojTagId': 139, 'problemCount': 953, 'displayNames': [{'language': 'ko', 'name': '누적 합', 'short': '누적 합'}, {'language': 'en', 'name': 'prefix sum', 'short': 'prefix sum'}, {'language': 'ja', 'name': '累積和', 'short': '累積和'}], 'aliases': [{'alias': '구간합'}, {'alias': '부분합'}, {'alias': 'rangesum'}]}, {'key': 'segtree', 'isMeta': False, 'bojTagId': 65, 'problemCount': 1289, 'displayNames': [{'language': 'ko', 'name': '세그먼트 트리', 'short': '세그먼트 트리'}, {'language': 'en', 'name': 'segment tree', 'short': 'segtree'}, {'language': 'ja', 'name': 'セグメント木', 'short': 'セグ木'}], 'aliases': [{'alias': '구간트리'}, {'alias': '세그트리'}, {'alias': 'fenwick'}, {'alias': '펜윅'}]}]",{}
23835,어떤 우유의 배달목록 (Easy),"[{'language': 'ko', 'languageDisplayName': 'ko', 'title': '어떤 우유의 배달목록 (Easy)', 'isOriginal': True}]",True,False,138,12,19,False,False,False,1.4783,True,"[{'key': 'dfs', 'isMeta': False, 'bojTagId': 127, 'problemCount': 807, 'displayNames': [{'language': 'ko', 'name': '깊이 우선 탐색', 'short': '깊이 우선 탐색'}, {'language': 'en', 'name': 'depth-first search', 'short': 'dfs'}, {'language': 'ja', 'name': '深さ優先探索', 'short': 'dfs'}], 'aliases': [{'alias': 'depth first'}, {'alias': 'depthfirst'}]}, {'key': 'graphs', 'isMeta': False, 'bojTagId': 7, 'problemCount': 3637, 'displayNames': [{'language': 'ko', 'name': '그래프 이론', 'short': '그래프 이론'}, {'language': 'en', 'name': 'graph theory', 'short': 'graph'}, {'language': 'ja', 'name': 'グラフ理論', 'short': 'グラフ'}], 'aliases': [{'alias': '그래프이론'}, {'alias': '그래프'}]}, {'key': 'graph_traversal', 'isMeta': False, 'bojTagId': 11, 'problemCount': 1983, 'displayNames': [{'language': 'ko', 'name': '그래프 탐색', 'short': '그래프 탐색'}, {'language': 'en', 'name': 'graph traversal', 'short': 'traversal'}, {'language': 'ja', 'name': 'グラフの探索', 'short': '横断'}], 'aliases': [{'alias': 'bfs'}, {'alias': 'dfs'}]}, {'key': 'trees', 'isMeta': False, 'bojTagId': 120, 'problemCount': 1384, 'displayNames': [{'language': 'ko', 'name': '트리', 'short': '트리'}, {'language': 'en', 'name': 'tree', 'short': 'tree'}, {'language': 'ja', 'name': '木', 'short': '木'}], 'aliases': [{'alias': 'trees'}]}]",{}
23836,어떤 우유의 배달목록 (Hard),"[{'language': 'ko', 'languageDisplayName': 'ko', 'title': '어떤 우유의 배달목록 (Hard)', 'isOriginal': True}]",True,False,65,21,34,False,False,False,2.9692,True,"[{'key': 'data_structures', 'isMeta': False, 'bojTagId': 175, 'problemCount': 3772, 'displayNames': [{'language': 'ko', 'name': '자료 구조', 'short': '자료 구조'}, {'language': 'en', 'name': 'data structures', 'short': 'ds'}, {'language': 'ja', 'name': 'データ構造', 'short': 'ds'}], 'aliases': [{'alias': '자료구조'}, {'alias': '자구'}]}, {'key': 'hld', 'isMeta': False, 'bojTagId': 35, 'problemCount': 82, 'displayNames': [{'language': 'ko', 'name': 'Heavy-light 분할', 'short': 'Heavy-light 분할'}, {'language': 'en', 'name': 'heavy-light decomposition', 'short': 'hld'}, {'language': 'ja', 'name': 'heavy-light decomposition', 'short': 'hld'}], 'aliases': []}, {'key': 'lazyprop', 'isMeta': False, 'bojTagId': 66, 'problemCount': 300, 'displayNames': [{'language': 'ko', 'name': '느리게 갱신되는 세그먼트 트리', 'short': '느리게 갱신되는 세그먼트 트리'}, {'language': 'en', 'name': 'segment tree with lazy propagation', 'short': 'lazyprop'}, {'language': 'ja', 'name': '遅延評価セグメント木', 'short': '遅延評価セグ木'}], 'aliases': [{'alias': '레이지'}, {'alias': '레이지프로퍼게이션'}, {'alias': '레이지프로파게이션'}, {'alias': '구간트리'}, {'alias': 'fenwick'}, {'alias': '펜윅'}]}, {'key': 'segtree', 'isMeta': False, 'bojTagId': 65, 'problemCount': 1289, 'displayNames': [{'language': 'ko', 'name': '세그먼트 트리', 'short': '세그먼트 트리'}, {'language': 'en', 'name': 'segment tree', 'short': 'segtree'}, {'language': 'ja', 'name': 'セグメント木', 'short': 'セグ木'}], 'aliases': [{'alias': '구간트리'}, {'alias': '세그트리'}, {'alias': 'fenwick'}, {'alias': '펜윅'}]}, {'key': 'trees', 'isMeta': False, 'bojTagId': 120, 'problemCount': 1384, 'displayNames': [{'language': 'ko', 'name': '트리', 'short': '트리'}, {'language': 'en', 'name': 'tree', 'short': 'tree'}, {'language': 'ja', 'name': '木', 'short': '木'}], 'aliases': [{'alias': 'trees'}]}]",{}
23837,구사과 시티,"[{'language': 'ko', 'languageDisplayName': 'ko', 'title': '구사과 시티', 'isOriginal': True}]",True,False,1,24,1,False,False,False,2.0,True,"[{'key': 'data_structures', 'isMeta': False, 'bojTagId': 175, 'problemCount': 3772, 'displayNames': [{'language': 'ko', 'name': '자료 구조', 'short': '자료 구조'}, {'language': 'en', 'name': 'data structures', 'short': 'ds'}, {'language': 'ja', 'name': 'データ構造', 'short': 'ds'}], 'aliases': [{'alias': '자료구조'}, {'alias': '자구'}]}, {'key': 'implementation', 'isMeta': False, 'bojTagId': 102, 'problemCount': 5468, 'displayNames': [{'language': 'ko', 'name': '구현', 'short': '구현'}, {'language': 'en', 'name': 'implementation', 'short': 'impl'}, {'language': 'ja', 'name': '実装', 'short': 'impl'}], 'aliases': []}, {'key': 'segtree', 'isMeta': False, 'bojTagId': 65, 'problemCount': 1289, 'displayNames': [{'language': 'ko', 'name': '세그먼트 트리', 'short': '세그먼트 트리'}, {'language': 'en', 'name': 'segment tree', 'short': 'segtree'}, {'language': 'ja', 'name': 'セグメント木', 'short': 'セグ木'}], 'aliases': [{'alias': '구간트리'}, {'alias': '세그트리'}, {'alias': 'fenwick'}, {'alias': '펜윅'}]}]",{}
23838,웜뱃,"[{'language': 'ko', 'languageDisplayName': 'ko', 'title': '웜뱃', 'isOriginal': True}]",True,False,21,26,6,False,False,False,1.9524,True,"[{'key': 'data_structures', 'isMeta': False, 'bojTagId': 175, 'problemCount': 3772, 'displayNames': [{'language': 'ko', 'name': '자료 구조', 'short': '자료 구조'}, {'language': 'en', 'name': 'data structures', 'short': 'ds'}, {'language': 'ja', 'name': 'データ構造', 'short': 'ds'}], 'aliases': [{'alias': '자료구조'}, {'alias': '자구'}]}, {'key': 'dp', 'isMeta': False, 'bojTagId': 25, 'problemCount': 3982, 'displayNames': [{'language': 'ko', 'name': '다이나믹 프로그래밍', 'short': '다이나믹 프로그래밍'}, {'language': 'en', 'name': 'dynamic programming', 'short': 'dp'}, {'language': 'ja', 'name': '動的計画法', 'short': 'dp'}], 'aliases': [{'alias': '동적계획법'}, {'alias': '동적 계획법'}, {'alias': '다이나믹프로그래밍'}]}, {'key': 'knuth', 'isMeta': False, 'bojTagId': 90, 'problemCount': 6, 'displayNames': [{'language': 'ko', 'name': '크누스 최적화', 'short': '크누스 최적화'}, {'language': 'en', 'name': 'knuth optimization', 'short': 'knuth'}, {'language': 'ja', 'name': 'knuth optimization', 'short': 'knuth'}], 'aliases': []}, {'key': 'segtree', 'isMeta': False, 'bojTagId': 65, 'problemCount': 1289, 'displayNames': [{'language': 'ko', 'name': '세그먼트 트리', 'short': '세그먼트 트리'}, {'language': 'en', 'name': 'segment tree', 'short': 'segtree'}, {'language': 'ja', 'name': 'セグメント木', 'short': 'セグ木'}], 'aliases': [{'alias': '구간트리'}, {'alias': '세그트리'}, {'alias': 'fenwick'}, {'alias': '펜윅'}]}, {'key': 'sqrt_decomposition', 'isMeta': False, 'bojTagId': 130, 'problemCount': 113, 'displayNames': [{'language': 'ko', 'name': '제곱근 분할법', 'short': '제곱근 분할법'}, {'language': 'en', 'name': 'square root decomposition', 'short': 'sqrt decomposition'}, {'language': 'ja', 'name': '平方分割', 'short': '平方分割'}], 'aliases': [{'alias': '루트분할법'}, {'alias': '평방분할법'}, {'alias': '모'}, {'alias': 'mo'}, {'alias': 'sqrt'}]}]",{}
23839,바자와 샤자,"[{'language': 'ko', 'languageDisplayName': 'ko', 'title': '바자와 샤자', 'isOriginal': True}]",True,False,22,23,8,False,False,False,4.1818,True,"[{'key': 'data_structures', 'isMeta': False, 'bojTagId': 175, 'problemCount': 3772, 'displayNames': [{'language': 'ko', 'name': '자료 구조', 'short': '자료 구조'}, {'language': 'en', 'name': 'data structures', 'short': 'ds'}, {'language': 'ja', 'name': 'データ構造', 'short': 'ds'}], 'aliases': [{'alias': '자료구조'}, {'alias': '자구'}]}, {'key': 'implementation', 'isMeta': False, 'bojTagId': 102, 'problemCount': 5468, 'displayNames': [{'language': 'ko', 'name': '구현', 'short': '구현'}, {'language': 'en', 'name': 'implementation', 'short': 'impl'}, {'language': 'ja', 'name': '実装', 'short': 'impl'}], 'aliases': []}, {'key': 'multi_segtree', 'isMeta': False, 'bojTagId': 166, 'problemCount': 29, 'displayNames': [{'language': 'ko', 'name': '다차원 세그먼트 트리', 'short': '다차원 세그먼트 트리'}, {'language': 'en', 'name': 'multidimensional segment tree', 'short': 'multidimensional segtree'}, {'language': 'ja', 'name': 'multidimensional segment tree', 'short': 'multidimensional segtree'}], 'aliases': [{'alias': '구간트리'}, {'alias': '세그트리'}, {'alias': 'fenwick'}, {'alias': '펜윅'}]}, {'key': 'segtree', 'isMeta': False, 'bojTagId': 65, 'problemCount': 1289, 'displayNames': [{'language': 'ko', 'name': '세그먼트 트리', 'short': '세그먼트 트리'}, {'language': 'en', 'name': 'segment tree', 'short': 'segtree'}, {'language': 'ja', 'name': 'セグメント木', 'short': 'セグ木'}], 'aliases': [{'alias': '구간트리'}, {'alias': '세그트리'}, {'alias': 'fenwick'}, {'alias': '펜윅'}]}]",{}
23840,두 단계 최단 경로 4,"[{'language': 'ko', 'languageDisplayName': 'ko', 'title': '두 단계 최단 경로 4', 'isOriginal': True}]",True,False,110,17,34,False,False,False,5.0818,True,"[{'key': 'bitmask', 'isMeta': False, 'bojTagId': 14, 'problemCount': 717, 'displayNames': [{'language': 'ko', 'name': '비트마스킹', 'short': '비트마스킹'}, {'language': 'en', 'name': 'bitmask', 'short': 'bitmask'}, {'language': 'ja', 'name': 'ビット表現', 'short': 'ビット表現'}], 'aliases': [{'alias': '비트필드'}, {'alias': '비트마스크'}]}, {'key': 'dijkstra', 'isMeta': False, 'bojTagId': 22, 'problemCount': 573, 'displayNames': [{'language': 'ko', 'name': '데이크스트라', 'short': '데이크스트라'}, {'language': 'en', 'name': ""dijkstra's"", 'short': ""dijkstra's""}, {'language': 'ja', 'name': 'ダイクストラ法', 'short': 'ダイクストラ法'}], 'aliases': [{'alias': '다익'}, {'alias': '다익스트라'}, {'alias': '데이크스트라'}]}, {'key': 'dp', 'isMeta': False, 'bojTagId': 25, 'problemCount': 3982, 'displayNames': [{'language': 'ko', 'name': '다이나믹 프로그래밍', 'short': '다이나믹 프로그래밍'}, {'language': 'en', 'name': 'dynamic programming', 'short': 'dp'}, {'language': 'ja', 'name': '動的計画法', 'short': 'dp'}], 'aliases': [{'alias': '동적계획법'}, {'alias': '동적 계획법'}, {'alias': '다이나믹프로그래밍'}]}, {'key': 'dp_bitfield', 'isMeta': False, 'bojTagId': 87, 'problemCount': 299, 'displayNames': [{'language': 'ko', 'name': '비트필드를 이용한 다이나믹 프로그래밍', 'short': '비트필드를 이용한 다이나믹 프로그래밍'}, {'language': 'en', 'name': 'dynamic programming using bitfield', 'short': 'bitfield dp'}, {'language': 'ja', 'name': 'ビットを使用した動的計画法', 'short': 'ビットdp'}], 'aliases': [{'alias': '동적계획법'}, {'alias': '비트마스크'}, {'alias': '비트dp'}]}, {'key': 'graphs', 'isMeta': False, 'bojTagId': 7, 'problemCount': 3637, 'displayNames': [{'language': 'ko', 'name': '그래프 이론', 'short': '그래프 이론'}, {'language': 'en', 'name': 'graph theory', 'short': 'graph'}, {'language': 'ja', 'name': 'グラフ理論', 'short': 'グラフ'}], 'aliases': [{'alias': '그래프이론'}, {'alias': '그래프'}]}, {'key': 'shortest_path', 'isMeta': False, 'bojTagId': 215, 'problemCount': 760, 'displayNames': [{'language': 'ko', 'name': '최단 경로', 'short': '최단 경로'}, {'language': 'en', 'name': 'shortest path', 'short': 'shortest path'}, {'language': 'ja', 'name': '最短経路', 'short': '最短経路'}], 'aliases': []}, {'key': 'tsp', 'isMeta': False, 'bojTagId': 138, 'problemCount': 59, 'displayNames': [{'language': 'ko', 'name': '외판원 순회 문제', 'short': '외판원 순회 문제'}, {'language': 'en', 'name': 'travelling salesman problem', 'short': 'tsp'}, {'language': 'ja', 'name': '巡回セールスマン問題', 'short': '巡回セールスマン'}], 'aliases': [{'alias': '외판원순회'}]}]",{}
23841,데칼코마니,"[{'language': 'ko', 'languageDisplayName': 'ko', 'title': '데칼코마니', 'isOriginal': True}]",True,False,819,5,44,False,False,False,1.2967,True,"[{'key': 'implementation', 'isMeta': False, 'bojTagId': 102, 'problemCount': 5468, 'displayNames': [{'language': 'ko', 'name': '구현', 'short': '구현'}, {'language': 'en', 'name': 'implementation', 'short': 'impl'}, {'language': 'ja', 'name': '実装', 'short': 'impl'}], 'aliases': []}, {'key': 'string', 'isMeta': False, 'bojTagId': 158, 'problemCount': 2357, 'displayNames': [{'language': 'ko', 'name': '문자열', 'short': '문자열'}, {'language': 'en', 'name': 'string', 'short': 'string'}, {'language': 'ja', 'name': '文字列', 'short': '文字列'}], 'aliases': [{'alias': '스트링'}]}]",{}
23842,성냥개비,"[{'language': 'ko', 'languageDisplayName': 'ko', 'title': '성냥개비', 'isOriginal': True}]",True,False,254,7,29,False,False,False,2.1496,True,"[{'key': 'bruteforcing', 'isMeta': False, 'bojTagId': 125, 'problemCount': 2158, 'displayNames': [{'language': 'ko', 'name': '브루트포스 알고리즘', 'short': '브루트포스 알고리즘'}, {'language': 'en', 'name': 'bruteforcing', 'short': 'bruteforce'}, {'language': 'ja', 'name': '全探索', 'short': '全探索'}], 'aliases': [{'alias': '완전탐색'}, {'alias': '완전 탐색'}, {'alias': '브루트포스'}, {'alias': 'bruteforce'}, {'alias': 'brute force'}, {'alias': '완탐'}]}]",{}
23843,콘센트,"[{'language': 'ko', 'languageDisplayName': 'ko', 'title': '콘센트', 'isOriginal': True}]",True,False,713,11,52,False,False,False,2.0,True,"[{'key': 'data_structures', 'isMeta': False, 'bojTagId': 175, 'problemCount': 3772, 'displayNames': [{'language': 'ko', 'name': '자료 구조', 'short': '자료 구조'}, {'language': 'en', 'name': 'data structures', 'short': 'ds'}, {'language': 'ja', 'name': 'データ構造', 'short': 'ds'}], 'aliases': [{'alias': '자료구조'}, {'alias': '자구'}]}, {'key': 'greedy', 'isMeta': False, 'bojTagId': 33, 'problemCount': 2504, 'displayNames': [{'language': 'ko', 'name': '그리디 알고리즘', 'short': '그리디 알고리즘'}, {'language': 'en', 'name': 'greedy', 'short': 'greedy'}, {'language': 'ja', 'name': '貪欲法', 'short': '貪欲法'}], 'aliases': [{'alias': '탐욕법'}]}, {'key': 'priority_queue', 'isMeta': False, 'bojTagId': 59, 'problemCount': 421, 'displayNames': [{'language': 'ko', 'name': '우선순위 큐', 'short': '우선순위 큐'}, {'language': 'en', 'name': 'priority queue', 'short': 'priority queue'}, {'language': 'ja', 'name': '優先度付きキュー', 'short': '優先度付きキュー'}], 'aliases': [{'alias': 'heap'}, {'alias': '힙'}]}, {'key': 'sorting', 'isMeta': False, 'bojTagId': 97, 'problemCount': 1833, 'displayNames': [{'language': 'ko', 'name': '정렬', 'short': '정렬'}, {'language': 'en', 'name': 'sorting', 'short': 'sorting'}, {'language': 'ja', 'name': 'ソート', 'short': 'ソート'}], 'aliases': []}]",{}
23844,트리 정리하기,"[{'language': 'ko', 'languageDisplayName': 'ko', 'title': '트리 정리하기', 'isOriginal': True}]",True,False,114,15,18,False,False,False,2.2281,True,"[{'key': 'greedy', 'isMeta': False, 'bojTagId': 33, 'problemCount': 2504, 'displayNames': [{'language': 'ko', 'name': '그리디 알고리즘', 'short': '그리디 알고리즘'}, {'language': 'en', 'name': 'greedy', 'short': 'greedy'}, {'language': 'ja', 'name': '貪欲法', 'short': '貪欲法'}], 'aliases': [{'alias': '탐욕법'}]}, {'key': 'trees', 'isMeta': False, 'bojTagId': 120, 'problemCount': 1384, 'displayNames': [{'language': 'ko', 'name': '트리', 'short': '트리'}, {'language': 'en', 'name': 'tree', 'short': 'tree'}, {'language': 'ja', 'name': '木', 'short': '木'}], 'aliases': [{'alias': 'trees'}]}]",{}
23845,마트료시카,"[{'language': 'ko', 'languageDisplayName': 'ko', 'title': '마트료시카', 'isOriginal': True}]",True,False,147,13,29,False,False,False,2.5714,True,"[{'key': 'greedy', 'isMeta': False, 'bojTagId': 33, 'problemCount': 2504, 'displayNames': [{'language': 'ko', 'name': '그리디 알고리즘', 'short': '그리디 알고리즘'}, {'language': 'en', 'name': 'greedy', 'short': 'greedy'}, {'language': 'ja', 'name': '貪欲法', 'short': '貪欲法'}], 'aliases': [{'alias': '탐욕법'}]}]",{}
23846,징검다리 건너기,"[{'language': 'ko', 'languageDisplayName': 'ko', 'title': '징검다리 건너기', 'isOriginal': True}]",True,False,52,14,18,False,False,False,2.7115,True,"[{'key': 'dp', 'isMeta': False, 'bojTagId': 25, 'problemCount': 3982, 'displayNames': [{'language': 'ko', 'name': '다이나믹 프로그래밍', 'short': '다이나믹 프로그래밍'}, {'language': 'en', 'name': 'dynamic programming', 'short': 'dp'}, {'language': 'ja', 'name': '動的計画法', 'short': 'dp'}], 'aliases': [{'alias': '동적계획법'}, {'alias': '동적 계획법'}, {'alias': '다이나믹프로그래밍'}]}, {'key': 'math', 'isMeta': False, 'bojTagId': 124, 'problemCount': 6275, 'displayNames': [{'language': 'ko', 'name': '수학', 'short': '수학'}, {'language': 'en', 'name': 'mathematics', 'short': 'math'}, {'language': 'ja', 'name': '数学', 'short': '数学'}], 'aliases': []}, {'key': 'probability', 'isMeta': False, 'bojTagId': 177, 'problemCount': 307, 'displayNames': [{'language': 'ko', 'name': '확률론', 'short': '확률론'}, {'language': 'en', 'name': 'probability theory', 'short': 'probability'}, {'language': 'ja', 'name': '確率論', 'short': '確率論'}], 'aliases': [{'alias': 'expected value'}, {'alias': '기대값'}, {'alias': '기댓값'}]}]",{}
23847,INU 막대기,"[{'language': 'ko', 'languageDisplayName': 'ko', 'title': 'INU 막대기', 'isOriginal': True}]",True,False,79,14,20,False,False,False,2.0127,True,"[{'key': 'case_work', 'isMeta': False, 'bojTagId': 137, 'problemCount': 856, 'displayNames': [{'language': 'ko', 'name': '많은 조건 분기', 'short': '많은 조건 분기'}, {'language': 'en', 'name': 'case work', 'short': 'case work'}, {'language': 'ja', 'name': 'ケースワーク', 'short': 'ケースワーク'}], 'aliases': [{'alias': '케이스'}, {'alias': '케이스워크'}, {'alias': '케이스 워크'}]}, {'key': 'graphs', 'isMeta': False, 'bojTagId': 7, 'problemCount': 3637, 'displayNames': [{'language': 'ko', 'name': '그래프 이론', 'short': '그래프 이론'}, {'language': 'en', 'name': 'graph theory', 'short': 'graph'}, {'language': 'ja', 'name': 'グラフ理論', 'short': 'グラフ'}], 'aliases': [{'alias': '그래프이론'}, {'alias': '그래프'}]}]",{}
23848,등비수열의 합,"[{'language': 'ko', 'languageDisplayName': 'ko', 'title': '등비수열의 합', 'isOriginal': True}]",True,False,127,13,22,False,False,False,3.3071,True,"[{'key': 'bruteforcing', 'isMeta': False, 'bojTagId': 125, 'problemCount': 2158, 'displayNames': [{'language': 'ko', 'name': '브루트포스 알고리즘', 'short': '브루트포스 알고리즘'}, {'language': 'en', 'name': 'bruteforcing', 'short': 'bruteforce'}, {'language': 'ja', 'name': '全探索', 'short': '全探索'}], 'aliases': [{'alias': '완전탐색'}, {'alias': '완전 탐색'}, {'alias': '브루트포스'}, {'alias': 'bruteforce'}, {'alias': 'brute force'}, {'alias': '완탐'}]}, {'key': 'math', 'isMeta': False, 'bojTagId': 124, 'problemCount': 6275, 'displayNames': [{'language': 'ko', 'name': '수학', 'short': '수학'}, {'language': 'en', 'name': 'mathematics', 'short': 'math'}, {'language': 'ja', 'name': '数学', 'short': '数学'}], 'aliases': []}]",{}
23849,Lampice,"[{'language': 'en', 'languageDisplayName': 'en', 'title': 'Lampice', 'isOriginal': True}]",True,False,7,12,2,False,False,False,1.1429,True,"[{'key': 'bruteforcing', 'isMeta': False, 'bojTagId': 125, 'problemCount': 2158, 'displayNames': [{'language': 'ko', 'name': '브루트포스 알고리즘', 'short': '브루트포스 알고리즘'}, {'language': 'en', 'name': 'bruteforcing', 'short': 'bruteforce'}, {'language': 'ja', 'name': '全探索', 'short': '全探索'}], 'aliases': [{'alias': '완전탐색'}, {'alias': '완전 탐색'}, {'alias': '브루트포스'}, {'alias': 'bruteforce'}, {'alias': 'brute force'}, {'alias': '완탐'}]}]",{}
23850,Cijanobakterije,"[{'language': 'en', 'languageDisplayName': 'en', 'title': 'Cijanobakterije', 'isOriginal': True}]",True,False,11,13,2,False,False,False,1.4545,True,"[{'key': 'graphs', 'isMeta': False, 'bojTagId': 7, 'problemCount': 3637, 'displayNames': [{'language': 'ko', 'name': '그래프 이론', 'short': '그래프 이론'}, {'language': 'en', 'name': 'graph theory', 'short': 'graph'}, {'language': 'ja', 'name': 'グラフ理論', 'short': 'グラフ'}], 'aliases': [{'alias': '그래프이론'}, {'alias': '그래프'}]}, {'key': 'graph_traversal', 'isMeta': False, 'bojTagId': 11, 'problemCount': 1983, 'displayNames': [{'language': 'ko', 'name': '그래프 탐색', 'short': '그래프 탐색'}, {'language': 'en', 'name': 'graph traversal', 'short': 'traversal'}, {'language': 'ja', 'name': 'グラフの探索', 'short': '横断'}], 'aliases': [{'alias': 'bfs'}, {'alias': 'dfs'}]}, {'key': 'trees', 'isMeta': False, 'bojTagId': 120, 'problemCount': 1384, 'displayNames': [{'language': 'ko', 'name': '트리', 'short': '트리'}, {'language': 'en', 'name': 'tree', 'short': 'tree'}, {'language': 'ja', 'name': '木', 'short': '木'}], 'aliases': [{'alias': 'trees'}]}]",{}
23851,Akcija,"[{'language': 'en', 'languageDisplayName': 'en', 'title': 'Akcija', 'isOriginal': True}]",True,False,4,23,2,False,False,False,8.0,True,"[{'key': 'binary_search', 'isMeta': False, 'bojTagId': 12, 'problemCount': 1206, 'displayNames': [{'language': 'ko', 'name': '이분 탐색', 'short': '이분 탐색'}, {'language': 'en', 'name': 'binary search', 'short': 'binary search'}, {'language': 'ja', 'name': '二分探索', 'short': '二分探索'}], 'aliases': [{'alias': '이분탐색'}, {'alias': '이진탐색'}]}, {'key': 'dp', 'isMeta': False, 'bojTagId': 25, 'problemCount': 3982, 'displayNames': [{'language': 'ko', 'name': '다이나믹 프로그래밍', 'short': '다이나믹 프로그래밍'}, {'language': 'en', 'name': 'dynamic programming', 'short': 'dp'}, {'language': 'ja', 'name': '動的計画法', 'short': 'dp'}], 'aliases': [{'alias': '동적계획법'}, {'alias': '동적 계획법'}, {'alias': '다이나믹프로그래밍'}]}]",{}
23852,Ekoeko,"[{'language': 'en', 'languageDisplayName': 'en', 'title': 'Ekoeko', 'isOriginal': True}]",True,False,9,21,3,False,False,False,1.4444,True,"[{'key': 'constructive', 'isMeta': False, 'bojTagId': 128, 'problemCount': 986, 'displayNames': [{'language': 'ko', 'name': '해 구성하기', 'short': '해 구성하기'}, {'language': 'en', 'name': 'constructive', 'short': 'constructive'}, {'language': 'ja', 'name': '構成的', 'short': '構成的'}], 'aliases': [{'alias': 'constructive'}, {'alias': '컨스트럭티브'}, {'alias': '구성적'}]}, {'key': 'data_structures', 'isMeta': False, 'bojTagId': 175, 'problemCount': 3772, 'displayNames': [{'language': 'ko', 'name': '자료 구조', 'short': '자료 구조'}, {'language': 'en', 'name': 'data structures', 'short': 'ds'}, {'language': 'ja', 'name': 'データ構造', 'short': 'ds'}], 'aliases': [{'alias': '자료구조'}, {'alias': '자구'}]}, {'key': 'segtree', 'isMeta': False, 'bojTagId': 65, 'problemCount': 1289, 'displayNames': [{'language': 'ko', 'name': '세그먼트 트리', 'short': '세그먼트 트리'}, {'language': 'en', 'name': 'segment tree', 'short': 'segtree'}, {'language': 'ja', 'name': 'セグメント木', 'short': 'セグ木'}], 'aliases': [{'alias': '구간트리'}, {'alias': '세그트리'}, {'alias': 'fenwick'}, {'alias': '펜윅'}]}, {'key': 'string', 'isMeta': False, 'bojTagId': 158, 'problemCount': 2357, 'displayNames': [{'language': 'ko', 'name': '문자열', 'short': '문자열'}, {'language': 'en', 'name': 'string', 'short': 'string'}, {'language': 'ja', 'name': '文字列', 'short': '文字列'}], 'aliases': [{'alias': '스트링'}]}]",{}
23853,Kućice,"[{'language': 'en', 'languageDisplayName': 'en', 'title': 'Kućice', 'isOriginal': True}]",True,False,2,0,0,False,False,False,1.0,True,[],{}
23854,The Battle of Giants,"[{'language': 'en', 'languageDisplayName': 'en', 'title': 'The Battle of Giants', 'isOriginal': True}]",True,False,132,4,20,False,False,False,1.6667,True,"[{'key': 'arithmetic', 'isMeta': False, 'bojTagId': 121, 'problemCount': 1097, 'displayNames': [{'language': 'ko', 'name': '사칙연산', 'short': '사칙연산'}, {'language': 'en', 'name': 'arithmetic', 'short': 'arithmetic'}, {'language': 'ja', 'name': '算数', 'short': '算数'}], 'aliases': [{'alias': '덧셈'}, {'alias': '뺄셈'}, {'alias': '곱셈'}, {'alias': '나눗셈'}, {'alias': '더하기'}, {'alias': '빼기'}, {'alias': '곱하기'}, {'alias': '나누기'}]}, {'key': 'greedy', 'isMeta': False, 'bojTagId': 33, 'problemCount': 2504, 'displayNames': [{'language': 'ko', 'name': '그리디 알고리즘', 'short': '그리디 알고리즘'}, {'language': 'en', 'name': 'greedy', 'short': 'greedy'}, {'language': 'ja', 'name': '貪欲法', 'short': '貪欲法'}], 'aliases': [{'alias': '탐욕법'}]}, {'key': 'math', 'isMeta': False, 'bojTagId': 124, 'problemCount': 6275, 'displayNames': [{'language': 'ko', 'name': '수학', 'short': '수학'}, {'language': 'en', 'name': 'mathematics', 'short': 'math'}, {'language': 'ja', 'name': '数学', 'short': '数学'}], 'aliases': []}]",{}
23855,Tetris Remastered,"[{'language': 'en', 'languageDisplayName': 'en', 'title': 'Tetris Remastered', 'isOriginal': True}]",True,False,16,11,2,False,False,False,2.625,True,"[{'key': 'data_structures', 'isMeta': False, 'bojTagId': 175, 'problemCount': 3772, 'displayNames': [{'language': 'ko', 'name': '자료 구조', 'short': '자료 구조'}, {'language': 'en', 'name': 'data structures', 'short': 'ds'}, {'language': 'ja', 'name': 'データ構造', 'short': 'ds'}], 'aliases': [{'alias': '자료구조'}, {'alias': '자구'}]}, {'key': 'math', 'isMeta': False, 'bojTagId': 124, 'problemCount': 6275, 'displayNames': [{'language': 'ko', 'name': '수학', 'short': '수학'}, {'language': 'en', 'name': 'mathematics', 'short': 'math'}, {'language': 'ja', 'name': '数学', 'short': '数学'}], 'aliases': []}, {'key': 'stack', 'isMeta': False, 'bojTagId': 71, 'problemCount': 372, 'displayNames': [{'language': 'ko', 'name': '스택', 'short': '스택'}, {'language': 'en', 'name': 'stack', 'short': 'stack'}, {'language': 'ja', 'name': 'スタック', 'short': 'スタック'}], 'aliases': []}]",{}
23856,Optimal Truck,"[{'language': 'en', 'languageDisplayName': 'en', 'title': 'Optimal Truck', 'isOriginal': True}]",True,False,5,15,2,False,False,False,1.4,True,"[{'key': 'binary_search', 'isMeta': False, 'bojTagId': 12, 'problemCount': 1206, 'displayNames': [{'language': 'ko', 'name': '이분 탐색', 'short': '이분 탐색'}, {'language': 'en', 'name': 'binary search', 'short': 'binary search'}, {'language': 'ja', 'name': '二分探索', 'short': '二分探索'}], 'aliases': [{'alias': '이분탐색'}, {'alias': '이진탐색'}]}, {'key': 'prefix_sum', 'isMeta': False, 'bojTagId': 139, 'problemCount': 953, 'displayNames': [{'language': 'ko', 'name': '누적 합', 'short': '누적 합'}, {'language': 'en', 'name': 'prefix sum', 'short': 'prefix sum'}, {'language': 'ja', 'name': '累積和', 'short': '累積和'}], 'aliases': [{'alias': '구간합'}, {'alias': '부분합'}, {'alias': 'rangesum'}]}, {'key': 'sorting', 'isMeta': False, 'bojTagId': 97, 'problemCount': 1833, 'displayNames': [{'language': 'ko', 'name': '정렬', 'short': '정렬'}, {'language': 'en', 'name': 'sorting', 'short': 'sorting'}, {'language': 'ja', 'name': 'ソート', 'short': 'ソート'}], 'aliases': []}]",{}
23857,Bookshelf Sorting,"[{'language': 'en', 'languageDisplayName': 'en', 'title': 'Bookshelf Sorting', 'isOriginal': True}]",True,False,5,20,3,False,False,False,1.2,True,"[{'key': 'data_structures', 'isMeta': False, 'bojTagId': 175, 'problemCount': 3772, 'displayNames': [{'language': 'ko', 'name': '자료 구조', 'short': '자료 구조'}, {'language': 'en', 'name': 'data structures', 'short': 'ds'}, {'language': 'ja', 'name': 'データ構造', 'short': 'ds'}], 'aliases': [{'alias': '자료구조'}, {'alias': '자구'}]}, {'key': 'segtree', 'isMeta': False, 'bojTagId': 65, 'problemCount': 1289, 'displayNames': [{'language': 'ko', 'name': '세그먼트 트리', 'short': '세그먼트 트리'}, {'language': 'en', 'name': 'segment tree', 'short': 'segtree'}, {'language': 'ja', 'name': 'セグメント木', 'short': 'セグ木'}], 'aliases': [{'alias': '구간트리'}, {'alias': '세그트리'}, {'alias': 'fenwick'}, {'alias': '펜윅'}]}]",{}
23858,Nice Shape,"[{'language': 'en', 'languageDisplayName': 'en', 'title': 'Nice Shape', 'isOriginal': True}]",True,False,1,22,1,False,False,False,4.0,True,"[{'key': 'case_work', 'isMeta': False, 'bojTagId': 137, 'problemCount': 856, 'displayNames': [{'language': 'ko', 'name': '많은 조건 분기', 'short': '많은 조건 분기'}, {'language': 'en', 'name': 'case work', 'short': 'case work'}, {'language': 'ja', 'name': 'ケースワーク', 'short': 'ケースワーク'}], 'aliases': [{'alias': '케이스'}, {'alias': '케이스워크'}, {'alias': '케이스 워크'}]}, {'key': 'sqrt_decomposition', 'isMeta': False, 'bojTagId': 130, 'problemCount': 113, 'displayNames': [{'language': 'ko', 'name': '제곱근 분할법', 'short': '제곱근 분할법'}, {'language': 'en', 'name': 'square root decomposition', 'short': 'sqrt decomposition'}, {'language': 'ja', 'name': '平方分割', 'short': '平方分割'}], 'aliases': [{'alias': '루트분할법'}, {'alias': '평방분할법'}, {'alias': '모'}, {'alias': 'mo'}, {'alias': 'sqrt'}]}]",{}
23859,Snowman,"[{'language': 'en', 'languageDisplayName': 'en', 'title': 'Snowman', 'isOriginal': True}]",True,False,33,5,10,False,False,False,1.7576,True,"[{'key': 'greedy', 'isMeta': False, 'bojTagId': 33, 'problemCount': 2504, 'displayNames': [{'language': 'ko', 'name': '그리디 알고리즘', 'short': '그리디 알고리즘'}, {'language': 'en', 'name': 'greedy', 'short': 'greedy'}, {'language': 'ja', 'name': '貪欲法', 'short': '貪欲法'}], 'aliases': [{'alias': '탐욕법'}]}, {'key': 'string', 'isMeta': False, 'bojTagId': 158, 'problemCount': 2357, 'displayNames': [{'language': 'ko', 'name': '문자열', 'short': '문자열'}, {'language': 'en', 'name': 'string', 'short': 'string'}, {'language': 'ja', 'name': '文字列', 'short': '文字列'}], 'aliases': [{'alias': '스트링'}]}]",{}
23860,Teacher Sorting,"[{'language': 'en', 'languageDisplayName': 'en', 'title': 'Teacher Sorting', 'isOriginal': True}]",True,False,5,0,0,False,False,False,1.2,True,[],{}
23861,Garbage Robot,"[{'language': 'en', 'languageDisplayName': 'en', 'title': 'Garbage Robot', 'isOriginal': True}]",True,False,0,0,0,False,False,False,0.0,True,[],{}
23862,Digidivisible Numbers,"[{'language': 'en', 'languageDisplayName': 'en', 'title': 'Digidivisible Numbers', 'isOriginal': True}]",True,False,0,0,0,False,False,False,0.0,True,[],{}
23863,Yet Another Minimax Problem,"[{'language': 'en', 'languageDisplayName': 'en', 'title': 'Yet Another Minimax Problem', 'isOriginal': True}]",True,False,26,24,8,False,False,False,1.6538,True,"[{'key': 'geometry', 'isMeta': False, 'bojTagId': 100, 'problemCount': 1482, 'displayNames': [{'language': 'ko', 'name': '기하학', 'short': '기하학'}, {'language': 'en', 'name': 'geometry', 'short': 'geom'}, {'language': 'ja', 'name': '幾何学', 'short': '幾何'}], 'aliases': []}, {'key': 'sweeping', 'isMeta': False, 'bojTagId': 106, 'problemCount': 469, 'displayNames': [{'language': 'ko', 'name': '스위핑', 'short': '스위핑'}, {'language': 'en', 'name': 'sweeping', 'short': 'sweeping'}, {'language': 'ja', 'name': '平面走査', 'short': '平面走査'}], 'aliases': [{'alias': '라인 스위핑'}]}]",{}
23864,Parking Problem,"[{'language': 'en', 'languageDisplayName': 'en', 'title': 'Parking Problem', 'isOriginal': True}]",True,False,2,0,0,False,False,False,6.0,True,[],{}
23865,Diamond Hands,"[{'language': 'en', 'languageDisplayName': 'en', 'title': 'Diamond Hands', 'isOriginal': True}]",True,False,3,13,1,False,False,False,3.3333,True,"[{'key': 'constructive', 'isMeta': False, 'bojTagId': 128, 'problemCount': 986, 'displayNames': [{'language': 'ko', 'name': '해 구성하기', 'short': '해 구성하기'}, {'language': 'en', 'name': 'constructive', 'short': 'constructive'}, {'language': 'ja', 'name': '構成的', 'short': '構成的'}], 'aliases': [{'alias': 'constructive'}, {'alias': '컨스트럭티브'}, {'alias': '구성적'}]}, {'key': 'implementation', 'isMeta': False, 'bojTagId': 102, 'problemCount': 5468, 'displayNames': [{'language': 'ko', 'name': '구현', 'short': '구현'}, {'language': 'en', 'name': 'implementation', 'short': 'impl'}, {'language': 'ja', 'name': '実装', 'short': 'impl'}], 'aliases': []}, {'key': 'simulation', 'isMeta': False, 'bojTagId': 141, 'problemCount': 1066, 'displayNames': [{'language': 'ko', 'name': '시뮬레이션', 'short': '시뮬레이션'}, {'language': 'en', 'name': 'simulation', 'short': 'simulation'}, {'language': 'ja', 'name': 'シミュレーション', 'short': 'シミュレーション'}], 'aliases': []}]",{}
23866,RPS string,"[{'language': 'en', 'languageDisplayName': 'en', 'title': 'RPS string', 'isOriginal': True}]",True,False,1,0,0,False,False,False,1.0,True,[],{}
23867,Long puzzle,"[{'language': 'en', 'languageDisplayName': 'en', 'title': 'Long puzzle', 'isOriginal': True}]",True,False,1,0,0,False,False,False,1.0,True,[],{}
23868,Rooted MST,"[{'language': 'en', 'languageDisplayName': 'en', 'title': 'Rooted MST', 'isOriginal': True}]",True,False,8,26,2,False,False,False,2.625,True,"[{'key': 'data_structures', 'isMeta': False, 'bojTagId': 175, 'problemCount': 3772, 'displayNames': [{'language': 'ko', 'name': '자료 구조', 'short': '자료 구조'}, {'language': 'en', 'name': 'data structures', 'short': 'ds'}, {'language': 'ja', 'name': 'データ構造', 'short': 'ds'}], 'aliases': [{'alias': '자료구조'}, {'alias': '자구'}]}, {'key': 'disjoint_set', 'isMeta': False, 'bojTagId': 81, 'problemCount': 469, 'displayNames': [{'language': 'ko', 'name': '분리 집합', 'short': '분리 집합'}, {'language': 'en', 'name': 'disjoint set', 'short': 'dsu'}, {'language': 'ja', 'name': '素集合データ構造', 'short': '素集合データ構造'}], 'aliases': [{'alias': 'union'}, {'alias': 'find'}, {'alias': '유니온'}, {'alias': '파인드'}, {'alias': 'dsu'}]}, {'key': 'divide_and_conquer', 'isMeta': False, 'bojTagId': 24, 'problemCount': 412, 'displayNames': [{'language': 'ko', 'name': '분할 정복', 'short': '분할 정복'}, {'language': 'en', 'name': 'divide and conquer', 'short': 'd&c'}, {'language': 'ja', 'name': '分割統治法', 'short': '分割統治法'}], 'aliases': [{'alias': 'dnc'}]}, {'key': 'dp', 'isMeta': False, 'bojTagId': 25, 'problemCount': 3982, 'displayNames': [{'language': 'ko', 'name': '다이나믹 프로그래밍', 'short': '다이나믹 프로그래밍'}, {'language': 'en', 'name': 'dynamic programming', 'short': 'dp'}, {'language': 'ja', 'name': '動的計画法', 'short': 'dp'}], 'aliases': [{'alias': '동적계획법'}, {'alias': '동적 계획법'}, {'alias': '다이나믹프로그래밍'}]}, {'key': 'offline_queries', 'isMeta': False, 'bojTagId': 123, 'problemCount': 253, 'displayNames': [{'language': 'ko', 'name': '오프라인 쿼리', 'short': '오프라인 쿼리'}, {'language': 'en', 'name': 'offline queries', 'short': 'offline query'}, {'language': 'ja', 'name': 'offline queries', 'short': 'offline query'}], 'aliases': [{'alias': 'offlinequery'}]}, {'key': 'segtree', 'isMeta': False, 'bojTagId': 65, 'problemCount': 1289, 'displayNames': [{'language': 'ko', 'name': '세그먼트 트리', 'short': '세그먼트 트리'}, {'language': 'en', 'name': 'segment tree', 'short': 'segtree'}, {'language': 'ja', 'name': 'セグメント木', 'short': 'セグ木'}], 'aliases': [{'alias': '구간트리'}, {'alias': '세그트리'}, {'alias': 'fenwick'}, {'alias': '펜윅'}]}]",{}
23869,Tickets,"[{'language': 'en', 'languageDisplayName': 'en', 'title': 'Tickets', 'isOriginal': True}]",True,False,28,22,7,False,False,False,1.3929,True,"[{'key': 'data_structures', 'isMeta': False, 'bojTagId': 175, 'problemCount': 3772, 'displayNames': [{'language': 'ko', 'name': '자료 구조', 'short': '자료 구조'}, {'language': 'en', 'name': 'data structures', 'short': 'ds'}, {'language': 'ja', 'name': 'データ構造', 'short': 'ds'}], 'aliases': [{'alias': '자료구조'}, {'alias': '자구'}]}, {'key': 'dijkstra', 'isMeta': False, 'bojTagId': 22, 'problemCount': 573, 'displayNames': [{'language': 'ko', 'name': '데이크스트라', 'short': '데이크스트라'}, {'language': 'en', 'name': ""dijkstra's"", 'short': ""dijkstra's""}, {'language': 'ja', 'name': 'ダイクストラ法', 'short': 'ダイクストラ法'}], 'aliases': [{'alias': '다익'}, {'alias': '다익스트라'}, {'alias': '데이크스트라'}]}, {'key': 'graphs', 'isMeta': False, 'bojTagId': 7, 'problemCount': 3637, 'displayNames': [{'language': 'ko', 'name': '그래프 이론', 'short': '그래프 이론'}, {'language': 'en', 'name': 'graph theory', 'short': 'graph'}, {'language': 'ja', 'name': 'グラフ理論', 'short': 'グラフ'}], 'aliases': [{'alias': '그래프이론'}, {'alias': '그래프'}]}, {'key': 'segtree', 'isMeta': False, 'bojTagId': 65, 'problemCount': 1289, 'displayNames': [{'language': 'ko', 'name': '세그먼트 트리', 'short': '세그먼트 트리'}, {'language': 'en', 'name': 'segment tree', 'short': 'segtree'}, {'language': 'ja', 'name': 'セグメント木', 'short': 'セグ木'}], 'aliases': [{'alias': '구간트리'}, {'alias': '세그트리'}, {'alias': 'fenwick'}, {'alias': '펜윅'}]}, {'key': 'shortest_path', 'isMeta': False, 'bojTagId': 215, 'problemCount': 760, 'displayNames': [{'language': 'ko', 'name': '최단 경로', 'short': '최단 경로'}, {'language': 'en', 'name': 'shortest path', 'short': 'shortest path'}, {'language': 'ja', 'name': '最短経路', 'short': '最短経路'}], 'aliases': []}]",{}
23870,Paired Up,"[{'language': 'en', 'languageDisplayName': 'en', 'title': 'Paired Up', 'isOriginal': True}]",True,False,5,24,2,False,False,False,2.8,True,"[{'key': 'data_structures', 'isMeta': False, 'bojTagId': 175, 'problemCount': 3772, 'displayNames': [{'language': 'ko', 'name': '자료 구조', 'short': '자료 구조'}, {'language': 'en', 'name': 'data structures', 'short': 'ds'}, {'language': 'ja', 'name': 'データ構造', 'short': 'ds'}], 'aliases': [{'alias': '자료구조'}, {'alias': '자구'}]}, {'key': 'deque', 'isMeta': False, 'bojTagId': 73, 'problemCount': 120, 'displayNames': [{'language': 'ko', 'name': '덱', 'short': '덱'}, {'language': 'en', 'name': 'deque', 'short': 'deque'}, {'language': 'ja', 'name': '両端キュー', 'short': 'deque'}], 'aliases': []}, {'key': 'deque_trick', 'isMeta': False, 'bojTagId': 216, 'problemCount': 34, 'displayNames': [{'language': 'ko', 'name': '덱을 이용한 구간 최댓값 트릭', 'short': '덱 트릭'}, {'language': 'en', 'name': 'deque range maximum trick', 'short': 'deque rmq trick'}, {'language': 'ja', 'name': 'deque range maximum trick', 'short': 'deque rmq trick'}], 'aliases': []}, {'key': 'dp', 'isMeta': False, 'bojTagId': 25, 'problemCount': 3982, 'displayNames': [{'language': 'ko', 'name': '다이나믹 프로그래밍', 'short': '다이나믹 프로그래밍'}, {'language': 'en', 'name': 'dynamic programming', 'short': 'dp'}, {'language': 'ja', 'name': '動的計画法', 'short': 'dp'}], 'aliases': [{'alias': '동적계획법'}, {'alias': '동적 계획법'}, {'alias': '다이나믹프로그래밍'}]}, {'key': 'dp_deque', 'isMeta': False, 'bojTagId': 108, 'problemCount': 29, 'displayNames': [{'language': 'ko', 'name': '덱을 이용한 다이나믹 프로그래밍', 'short': '덱을 이용한 다이나믹 프로그래밍'}, {'language': 'en', 'name': 'dynamic programming using a deque', 'short': 'deque dp'}, {'language': 'ja', 'name': '両端キューを使用した動的計画法', 'short': 'deque dp'}], 'aliases': [{'alias': '동적계획법'}, {'alias': '덱dp'}]}]",{}
23871,HILO,"[{'language': 'en', 'languageDisplayName': 'en', 'title': 'HILO', 'isOriginal': True}]",True,False,19,21,7,False,False,False,1.0526,True,"[{'key': 'combinatorics', 'isMeta': False, 'bojTagId': 6, 'problemCount': 895, 'displayNames': [{'language': 'ko', 'name': '조합론', 'short': '조합론'}, {'language': 'en', 'name': 'combinatorics', 'short': 'combinatorics'}, {'language': 'ja', 'name': '組み合わせ', 'short': '組み合わせ'}], 'aliases': [{'alias': 'combination'}, {'alias': 'permutation'}, {'alias': 'probability'}, {'alias': '확률'}, {'alias': '순열'}]}, {'key': 'dp', 'isMeta': False, 'bojTagId': 25, 'problemCount': 3982, 'displayNames': [{'language': 'ko', 'name': '다이나믹 프로그래밍', 'short': '다이나믹 프로그래밍'}, {'language': 'en', 'name': 'dynamic programming', 'short': 'dp'}, {'language': 'ja', 'name': '動的計画法', 'short': 'dp'}], 'aliases': [{'alias': '동적계획법'}, {'alias': '동적 계획법'}, {'alias': '다이나믹프로그래밍'}]}, {'key': 'math', 'isMeta': False, 'bojTagId': 124, 'problemCount': 6275, 'displayNames': [{'language': 'ko', 'name': '수학', 'short': '수학'}, {'language': 'en', 'name': 'mathematics', 'short': 'math'}, {'language': 'ja', 'name': '数学', 'short': '数学'}], 'aliases': []}, {'key': 'prefix_sum', 'isMeta': False, 'bojTagId': 139, 'problemCount': 953, 'displayNames': [{'language': 'ko', 'name': '누적 합', 'short': '누적 합'}, {'language': 'en', 'name': 'prefix sum', 'short': 'prefix sum'}, {'language': 'ja', 'name': '累積和', 'short': '累積和'}], 'aliases': [{'alias': '구간합'}, {'alias': '부분합'}, {'alias': 'rangesum'}]}]",{}
23872,Paired Up,"[{'language': 'en', 'languageDisplayName': 'en', 'title': 'Paired Up', 'isOriginal': True}]",True,False,42,19,22,False,False,False,1.7619,True,"[{'key': 'case_work', 'isMeta': False, 'bojTagId': 137, 'problemCount': 856, 'displayNames': [{'language': 'ko', 'name': '많은 조건 분기', 'short': '많은 조건 분기'}, {'language': 'en', 'name': 'case work', 'short': 'case work'}, {'language': 'ja', 'name': 'ケースワーク', 'short': 'ケースワーク'}], 'aliases': [{'alias': '케이스'}, {'alias': '케이스워크'}, {'alias': '케이스 워크'}]}, {'key': 'dp', 'isMeta': False, 'bojTagId': 25, 'problemCount': 3982, 'displayNames': [{'language': 'ko', 'name': '다이나믹 프로그래밍', 'short': '다이나믹 프로그래밍'}, {'language': 'en', 'name': 'dynamic programming', 'short': 'dp'}, {'language': 'ja', 'name': '動的計画法', 'short': 'dp'}], 'aliases': [{'alias': '동적계획법'}, {'alias': '동적 계획법'}, {'alias': '다이나믹프로그래밍'}]}, {'key': 'two_pointer', 'isMeta': False, 'bojTagId': 80, 'problemCount': 380, 'displayNames': [{'language': 'ko', 'name': '두 포인터', 'short': '두 포인터'}, {'language': 'en', 'name': 'two-pointer', 'short': 'two-pointer'}, {'language': 'ja', 'name': '尺取り法', 'short': '尺取り'}], 'aliases': [{'alias': '투포인터'}, {'alias': '인치웜'}, {'alias': 'inchworm'}, {'alias': 'twopointer'}]}]",{}
23873,HILO,"[{'language': 'en', 'languageDisplayName': 'en', 'title': 'HILO', 'isOriginal': True}]",True,False,46,19,26,False,False,False,2.5,True,"[{'key': 'data_structures', 'isMeta': False, 'bojTagId': 175, 'problemCount': 3772, 'displayNames': [{'language': 'ko', 'name': '자료 구조', 'short': '자료 구조'}, {'language': 'en', 'name': 'data structures', 'short': 'ds'}, {'language': 'ja', 'name': 'データ構造', 'short': 'ds'}], 'aliases': [{'alias': '자료구조'}, {'alias': '자구'}]}, {'key': 'segtree', 'isMeta': False, 'bojTagId': 65, 'problemCount': 1289, 'displayNames': [{'language': 'ko', 'name': '세그먼트 트리', 'short': '세그먼트 트리'}, {'language': 'en', 'name': 'segment tree', 'short': 'segtree'}, {'language': 'ja', 'name': 'セグメント木', 'short': 'セグ木'}], 'aliases': [{'alias': '구간트리'}, {'alias': '세그트리'}, {'alias': 'fenwick'}, {'alias': '펜윅'}]}, {'key': 'tree_set', 'isMeta': False, 'bojTagId': 74, 'problemCount': 488, 'displayNames': [{'language': 'ko', 'name': '트리를 사용한 집합과 맵', 'short': '트리를 사용한 집합과 맵'}, {'language': 'en', 'name': 'set / map by trees', 'short': 'treeset'}, {'language': 'ja', 'name': '木によるセット・マップ', 'short': 'treeset'}], 'aliases': [{'alias': '집합'}, {'alias': '맵'}, {'alias': '셋'}, {'alias': '딕셔너리'}, {'alias': 'dictionary'}, {'alias': 'map'}, {'alias': 'set'}, {'alias': 'bbst'}, {'alias': '트리'}, {'alias': 'tree'}]}]",{}
23874,Bracelet Crossings,"[{'language': 'en', 'languageDisplayName': 'en', 'title': 'Bracelet Crossings', 'isOriginal': True}]",True,False,27,17,12,False,False,False,3.1111,True,"[{'key': 'ad_hoc', 'isMeta': False, 'bojTagId': 109, 'problemCount': 1448, 'displayNames': [{'language': 'ko', 'name': '애드 혹', 'short': '애드 혹'}, {'language': 'en', 'name': 'ad-hoc', 'short': 'ad-hoc'}, {'language': 'ja', 'name': 'アドホック', 'short': 'アドホック'}], 'aliases': []}, {'key': 'case_work', 'isMeta': False, 'bojTagId': 137, 'problemCount': 856, 'displayNames': [{'language': 'ko', 'name': '많은 조건 분기', 'short': '많은 조건 분기'}, {'language': 'en', 'name': 'case work', 'short': 'case work'}, {'language': 'ja', 'name': 'ケースワーク', 'short': 'ケースワーク'}], 'aliases': [{'alias': '케이스'}, {'alias': '케이스워크'}, {'alias': '케이스 워크'}]}, {'key': 'data_structures', 'isMeta': False, 'bojTagId': 175, 'problemCount': 3772, 'displayNames': [{'language': 'ko', 'name': '자료 구조', 'short': '자료 구조'}, {'language': 'en', 'name': 'data structures', 'short': 'ds'}, {'language': 'ja', 'name': 'データ構造', 'short': 'ds'}], 'aliases': [{'alias': '자료구조'}, {'alias': '자구'}]}, {'key': 'geometry', 'isMeta': False, 'bojTagId': 100, 'problemCount': 1482, 'displayNames': [{'language': 'ko', 'name': '기하학', 'short': '기하학'}, {'language': 'en', 'name': 'geometry', 'short': 'geom'}, {'language': 'ja', 'name': '幾何学', 'short': '幾何'}], 'aliases': []}, {'key': 'implementation', 'isMeta': False, 'bojTagId': 102, 'problemCount': 5468, 'displayNames': [{'language': 'ko', 'name': '구현', 'short': '구현'}, {'language': 'en', 'name': 'implementation', 'short': 'impl'}, {'language': 'ja', 'name': '実装', 'short': 'impl'}], 'aliases': []}, {'key': 'stack', 'isMeta': False, 'bojTagId': 71, 'problemCount': 372, 'displayNames': [{'language': 'ko', 'name': '스택', 'short': '스택'}, {'language': 'en', 'name': 'stack', 'short': 'stack'}, {'language': 'ja', 'name': 'スタック', 'short': 'スタック'}], 'aliases': []}, {'key': 'trees', 'isMeta': False, 'bojTagId': 120, 'problemCount': 1384, 'displayNames': [{'language': 'ko', 'name': '트리', 'short': '트리'}, {'language': 'en', 'name': 'tree', 'short': 'tree'}, {'language': 'ja', 'name': '木', 'short': '木'}], 'aliases': [{'alias': 'trees'}]}]",{}
23875,Closest Cow Wins,"[{'language': 'en', 'languageDisplayName': 'en', 'title': 'Closest Cow Wins', 'isOriginal': True}]",True,False,79,19,28,False,False,False,2.1266,True,"[{'key': 'data_structures', 'isMeta': False, 'bojTagId': 175, 'problemCount': 3772, 'displayNames': [{'language': 'ko', 'name': '자료 구조', 'short': '자료 구조'}, {'language': 'en', 'name': 'data structures', 'short': 'ds'}, {'language': 'ja', 'name': 'データ構造', 'short': 'ds'}], 'aliases': [{'alias': '자료구조'}, {'alias': '자구'}]}, {'key': 'greedy', 'isMeta': False, 'bojTagId': 33, 'problemCount': 2504, 'displayNames': [{'language': 'ko', 'name': '그리디 알고리즘', 'short': '그리디 알고리즘'}, {'language': 'en', 'name': 'greedy', 'short': 'greedy'}, {'language': 'ja', 'name': '貪欲法', 'short': '貪欲法'}], 'aliases': [{'alias': '탐욕법'}]}, {'key': 'priority_queue', 'isMeta': False, 'bojTagId': 59, 'problemCount': 421, 'displayNames': [{'language': 'ko', 'name': '우선순위 큐', 'short': '우선순위 큐'}, {'language': 'en', 'name': 'priority queue', 'short': 'priority queue'}, {'language': 'ja', 'name': '優先度付きキュー', 'short': '優先度付きキュー'}], 'aliases': [{'alias': 'heap'}, {'alias': '힙'}]}, {'key': 'sorting', 'isMeta': False, 'bojTagId': 97, 'problemCount': 1833, 'displayNames': [{'language': 'ko', 'name': '정렬', 'short': '정렬'}, {'language': 'en', 'name': 'sorting', 'short': 'sorting'}, {'language': 'ja', 'name': 'ソート', 'short': 'ソート'}], 'aliases': []}, {'key': 'sweeping', 'isMeta': False, 'bojTagId': 106, 'problemCount': 469, 'displayNames': [{'language': 'ko', 'name': '스위핑', 'short': '스위핑'}, {'language': 'en', 'name': 'sweeping', 'short': 'sweeping'}, {'language': 'ja', 'name': '平面走査', 'short': '平面走査'}], 'aliases': [{'alias': '라인 스위핑'}]}, {'key': 'two_pointer', 'isMeta': False, 'bojTagId': 80, 'problemCount': 380, 'displayNames': [{'language': 'ko', 'name': '두 포인터', 'short': '두 포인터'}, {'language': 'en', 'name': 'two-pointer', 'short': 'two-pointer'}, {'language': 'ja', 'name': '尺取り法', 'short': '尺取り'}], 'aliases': [{'alias': '투포인터'}, {'alias': '인치웜'}, {'alias': 'inchworm'}, {'alias': 'twopointer'}]}]",{}
23876,Connecting Two Barns,"[{'language': 'en', 'languageDisplayName': 'en', 'title': 'Connecting Two Barns', 'isOriginal': True}]",True,False,103,16,32,False,False,False,3.9029,True,"[{'key': 'binary_search', 'isMeta': False, 'bojTagId': 12, 'problemCount': 1206, 'displayNames': [{'language': 'ko', 'name': '이분 탐색', 'short': '이분 탐색'}, {'language': 'en', 'name': 'binary search', 'short': 'binary search'}, {'language': 'ja', 'name': '二分探索', 'short': '二分探索'}], 'aliases': [{'alias': '이분탐색'}, {'alias': '이진탐색'}]}, {'key': 'data_structures', 'isMeta': False, 'bojTagId': 175, 'problemCount': 3772, 'displayNames': [{'language': 'ko', 'name': '자료 구조', 'short': '자료 구조'}, {'language': 'en', 'name': 'data structures', 'short': 'ds'}, {'language': 'ja', 'name': 'データ構造', 'short': 'ds'}], 'aliases': [{'alias': '자료구조'}, {'alias': '자구'}]}, {'key': 'disjoint_set', 'isMeta': False, 'bojTagId': 81, 'problemCount': 469, 'displayNames': [{'language': 'ko', 'name': '분리 집합', 'short': '분리 집합'}, {'language': 'en', 'name': 'disjoint set', 'short': 'dsu'}, {'language': 'ja', 'name': '素集合データ構造', 'short': '素集合データ構造'}], 'aliases': [{'alias': 'union'}, {'alias': 'find'}, {'alias': '유니온'}, {'alias': '파인드'}, {'alias': 'dsu'}]}, {'key': 'graphs', 'isMeta': False, 'bojTagId': 7, 'problemCount': 3637, 'displayNames': [{'language': 'ko', 'name': '그래프 이론', 'short': '그래프 이론'}, {'language': 'en', 'name': 'graph theory', 'short': 'graph'}, {'language': 'ja', 'name': 'グラフ理論', 'short': 'グラフ'}], 'aliases': [{'alias': '그래프이론'}, {'alias': '그래프'}]}, {'key': 'graph_traversal', 'isMeta': False, 'bojTagId': 11, 'problemCount': 1983, 'displayNames': [{'language': 'ko', 'name': '그래프 탐색', 'short': '그래프 탐색'}, {'language': 'en', 'name': 'graph traversal', 'short': 'traversal'}, {'language': 'ja', 'name': 'グラフの探索', 'short': '横断'}], 'aliases': [{'alias': 'bfs'}, {'alias': 'dfs'}]}]",{}
23877,Convoluted Intervals,"[{'language': 'en', 'languageDisplayName': 'en', 'title': 'Convoluted Intervals', 'isOriginal': True}]",True,False,129,15,38,False,False,False,1.9845,True,"[{'key': 'combinatorics', 'isMeta': False, 'bojTagId': 6, 'problemCount': 895, 'displayNames': [{'language': 'ko', 'name': '조합론', 'short': '조합론'}, {'language': 'en', 'name': 'combinatorics', 'short': 'combinatorics'}, {'language': 'ja', 'name': '組み合わせ', 'short': '組み合わせ'}], 'aliases': [{'alias': 'combination'}, {'alias': 'permutation'}, {'alias': 'probability'}, {'alias': '확률'}, {'alias': '순열'}]}, {'key': 'math', 'isMeta': False, 'bojTagId': 124, 'problemCount': 6275, 'displayNames': [{'language': 'ko', 'name': '수학', 'short': '수학'}, {'language': 'en', 'name': 'mathematics', 'short': 'math'}, {'language': 'ja', 'name': '数学', 'short': '数学'}], 'aliases': []}, {'key': 'prefix_sum', 'isMeta': False, 'bojTagId': 139, 'problemCount': 953, 'displayNames': [{'language': 'ko', 'name': '누적 합', 'short': '누적 합'}, {'language': 'en', 'name': 'prefix sum', 'short': 'prefix sum'}, {'language': 'ja', 'name': '累積和', 'short': '累積和'}], 'aliases': [{'alias': '구간합'}, {'alias': '부분합'}, {'alias': 'rangesum'}]}]",{}
23878,Lonely Photo,"[{'language': 'en', 'languageDisplayName': 'en', 'title': 'Lonely Photo', 'isOriginal': True}]",True,False,231,12,33,False,False,False,3.3593,True,"[{'key': 'combinatorics', 'isMeta': False, 'bojTagId': 6, 'problemCount': 895, 'displayNames': [{'language': 'ko', 'name': '조합론', 'short': '조합론'}, {'language': 'en', 'name': 'combinatorics', 'short': 'combinatorics'}, {'language': 'ja', 'name': '組み合わせ', 'short': '組み合わせ'}], 'aliases': [{'alias': 'combination'}, {'alias': 'permutation'}, {'alias': 'probability'}, {'alias': '확률'}, {'alias': '순열'}]}, {'key': 'math', 'isMeta': False, 'bojTagId': 124, 'problemCount': 6275, 'displayNames': [{'language': 'ko', 'name': '수학', 'short': '수학'}, {'language': 'en', 'name': 'mathematics', 'short': 'math'}, {'language': 'ja', 'name': '数学', 'short': '数学'}], 'aliases': []}]",{}
23879,Air Cownditioning,"[{'language': 'en', 'languageDisplayName': 'en', 'title': 'Air Cownditioning', 'isOriginal': True}]",True,False,196,13,38,False,False,False,1.9184,True,"[{'key': 'greedy', 'isMeta': False, 'bojTagId': 33, 'problemCount': 2504, 'displayNames': [{'language': 'ko', 'name': '그리디 알고리즘', 'short': '그리디 알고리즘'}, {'language': 'en', 'name': 'greedy', 'short': 'greedy'}, {'language': 'ja', 'name': '貪欲法', 'short': '貪欲法'}], 'aliases': [{'alias': '탐욕법'}]}]",{}
23880,Walking Home,"[{'language': 'en', 'languageDisplayName': 'en', 'title': 'Walking Home', 'isOriginal': True}]",True,False,187,12,35,False,False,False,1.4011,True,"[{'key': 'dp', 'isMeta': False, 'bojTagId': 25, 'problemCount': 3982, 'displayNames': [{'language': 'ko', 'name': '다이나믹 프로그래밍', 'short': '다이나믹 프로그래밍'}, {'language': 'en', 'name': 'dynamic programming', 'short': 'dp'}, {'language': 'ja', 'name': '動的計画法', 'short': 'dp'}], 'aliases': [{'alias': '동적계획법'}, {'alias': '동적 계획법'}, {'alias': '다이나믹프로그래밍'}]}]",{}
23881,알고리즘 수업 - 선택 정렬 1,"[{'language': 'ko', 'languageDisplayName': 'ko', 'title': '알고리즘 수업 - 선택 정렬 1', 'isOriginal': True}]",True,False,1099,5,44,False,False,False,2.5523,True,"[{'key': 'implementation', 'isMeta': False, 'bojTagId': 102, 'problemCount': 5468, 'displayNames': [{'language': 'ko', 'name': '구현', 'short': '구현'}, {'language': 'en', 'name': 'implementation', 'short': 'impl'}, {'language': 'ja', 'name': '実装', 'short': 'impl'}], 'aliases': []}, {'key': 'simulation', 'isMeta': False, 'bojTagId': 141, 'problemCount': 1066, 'displayNames': [{'language': 'ko', 'name': '시뮬레이션', 'short': '시뮬레이션'}, {'language': 'en', 'name': 'simulation', 'short': 'simulation'}, {'language': 'ja', 'name': 'シミュレーション', 'short': 'シミュレーション'}], 'aliases': []}, {'key': 'sorting', 'isMeta': False, 'bojTagId': 97, 'problemCount': 1833, 'displayNames': [{'language': 'ko', 'name': '정렬', 'short': '정렬'}, {'language': 'en', 'name': 'sorting', 'short': 'sorting'}, {'language': 'ja', 'name': 'ソート', 'short': 'ソート'}], 'aliases': []}]",{}
23882,알고리즘 수업 - 선택 정렬 2,"[{'language': 'ko', 'languageDisplayName': 'ko', 'title': '알고리즘 수업 - 선택 정렬 2', 'isOriginal': True}]",True,False,718,5,34,False,False,False,1.7117,True,"[{'key': 'implementation', 'isMeta': False, 'bojTagId': 102, 'problemCount': 5468, 'displayNames': [{'language': 'ko', 'name': '구현', 'short': '구현'}, {'language': 'en', 'name': 'implementation', 'short': 'impl'}, {'language': 'ja', 'name': '実装', 'short': 'impl'}], 'aliases': []}, {'key': 'simulation', 'isMeta': False, 'bojTagId': 141, 'problemCount': 1066, 'displayNames': [{'language': 'ko', 'name': '시뮬레이션', 'short': '시뮬레이션'}, {'language': 'en', 'name': 'simulation', 'short': 'simulation'}, {'language': 'ja', 'name': 'シミュレーション', 'short': 'シミュレーション'}], 'aliases': []}, {'key': 'sorting', 'isMeta': False, 'bojTagId': 97, 'problemCount': 1833, 'displayNames': [{'language': 'ko', 'name': '정렬', 'short': '정렬'}, {'language': 'en', 'name': 'sorting', 'short': 'sorting'}, {'language': 'ja', 'name': 'ソート', 'short': 'ソート'}], 'aliases': []}]",{}
23883,알고리즘 수업 - 선택 정렬 3,"[{'language': 'ko', 'languageDisplayName': 'ko', 'title': '알고리즘 수업 - 선택 정렬 3', 'isOriginal': True}]",True,False,189,12,20,False,False,False,3.5026,True,"[{'key': 'data_structures', 'isMeta': False, 'bojTagId': 175, 'problemCount': 3772, 'displayNames': [{'language': 'ko', 'name': '자료 구조', 'short': '자료 구조'}, {'language': 'en', 'name': 'data structures', 'short': 'ds'}, {'language': 'ja', 'name': 'データ構造', 'short': 'ds'}], 'aliases': [{'alias': '자료구조'}, {'alias': '자구'}]}, {'key': 'sorting', 'isMeta': False, 'bojTagId': 97, 'problemCount': 1833, 'displayNames': [{'language': 'ko', 'name': '정렬', 'short': '정렬'}, {'language': 'en', 'name': 'sorting', 'short': 'sorting'}, {'language': 'ja', 'name': 'ソート', 'short': 'ソート'}], 'aliases': []}, {'key': 'tree_set', 'isMeta': False, 'bojTagId': 74, 'problemCount': 488, 'displayNames': [{'language': 'ko', 'name': '트리를 사용한 집합과 맵', 'short': '트리를 사용한 집합과 맵'}, {'language': 'en', 'name': 'set / map by trees', 'short': 'treeset'}, {'language': 'ja', 'name': '木によるセット・マップ', 'short': 'treeset'}], 'aliases': [{'alias': '집합'}, {'alias': '맵'}, {'alias': '셋'}, {'alias': '딕셔너리'}, {'alias': 'dictionary'}, {'alias': 'map'}, {'alias': 'set'}, {'alias': 'bbst'}, {'alias': '트리'}, {'alias': 'tree'}]}]",{}
23884,알고리즘 수업 - 선택 정렬 4,"[{'language': 'ko', 'languageDisplayName': 'ko', 'title': '알고리즘 수업 - 선택 정렬 4', 'isOriginal': True}]",True,False,146,12,21,False,False,False,1.5068,True,"[{'key': 'coordinate_compression', 'isMeta': False, 'bojTagId': 161, 'problemCount': 226, 'displayNames': [{'language': 'ko', 'name': '값 / 좌표 압축', 'short': '값 / 좌표 압축'}, {'language': 'en', 'name': 'value / coordinate compression', 'short': 'compression'}, {'language': 'ja', 'name': 'value / coordinate compression', 'short': 'compression'}], 'aliases': [{'alias': 'zip'}]}, {'key': 'data_structures', 'isMeta': False, 'bojTagId': 175, 'problemCount': 3772, 'displayNames': [{'language': 'ko', 'name': '자료 구조', 'short': '자료 구조'}, {'language': 'en', 'name': 'data structures', 'short': 'ds'}, {'language': 'ja', 'name': 'データ構造', 'short': 'ds'}], 'aliases': [{'alias': '자료구조'}, {'alias': '자구'}]}, {'key': 'sorting', 'isMeta': False, 'bojTagId': 97, 'problemCount': 1833, 'displayNames': [{'language': 'ko', 'name': '정렬', 'short': '정렬'}, {'language': 'en', 'name': 'sorting', 'short': 'sorting'}, {'language': 'ja', 'name': 'ソート', 'short': 'ソート'}], 'aliases': []}, {'key': 'tree_set', 'isMeta': False, 'bojTagId': 74, 'problemCount': 488, 'displayNames': [{'language': 'ko', 'name': '트리를 사용한 집합과 맵', 'short': '트리를 사용한 집합과 맵'}, {'language': 'en', 'name': 'set / map by trees', 'short': 'treeset'}, {'language': 'ja', 'name': '木によるセット・マップ', 'short': 'treeset'}], 'aliases': [{'alias': '집합'}, {'alias': '맵'}, {'alias': '셋'}, {'alias': '딕셔너리'}, {'alias': 'dictionary'}, {'alias': 'map'}, {'alias': 'set'}, {'alias': 'bbst'}, {'alias': '트리'}, {'alias': 'tree'}]}]",{}
23885,비숍 투어,"[{'language': 'ko', 'languageDisplayName': 'ko', 'title': '비숍 투어', 'isOriginal': True}]",True,False,315,5,31,False,False,False,3.0794,True,"[{'key': 'ad_hoc', 'isMeta': False, 'bojTagId': 109, 'problemCount': 1448, 'displayNames': [{'language': 'ko', 'name': '애드 혹', 'short': '애드 혹'}, {'language': 'en', 'name': 'ad-hoc', 'short': 'ad-hoc'}, {'language': 'ja', 'name': 'アドホック', 'short': 'アドホック'}], 'aliases': []}, {'key': 'case_work', 'isMeta': False, 'bojTagId': 137, 'problemCount': 856, 'displayNames': [{'language': 'ko', 'name': '많은 조건 분기', 'short': '많은 조건 분기'}, {'language': 'en', 'name': 'case work', 'short': 'case work'}, {'language': 'ja', 'name': 'ケースワーク', 'short': 'ケースワーク'}], 'aliases': [{'alias': '케이스'}, {'alias': '케이스워크'}, {'alias': '케이스 워크'}]}]",{}
23886,알프수,"[{'language': 'ko', 'languageDisplayName': 'ko', 'title': '알프수', 'isOriginal': True}]",True,False,172,5,18,False,False,False,2.4419,True,"[{'key': 'implementation', 'isMeta': False, 'bojTagId': 102, 'problemCount': 5468, 'displayNames': [{'language': 'ko', 'name': '구현', 'short': '구현'}, {'language': 'en', 'name': 'implementation', 'short': 'impl'}, {'language': 'ja', 'name': '実装', 'short': 'impl'}], 'aliases': []}, {'key': 'string', 'isMeta': False, 'bojTagId': 158, 'problemCount': 2357, 'displayNames': [{'language': 'ko', 'name': '문자열', 'short': '문자열'}, {'language': 'en', 'name': 'string', 'short': 'string'}, {'language': 'ja', 'name': '文字列', 'short': '文字列'}], 'aliases': [{'alias': '스트링'}]}]",{}
23887,프린트 전달,"[{'language': 'ko', 'languageDisplayName': 'ko', 'title': '프린트 전달', 'isOriginal': True}]",True,False,67,14,16,False,False,False,2.6418,True,"[{'key': 'bfs', 'isMeta': False, 'bojTagId': 126, 'problemCount': 969, 'displayNames': [{'language': 'ko', 'name': '너비 우선 탐색', 'short': '너비 우선 탐색'}, {'language': 'en', 'name': 'breadth-first search', 'short': 'bfs'}, {'language': 'ja', 'name': '幅優先検索', 'short': 'bfs'}], 'aliases': [{'alias': 'breadthfirst'}, {'alias': 'breadth first'}]}, {'key': 'dp', 'isMeta': False, 'bojTagId': 25, 'problemCount': 3982, 'displayNames': [{'language': 'ko', 'name': '다이나믹 프로그래밍', 'short': '다이나믹 프로그래밍'}, {'language': 'en', 'name': 'dynamic programming', 'short': 'dp'}, {'language': 'ja', 'name': '動的計画法', 'short': 'dp'}], 'aliases': [{'alias': '동적계획법'}, {'alias': '동적 계획법'}, {'alias': '다이나믹프로그래밍'}]}, {'key': 'dp_tree', 'isMeta': False, 'bojTagId': 92, 'problemCount': 409, 'displayNames': [{'language': 'ko', 'name': '트리에서의 다이나믹 프로그래밍', 'short': '트리에서의 다이나믹 프로그래밍'}, {'language': 'en', 'name': 'dynamic programming on trees', 'short': 'tree dp'}, {'language': 'ja', 'name': '木上の動的計画法', 'short': 'tree dp'}], 'aliases': [{'alias': '트리dp'}]}, {'key': 'graphs', 'isMeta': False, 'bojTagId': 7, 'problemCount': 3637, 'displayNames': [{'language': 'ko', 'name': '그래프 이론', 'short': '그래프 이론'}, {'language': 'en', 'name': 'graph theory', 'short': 'graph'}, {'language': 'ja', 'name': 'グラフ理論', 'short': 'グラフ'}], 'aliases': [{'alias': '그래프이론'}, {'alias': '그래프'}]}, {'key': 'graph_traversal', 'isMeta': False, 'bojTagId': 11, 'problemCount': 1983, 'displayNames': [{'language': 'ko', 'name': '그래프 탐색', 'short': '그래프 탐색'}, {'language': 'en', 'name': 'graph traversal', 'short': 'traversal'}, {'language': 'ja', 'name': 'グラフの探索', 'short': '横断'}], 'aliases': [{'alias': 'bfs'}, {'alias': 'dfs'}]}, {'key': 'trees', 'isMeta': False, 'bojTagId': 120, 'problemCount': 1384, 'displayNames': [{'language': 'ko', 'name': '트리', 'short': '트리'}, {'language': 'en', 'name': 'tree', 'short': 'tree'}, {'language': 'ja', 'name': '木', 'short': '木'}], 'aliases': [{'alias': 'trees'}]}]",{}
23888,등차수열과 쿼리,"[{'language': 'ko', 'languageDisplayName': 'ko', 'title': '등차수열과 쿼리', 'isOriginal': True}]",True,False,436,11,44,False,False,False,4.3119,True,"[{'key': 'euclidean', 'isMeta': False, 'bojTagId': 26, 'problemCount': 187, 'displayNames': [{'language': 'ko', 'name': '유클리드 호제법', 'short': '유클리드 호제법'}, {'language': 'en', 'name': 'euclidean algorithm', 'short': 'euclidean algorithm'}, {'language': 'ja', 'name': 'ユークリッドの互除法', 'short': 'ユークリッドの互除法'}], 'aliases': [{'alias': '유클리드알고리즘'}]}, {'key': 'math', 'isMeta': False, 'bojTagId': 124, 'problemCount': 6275, 'displayNames': [{'language': 'ko', 'name': '수학', 'short': '수학'}, {'language': 'en', 'name': 'mathematics', 'short': 'math'}, {'language': 'ja', 'name': '数学', 'short': '数学'}], 'aliases': []}, {'key': 'number_theory', 'isMeta': False, 'bojTagId': 95, 'problemCount': 1419, 'displayNames': [{'language': 'ko', 'name': '정수론', 'short': '정수론'}, {'language': 'en', 'name': 'number theory', 'short': 'number theory'}, {'language': 'ja', 'name': '整数論', 'short': '整数論'}], 'aliases': []}]",{}
23889,돌 굴러가유,"[{'language': 'ko', 'languageDisplayName': 'ko', 'title': '돌 굴러가유', 'isOriginal': True}]",True,False,143,12,29,False,False,False,2.1259,True,"[{'key': 'greedy', 'isMeta': False, 'bojTagId': 33, 'problemCount': 2504, 'displayNames': [{'language': 'ko', 'name': '그리디 알고리즘', 'short': '그리디 알고리즘'}, {'language': 'en', 'name': 'greedy', 'short': 'greedy'}, {'language': 'ja', 'name': '貪欲法', 'short': '貪欲法'}], 'aliases': [{'alias': '탐욕법'}]}, {'key': 'sorting', 'isMeta': False, 'bojTagId': 97, 'problemCount': 1833, 'displayNames': [{'language': 'ko', 'name': '정렬', 'short': '정렬'}, {'language': 'en', 'name': 'sorting', 'short': 'sorting'}, {'language': 'ja', 'name': 'ソート', 'short': 'ソート'}], 'aliases': []}]",{}
23890,달팽이팽이,"[{'language': 'ko', 'languageDisplayName': 'ko', 'title': '달팽이팽이', 'isOriginal': True}]",True,False,72,12,19,False,False,False,2.5417,True,"[{'key': 'geometry', 'isMeta': False, 'bojTagId': 100, 'problemCount': 1482, 'displayNames': [{'language': 'ko', 'name': '기하학', 'short': '기하학'}, {'language': 'en', 'name': 'geometry', 'short': 'geom'}, {'language': 'ja', 'name': '幾何学', 'short': '幾何'}], 'aliases': []}, {'key': 'math', 'isMeta': False, 'bojTagId': 124, 'problemCount': 6275, 'displayNames': [{'language': 'ko', 'name': '수학', 'short': '수학'}, {'language': 'en', 'name': 'mathematics', 'short': 'math'}, {'language': 'ja', 'name': '数学', 'short': '数学'}], 'aliases': []}]",{}
23891,타이어 끌기,"[{'language': 'ko', 'languageDisplayName': 'ko', 'title': '타이어 끌기', 'isOriginal': True}]",True,False,67,14,15,False,False,False,2.0746,True,"[{'key': 'dp', 'isMeta': False, 'bojTagId': 25, 'problemCount': 3982, 'displayNames': [{'language': 'ko', 'name': '다이나믹 프로그래밍', 'short': '다이나믹 프로그래밍'}, {'language': 'en', 'name': 'dynamic programming', 'short': 'dp'}, {'language': 'ja', 'name': '動的計画法', 'short': 'dp'}], 'aliases': [{'alias': '동적계획법'}, {'alias': '동적 계획법'}, {'alias': '다이나믹프로그래밍'}]}, {'key': 'knapsack', 'isMeta': False, 'bojTagId': 148, 'problemCount': 252, 'displayNames': [{'language': 'ko', 'name': '배낭 문제', 'short': '배낭 문제'}, {'language': 'en', 'name': 'knapsack', 'short': 'knapsack'}, {'language': 'ja', 'name': 'ナップサック問題', 'short': 'ナップサック'}], 'aliases': [{'alias': '냅색'}]}]",{}
23892,바코드 찢기,"[{'language': 'ko', 'languageDisplayName': 'ko', 'title': '바코드 찢기', 'isOriginal': True}]",True,False,38,14,11,False,False,False,1.8947,True,"[{'key': 'math', 'isMeta': False, 'bojTagId': 124, 'problemCount': 6275, 'displayNames': [{'language': 'ko', 'name': '수학', 'short': '수학'}, {'language': 'en', 'name': 'mathematics', 'short': 'math'}, {'language': 'ja', 'name': '数学', 'short': '数学'}], 'aliases': []}, {'key': 'string', 'isMeta': False, 'bojTagId': 158, 'problemCount': 2357, 'displayNames': [{'language': 'ko', 'name': '문자열', 'short': '문자열'}, {'language': 'en', 'name': 'string', 'short': 'string'}, {'language': 'ja', 'name': '文字列', 'short': '文字列'}], 'aliases': [{'alias': '스트링'}]}]",{}
23893,알프스의 힘,"[{'language': 'ko', 'languageDisplayName': 'ko', 'title': '알프스의 힘', 'isOriginal': True}]",True,False,63,18,24,False,False,False,2.0476,True,"[{'key': 'math', 'isMeta': False, 'bojTagId': 124, 'problemCount': 6275, 'displayNames': [{'language': 'ko', 'name': '수학', 'short': '수학'}, {'language': 'en', 'name': 'mathematics', 'short': 'math'}, {'language': 'ja', 'name': '数学', 'short': '数学'}], 'aliases': []}, {'key': 'number_theory', 'isMeta': False, 'bojTagId': 95, 'problemCount': 1419, 'displayNames': [{'language': 'ko', 'name': '정수론', 'short': '정수론'}, {'language': 'en', 'name': 'number theory', 'short': 'number theory'}, {'language': 'ja', 'name': '整数論', 'short': '整数論'}], 'aliases': []}]",{}
23894,합성함수와 쿼리 2,"[{'language': 'ko', 'languageDisplayName': 'ko', 'title': '합성함수와 쿼리 2', 'isOriginal': True}]",True,False,67,18,20,False,False,False,4.9552,True,"[{'key': 'data_structures', 'isMeta': False, 'bojTagId': 175, 'problemCount': 3772, 'displayNames': [{'language': 'ko', 'name': '자료 구조', 'short': '자료 구조'}, {'language': 'en', 'name': 'data structures', 'short': 'ds'}, {'language': 'ja', 'name': 'データ構造', 'short': 'ds'}], 'aliases': [{'alias': '자료구조'}, {'alias': '자구'}]}, {'key': 'graphs', 'isMeta': False, 'bojTagId': 7, 'problemCount': 3637, 'displayNames': [{'language': 'ko', 'name': '그래프 이론', 'short': '그래프 이론'}, {'language': 'en', 'name': 'graph theory', 'short': 'graph'}, {'language': 'ja', 'name': 'グラフ理論', 'short': 'グラフ'}], 'aliases': [{'alias': '그래프이론'}, {'alias': '그래프'}]}, {'key': 'graph_traversal', 'isMeta': False, 'bojTagId': 11, 'problemCount': 1983, 'displayNames': [{'language': 'ko', 'name': '그래프 탐색', 'short': '그래프 탐색'}, {'language': 'en', 'name': 'graph traversal', 'short': 'traversal'}, {'language': 'ja', 'name': 'グラフの探索', 'short': '横断'}], 'aliases': [{'alias': 'bfs'}, {'alias': 'dfs'}]}, {'key': 'sparse_table', 'isMeta': False, 'bojTagId': 84, 'problemCount': 138, 'displayNames': [{'language': 'ko', 'name': '희소 배열', 'short': '희소 배열'}, {'language': 'en', 'name': 'sparse table', 'short': 'sparse table'}, {'language': 'ja', 'name': 'sparse table', 'short': 'sparse table'}], 'aliases': [{'alias': '스파스어레이'}, {'alias': 'sparse table'}]}]",{}
23895,Allocation,"[{'language': 'en', 'languageDisplayName': 'en', 'title': 'Allocation', 'isOriginal': True}]",True,False,97,6,13,False,False,False,1.4536,True,"[{'key': 'greedy', 'isMeta': False, 'bojTagId': 33, 'problemCount': 2504, 'displayNames': [{'language': 'ko', 'name': '그리디 알고리즘', 'short': '그리디 알고리즘'}, {'language': 'en', 'name': 'greedy', 'short': 'greedy'}, {'language': 'ja', 'name': '貪欲法', 'short': '貪欲法'}], 'aliases': [{'alias': '탐욕법'}]}, {'key': 'sorting', 'isMeta': False, 'bojTagId': 97, 'problemCount': 1833, 'displayNames': [{'language': 'ko', 'name': '정렬', 'short': '정렬'}, {'language': 'en', 'name': 'sorting', 'short': 'sorting'}, {'language': 'ja', 'name': 'ソート', 'short': 'ソート'}], 'aliases': []}]",{}
23896,Plates,"[{'language': 'en', 'languageDisplayName': 'en', 'title': 'Plates', 'isOriginal': True}]",True,False,21,13,3,False,False,False,1.4762,True,"[{'key': 'dp', 'isMeta': False, 'bojTagId': 25, 'problemCount': 3982, 'displayNames': [{'language': 'ko', 'name': '다이나믹 프로그래밍', 'short': '다이나믹 프로그래밍'}, {'language': 'en', 'name': 'dynamic programming', 'short': 'dp'}, {'language': 'ja', 'name': '動的計画法', 'short': 'dp'}], 'aliases': [{'alias': '동적계획법'}, {'alias': '동적 계획법'}, {'alias': '다이나믹프로그래밍'}]}, {'key': 'knapsack', 'isMeta': False, 'bojTagId': 148, 'problemCount': 252, 'displayNames': [{'language': 'ko', 'name': '배낭 문제', 'short': '배낭 문제'}, {'language': 'en', 'name': 'knapsack', 'short': 'knapsack'}, {'language': 'ja', 'name': 'ナップサック問題', 'short': 'ナップサック'}], 'aliases': [{'alias': '냅색'}]}]",{}
23897,Workout,"[{'language': 'en', 'languageDisplayName': 'en', 'title': 'Workout', 'isOriginal': True}]",True,False,15,13,2,False,False,False,1.2,True,"[{'key': 'binary_search', 'isMeta': False, 'bojTagId': 12, 'problemCount': 1206, 'displayNames': [{'language': 'ko', 'name': '이분 탐색', 'short': '이분 탐색'}, {'language': 'en', 'name': 'binary search', 'short': 'binary search'}, {'language': 'ja', 'name': '二分探索', 'short': '二分探索'}], 'aliases': [{'alias': '이분탐색'}, {'alias': '이진탐색'}]}, {'key': 'parametric_search', 'isMeta': False, 'bojTagId': 170, 'problemCount': 368, 'displayNames': [{'language': 'ko', 'name': '매개 변수 탐색', 'short': '매개 변수 탐색'}, {'language': 'en', 'name': 'parametric search', 'short': 'parametric search'}, {'language': 'ja', 'name': 'parametric search', 'short': 'parametric search'}], 'aliases': [{'alias': '파라메트릭'}]}]",{}
23898,Bundling,"[{'language': 'en', 'languageDisplayName': 'en', 'title': 'Bundling', 'isOriginal': True}]",True,False,13,17,6,False,False,False,1.2308,True,"[{'key': 'data_structures', 'isMeta': False, 'bojTagId': 175, 'problemCount': 3772, 'displayNames': [{'language': 'ko', 'name': '자료 구조', 'short': '자료 구조'}, {'language': 'en', 'name': 'data structures', 'short': 'ds'}, {'language': 'ja', 'name': 'データ構造', 'short': 'ds'}], 'aliases': [{'alias': '자료구조'}, {'alias': '자구'}]}, {'key': 'greedy', 'isMeta': False, 'bojTagId': 33, 'problemCount': 2504, 'displayNames': [{'language': 'ko', 'name': '그리디 알고리즘', 'short': '그리디 알고리즘'}, {'language': 'en', 'name': 'greedy', 'short': 'greedy'}, {'language': 'ja', 'name': '貪欲法', 'short': '貪欲法'}], 'aliases': [{'alias': '탐욕법'}]}, {'key': 'string', 'isMeta': False, 'bojTagId': 158, 'problemCount': 2357, 'displayNames': [{'language': 'ko', 'name': '문자열', 'short': '문자열'}, {'language': 'en', 'name': 'string', 'short': 'string'}, {'language': 'ja', 'name': '文字列', 'short': '文字列'}], 'aliases': [{'alias': '스트링'}]}, {'key': 'trees', 'isMeta': False, 'bojTagId': 120, 'problemCount': 1384, 'displayNames': [{'language': 'ko', 'name': '트리', 'short': '트리'}, {'language': 'en', 'name': 'tree', 'short': 'tree'}, {'language': 'ja', 'name': '木', 'short': '木'}], 'aliases': [{'alias': 'trees'}]}, {'key': 'trie', 'isMeta': False, 'bojTagId': 79, 'problemCount': 126, 'displayNames': [{'language': 'ko', 'name': '트라이', 'short': '트라이'}, {'language': 'en', 'name': 'trie', 'short': 'trie'}, {'language': 'ja', 'name': 'トライ木', 'short': 'トライ'}], 'aliases': []}]",{}
23899,알고리즘 수업 - 선택 정렬 5,"[{'language': 'ko', 'languageDisplayName': 'ko', 'title': '알고리즘 수업 - 선택 정렬 5', 'isOriginal': True}]",True,False,300,5,23,False,False,False,2.7633,True,"[{'key': 'implementation', 'isMeta': False, 'bojTagId': 102, 'problemCount': 5468, 'displayNames': [{'language': 'ko', 'name': '구현', 'short': '구현'}, {'language': 'en', 'name': 'implementation', 'short': 'impl'}, {'language': 'ja', 'name': '実装', 'short': 'impl'}], 'aliases': []}, {'key': 'simulation', 'isMeta': False, 'bojTagId': 141, 'problemCount': 1066, 'displayNames': [{'language': 'ko', 'name': '시뮬레이션', 'short': '시뮬레이션'}, {'language': 'en', 'name': 'simulation', 'short': 'simulation'}, {'language': 'ja', 'name': 'シミュレーション', 'short': 'シミュレーション'}], 'aliases': []}, {'key': 'sorting', 'isMeta': False, 'bojTagId': 97, 'problemCount': 1833, 'displayNames': [{'language': 'ko', 'name': '정렬', 'short': '정렬'}, {'language': 'en', 'name': 'sorting', 'short': 'sorting'}, {'language': 'ja', 'name': 'ソート', 'short': 'ソート'}], 'aliases': []}]",{}
