problemId,titleKo,titles,isSolvable,isPartial,acceptedUserCount,level,votedUserCount,sprout,givesNoRating,isLevelLocked,averageTries,official,tags,metadata
20500,Ezreal 여눈부터 가네 ㅈㅈ,"[{'language': 'ko', 'languageDisplayName': 'ko', 'title': 'Ezreal 여눈부터 가네 ㅈㅈ', 'isOriginal': True}]",True,False,1469,11,114,False,False,False,1.3676,True,"[{'key': 'dp', 'isMeta': False, 'bojTagId': 25, 'problemCount': 3979, 'displayNames': [{'language': 'ko', 'name': '다이나믹 프로그래밍', 'short': '다이나믹 프로그래밍'}, {'language': 'en', 'name': 'dynamic programming', 'short': 'dp'}, {'language': 'ja', 'name': '動的計画法', 'short': 'dp'}], 'aliases': [{'alias': '동적계획법'}, {'alias': '동적 계획법'}, {'alias': '다이나믹프로그래밍'}]}, {'key': 'math', 'isMeta': False, 'bojTagId': 124, 'problemCount': 6271, 'displayNames': [{'language': 'ko', 'name': '수학', 'short': '수학'}, {'language': 'en', 'name': 'mathematics', 'short': 'math'}, {'language': 'ja', 'name': '数学', 'short': '数学'}], 'aliases': []}, {'key': 'number_theory', 'isMeta': False, 'bojTagId': 95, 'problemCount': 1418, 'displayNames': [{'language': 'ko', 'name': '정수론', 'short': '정수론'}, {'language': 'en', 'name': 'number theory', 'short': 'number theory'}, {'language': 'ja', 'name': '整数論', 'short': '整数論'}], 'aliases': []}]",{}
20501,Facebook,"[{'language': 'ko', 'languageDisplayName': 'ko', 'title': 'Facebook', 'isOriginal': True}]",True,False,212,14,27,False,False,False,2.4481,True,"[{'key': 'bitset', 'isMeta': False, 'bojTagId': 152, 'problemCount': 91, 'displayNames': [{'language': 'ko', 'name': '비트 집합', 'short': '비트 집합'}, {'language': 'en', 'name': 'bit set', 'short': 'bit set'}, {'language': 'ja', 'name': 'bit set', 'short': 'bit set'}], 'aliases': [{'alias': 'bitset'}, {'alias': '비트셋'}]}]",{}
20502,Gum색,"[{'language': 'ko', 'languageDisplayName': 'ko', 'title': 'Gum색', 'isOriginal': True}]",True,False,89,7,9,False,False,False,2.0112,True,"[{'key': 'implementation', 'isMeta': False, 'bojTagId': 102, 'problemCount': 5465, 'displayNames': [{'language': 'ko', 'name': '구현', 'short': '구현'}, {'language': 'en', 'name': 'implementation', 'short': 'impl'}, {'language': 'ja', 'name': '実装', 'short': 'impl'}], 'aliases': []}, {'key': 'sorting', 'isMeta': False, 'bojTagId': 97, 'problemCount': 1827, 'displayNames': [{'language': 'ko', 'name': '정렬', 'short': '정렬'}, {'language': 'en', 'name': 'sorting', 'short': 'sorting'}, {'language': 'ja', 'name': 'ソート', 'short': 'ソート'}], 'aliases': []}]",{}
20503,Haven,"[{'language': 'ko', 'languageDisplayName': 'ko', 'title': 'Haven', 'isOriginal': True}]",True,False,18,22,4,False,False,False,3.0556,True,"[{'key': 'ad_hoc', 'isMeta': False, 'bojTagId': 109, 'problemCount': 1447, 'displayNames': [{'language': 'ko', 'name': '애드 혹', 'short': '애드 혹'}, {'language': 'en', 'name': 'ad-hoc', 'short': 'ad-hoc'}, {'language': 'ja', 'name': 'アドホック', 'short': 'アドホック'}], 'aliases': []}, {'key': 'constructive', 'isMeta': False, 'bojTagId': 128, 'problemCount': 986, 'displayNames': [{'language': 'ko', 'name': '해 구성하기', 'short': '해 구성하기'}, {'language': 'en', 'name': 'constructive', 'short': 'constructive'}, {'language': 'ja', 'name': '構成的', 'short': '構成的'}], 'aliases': [{'alias': 'constructive'}, {'alias': '컨스트럭티브'}, {'alias': '구성적'}]}, {'key': 'dfs', 'isMeta': False, 'bojTagId': 127, 'problemCount': 806, 'displayNames': [{'language': 'ko', 'name': '깊이 우선 탐색', 'short': '깊이 우선 탐색'}, {'language': 'en', 'name': 'depth-first search', 'short': 'dfs'}, {'language': 'ja', 'name': '深さ優先探索', 'short': 'dfs'}], 'aliases': [{'alias': 'depth first'}, {'alias': 'depthfirst'}]}, {'key': 'divide_and_conquer', 'isMeta': False, 'bojTagId': 24, 'problemCount': 412, 'displayNames': [{'language': 'ko', 'name': '분할 정복', 'short': '분할 정복'}, {'language': 'en', 'name': 'divide and conquer', 'short': 'd&c'}, {'language': 'ja', 'name': '分割統治法', 'short': '分割統治法'}], 'aliases': [{'alias': 'dnc'}]}, {'key': 'graphs', 'isMeta': False, 'bojTagId': 7, 'problemCount': 3630, 'displayNames': [{'language': 'ko', 'name': '그래프 이론', 'short': '그래프 이론'}, {'language': 'en', 'name': 'graph theory', 'short': 'graph'}, {'language': 'ja', 'name': 'グラフ理論', 'short': 'グラフ'}], 'aliases': [{'alias': '그래프이론'}, {'alias': '그래프'}]}, {'key': 'graph_traversal', 'isMeta': False, 'bojTagId': 11, 'problemCount': 1978, 'displayNames': [{'language': 'ko', 'name': '그래프 탐색', 'short': '그래프 탐색'}, {'language': 'en', 'name': 'graph traversal', 'short': 'traversal'}, {'language': 'ja', 'name': 'グラフの探索', 'short': '横断'}], 'aliases': [{'alias': 'bfs'}, {'alias': 'dfs'}]}, {'key': 'mst', 'isMeta': False, 'bojTagId': 49, 'problemCount': 202, 'displayNames': [{'language': 'ko', 'name': '최소 스패닝 트리', 'short': '최소 스패닝 트리'}, {'language': 'en', 'name': 'minimum spanning tree', 'short': 'mst'}, {'language': 'ja', 'name': '最小全域木', 'short': '最小全域木'}], 'aliases': []}]",{}
20504,I번은 쉬운 문제,"[{'language': 'ko', 'languageDisplayName': 'ko', 'title': 'I번은 쉬운 문제', 'isOriginal': True}]",True,False,121,17,30,False,False,False,2.2893,True,"[{'key': 'graphs', 'isMeta': False, 'bojTagId': 7, 'problemCount': 3630, 'displayNames': [{'language': 'ko', 'name': '그래프 이론', 'short': '그래프 이론'}, {'language': 'en', 'name': 'graph theory', 'short': 'graph'}, {'language': 'ja', 'name': 'グラフ理論', 'short': 'グラフ'}], 'aliases': [{'alias': '그래프이론'}, {'alias': '그래프'}]}, {'key': 'scc', 'isMeta': False, 'bojTagId': 76, 'problemCount': 147, 'displayNames': [{'language': 'ko', 'name': '강한 연결 요소', 'short': '강한 연결 요소'}, {'language': 'en', 'name': 'strongly connected component', 'short': 'scc'}, {'language': 'ja', 'name': '強連結', 'short': '強連結'}], 'aliases': []}]",{}
20505,John's Math Problem,"[{'language': 'ko', 'languageDisplayName': 'ko', 'title': ""John's Math Problem"", 'isOriginal': True}]",True,False,94,15,22,False,False,False,1.5319,True,"[{'key': 'combinatorics', 'isMeta': False, 'bojTagId': 6, 'problemCount': 895, 'displayNames': [{'language': 'ko', 'name': '조합론', 'short': '조합론'}, {'language': 'en', 'name': 'combinatorics', 'short': 'combinatorics'}, {'language': 'ja', 'name': '組み合わせ', 'short': '組み合わせ'}], 'aliases': [{'alias': 'combination'}, {'alias': 'permutation'}, {'alias': 'probability'}, {'alias': '확률'}, {'alias': '순열'}]}, {'key': 'math', 'isMeta': False, 'bojTagId': 124, 'problemCount': 6271, 'displayNames': [{'language': 'ko', 'name': '수학', 'short': '수학'}, {'language': 'en', 'name': 'mathematics', 'short': 'math'}, {'language': 'ja', 'name': '数学', 'short': '数学'}], 'aliases': []}]",{}
20506,Kaisar - 생존,"[{'language': 'ko', 'languageDisplayName': 'ko', 'title': 'Kaisar - 생존', 'isOriginal': True}]",True,False,133,16,31,False,False,False,1.5188,True,"[{'key': 'dp', 'isMeta': False, 'bojTagId': 25, 'problemCount': 3979, 'displayNames': [{'language': 'ko', 'name': '다이나믹 프로그래밍', 'short': '다이나믹 프로그래밍'}, {'language': 'en', 'name': 'dynamic programming', 'short': 'dp'}, {'language': 'ja', 'name': '動的計画法', 'short': 'dp'}], 'aliases': [{'alias': '동적계획법'}, {'alias': '동적 계획법'}, {'alias': '다이나믹프로그래밍'}]}, {'key': 'dp_tree', 'isMeta': False, 'bojTagId': 92, 'problemCount': 409, 'displayNames': [{'language': 'ko', 'name': '트리에서의 다이나믹 프로그래밍', 'short': '트리에서의 다이나믹 프로그래밍'}, {'language': 'en', 'name': 'dynamic programming on trees', 'short': 'tree dp'}, {'language': 'ja', 'name': '木上の動的計画法', 'short': 'tree dp'}], 'aliases': [{'alias': '트리dp'}]}, {'key': 'math', 'isMeta': False, 'bojTagId': 124, 'problemCount': 6271, 'displayNames': [{'language': 'ko', 'name': '수학', 'short': '수학'}, {'language': 'en', 'name': 'mathematics', 'short': 'math'}, {'language': 'ja', 'name': '数学', 'short': '数学'}], 'aliases': []}, {'key': 'trees', 'isMeta': False, 'bojTagId': 120, 'problemCount': 1382, 'displayNames': [{'language': 'ko', 'name': '트리', 'short': '트리'}, {'language': 'en', 'name': 'tree', 'short': 'tree'}, {'language': 'ja', 'name': '木', 'short': '木'}], 'aliases': [{'alias': 'trees'}]}]",{}
20507,Knjige,"[{'language': 'en', 'languageDisplayName': 'en', 'title': 'Knjige', 'isOriginal': True}]",True,False,19,7,3,False,False,False,1.9474,True,"[{'key': 'ad_hoc', 'isMeta': False, 'bojTagId': 109, 'problemCount': 1447, 'displayNames': [{'language': 'ko', 'name': '애드 혹', 'short': '애드 혹'}, {'language': 'en', 'name': 'ad-hoc', 'short': 'ad-hoc'}, {'language': 'ja', 'name': 'アドホック', 'short': 'アドホック'}], 'aliases': []}, {'key': 'constructive', 'isMeta': False, 'bojTagId': 128, 'problemCount': 986, 'displayNames': [{'language': 'ko', 'name': '해 구성하기', 'short': '해 구성하기'}, {'language': 'en', 'name': 'constructive', 'short': 'constructive'}, {'language': 'ja', 'name': '構成的', 'short': '構成的'}], 'aliases': [{'alias': 'constructive'}, {'alias': '컨스트럭티브'}, {'alias': '구성적'}]}]",{}
20508,Vlak,"[{'language': 'en', 'languageDisplayName': 'en', 'title': 'Vlak', 'isOriginal': True}]",True,False,15,17,3,False,False,False,1.2,True,"[{'key': 'data_structures', 'isMeta': False, 'bojTagId': 175, 'problemCount': 3771, 'displayNames': [{'language': 'ko', 'name': '자료 구조', 'short': '자료 구조'}, {'language': 'en', 'name': 'data structures', 'short': 'ds'}, {'language': 'ja', 'name': 'データ構造', 'short': 'ds'}], 'aliases': [{'alias': '자료구조'}, {'alias': '자구'}]}, {'key': 'dp', 'isMeta': False, 'bojTagId': 25, 'problemCount': 3979, 'displayNames': [{'language': 'ko', 'name': '다이나믹 프로그래밍', 'short': '다이나믹 프로그래밍'}, {'language': 'en', 'name': 'dynamic programming', 'short': 'dp'}, {'language': 'ja', 'name': '動的計画法', 'short': 'dp'}], 'aliases': [{'alias': '동적계획법'}, {'alias': '동적 계획법'}, {'alias': '다이나믹프로그래밍'}]}, {'key': 'dp_tree', 'isMeta': False, 'bojTagId': 92, 'problemCount': 409, 'displayNames': [{'language': 'ko', 'name': '트리에서의 다이나믹 프로그래밍', 'short': '트리에서의 다이나믹 프로그래밍'}, {'language': 'en', 'name': 'dynamic programming on trees', 'short': 'tree dp'}, {'language': 'ja', 'name': '木上の動的計画法', 'short': 'tree dp'}], 'aliases': [{'alias': '트리dp'}]}, {'key': 'game_theory', 'isMeta': False, 'bojTagId': 140, 'problemCount': 357, 'displayNames': [{'language': 'ko', 'name': '게임 이론', 'short': '게임 이론'}, {'language': 'en', 'name': 'game theory', 'short': 'game theory'}, {'language': 'ja', 'name': 'ゲーム理論', 'short': 'ゲーム'}], 'aliases': [{'alias': '게임이론'}, {'alias': '님'}, {'alias': 'nim'}]}, {'key': 'trees', 'isMeta': False, 'bojTagId': 120, 'problemCount': 1382, 'displayNames': [{'language': 'ko', 'name': '트리', 'short': '트리'}, {'language': 'en', 'name': 'tree', 'short': 'tree'}, {'language': 'ja', 'name': '木', 'short': '木'}], 'aliases': [{'alias': 'trees'}]}, {'key': 'trie', 'isMeta': False, 'bojTagId': 79, 'problemCount': 126, 'displayNames': [{'language': 'ko', 'name': '트라이', 'short': '트라이'}, {'language': 'en', 'name': 'trie', 'short': 'trie'}, {'language': 'ja', 'name': 'トライ木', 'short': 'トライ'}], 'aliases': []}]",{}
20509,Sateliti,"[{'language': 'en', 'languageDisplayName': 'en', 'title': 'Sateliti', 'isOriginal': True}]",True,False,20,20,4,False,False,False,2.2,True,"[{'key': 'hashing', 'isMeta': False, 'bojTagId': 8, 'problemCount': 166, 'displayNames': [{'language': 'ko', 'name': '해싱', 'short': '해싱'}, {'language': 'en', 'name': 'hashing', 'short': 'hash'}, {'language': 'ja', 'name': 'ハッシュ化', 'short': 'ハッシュ'}], 'aliases': []}, {'key': 'string', 'isMeta': False, 'bojTagId': 158, 'problemCount': 2356, 'displayNames': [{'language': 'ko', 'name': '문자열', 'short': '문자열'}, {'language': 'en', 'name': 'string', 'short': 'string'}, {'language': 'ja', 'name': '文字列', 'short': '文字列'}], 'aliases': [{'alias': '스트링'}]}, {'key': 'suffix_array', 'isMeta': False, 'bojTagId': 77, 'problemCount': 98, 'displayNames': [{'language': 'ko', 'name': '접미사 배열과 LCP 배열', 'short': '접미사 배열과 LCP 배열'}, {'language': 'en', 'name': 'suffix array and lcp array', 'short': 'suffix array and lcp array'}, {'language': 'ja', 'name': '接尾辞配列・LCP配列', 'short': '接尾辞配列・LCP配列'}], 'aliases': []}]",{}
20510,Selotejp,"[{'language': 'en', 'languageDisplayName': 'en', 'title': 'Selotejp', 'isOriginal': True}]",True,False,25,20,7,False,False,False,2.2,True,"[{'key': 'bitmask', 'isMeta': False, 'bojTagId': 14, 'problemCount': 717, 'displayNames': [{'language': 'ko', 'name': '비트마스킹', 'short': '비트마스킹'}, {'language': 'en', 'name': 'bitmask', 'short': 'bitmask'}, {'language': 'ja', 'name': 'ビット表現', 'short': 'ビット表現'}], 'aliases': [{'alias': '비트필드'}, {'alias': '비트마스크'}]}, {'key': 'dp', 'isMeta': False, 'bojTagId': 25, 'problemCount': 3979, 'displayNames': [{'language': 'ko', 'name': '다이나믹 프로그래밍', 'short': '다이나믹 프로그래밍'}, {'language': 'en', 'name': 'dynamic programming', 'short': 'dp'}, {'language': 'ja', 'name': '動的計画法', 'short': 'dp'}], 'aliases': [{'alias': '동적계획법'}, {'alias': '동적 계획법'}, {'alias': '다이나믹프로그래밍'}]}, {'key': 'dp_bitfield', 'isMeta': False, 'bojTagId': 87, 'problemCount': 299, 'displayNames': [{'language': 'ko', 'name': '비트필드를 이용한 다이나믹 프로그래밍', 'short': '비트필드를 이용한 다이나믹 프로그래밍'}, {'language': 'en', 'name': 'dynamic programming using bitfield', 'short': 'bitfield dp'}, {'language': 'ja', 'name': 'ビットを使用した動的計画法', 'short': 'ビットdp'}], 'aliases': [{'alias': '동적계획법'}, {'alias': '비트마스크'}, {'alias': '비트dp'}]}]",{}
20511,Specijacija,"[{'language': 'en', 'languageDisplayName': 'en', 'title': 'Specijacija', 'isOriginal': True}]",True,False,7,22,4,False,False,False,6.2857,True,"[{'key': 'data_structures', 'isMeta': False, 'bojTagId': 175, 'problemCount': 3771, 'displayNames': [{'language': 'ko', 'name': '자료 구조', 'short': '자료 구조'}, {'language': 'en', 'name': 'data structures', 'short': 'ds'}, {'language': 'ja', 'name': 'データ構造', 'short': 'ds'}], 'aliases': [{'alias': '자료구조'}, {'alias': '자구'}]}, {'key': 'lca', 'isMeta': False, 'bojTagId': 41, 'problemCount': 166, 'displayNames': [{'language': 'ko', 'name': '최소 공통 조상', 'short': '최소 공통 조상'}, {'language': 'en', 'name': 'lowest common ancestor', 'short': 'lca'}, {'language': 'ja', 'name': '最下位共通祖先', 'short': 'lca'}], 'aliases': []}, {'key': 'pst', 'isMeta': False, 'bojTagId': 55, 'problemCount': 46, 'displayNames': [{'language': 'ko', 'name': '퍼시스턴트 세그먼트 트리', 'short': '퍼시스턴트 세그먼트 트리'}, {'language': 'en', 'name': 'persistent segment tree', 'short': 'pst'}, {'language': 'ja', 'name': '永続セグメント木', 'short': '永続セグ木'}], 'aliases': [{'alias': '퍼시스턴트구간트리'}, {'alias': '구간트리'}, {'alias': '퍼시스턴트세그트리'}]}, {'key': 'segtree', 'isMeta': False, 'bojTagId': 65, 'problemCount': 1290, 'displayNames': [{'language': 'ko', 'name': '세그먼트 트리', 'short': '세그먼트 트리'}, {'language': 'en', 'name': 'segment tree', 'short': 'segtree'}, {'language': 'ja', 'name': 'セグメント木', 'short': 'セグ木'}], 'aliases': [{'alias': '구간트리'}, {'alias': '세그트리'}, {'alias': 'fenwick'}, {'alias': '펜윅'}]}, {'key': 'trees', 'isMeta': False, 'bojTagId': 120, 'problemCount': 1382, 'displayNames': [{'language': 'ko', 'name': '트리', 'short': '트리'}, {'language': 'en', 'name': 'tree', 'short': 'tree'}, {'language': 'ja', 'name': '木', 'short': '木'}], 'aliases': [{'alias': 'trees'}]}]",{}
20512,Призы,"[{'language': 'ru', 'languageDisplayName': 'ru', 'title': 'Призы', 'isOriginal': True}]",True,False,36,5,6,False,False,False,1.9167,True,"[{'key': 'implementation', 'isMeta': False, 'bojTagId': 102, 'problemCount': 5465, 'displayNames': [{'language': 'ko', 'name': '구현', 'short': '구현'}, {'language': 'en', 'name': 'implementation', 'short': 'impl'}, {'language': 'ja', 'name': '実装', 'short': 'impl'}], 'aliases': []}]",{}
20513,Космическое поселение,"[{'language': 'ru', 'languageDisplayName': 'ru', 'title': 'Космическое поселение', 'isOriginal': True}]",True,False,6,10,1,False,False,False,2.0,True,"[{'key': 'binary_search', 'isMeta': False, 'bojTagId': 12, 'problemCount': 1204, 'displayNames': [{'language': 'ko', 'name': '이분 탐색', 'short': '이분 탐색'}, {'language': 'en', 'name': 'binary search', 'short': 'binary search'}, {'language': 'ja', 'name': '二分探索', 'short': '二分探索'}], 'aliases': [{'alias': '이분탐색'}, {'alias': '이진탐색'}]}]",{}
20514,Странные строки,"[{'language': 'ru', 'languageDisplayName': 'ru', 'title': 'Странные строки', 'isOriginal': True}]",True,False,1,0,0,False,False,False,1.0,True,[],{}
20515,Поездка на каникулах,"[{'language': 'ru', 'languageDisplayName': 'ru', 'title': 'Поездка на каникулах', 'isOriginal': True}]",True,False,0,0,0,False,False,False,0.0,True,[],{}
20516,Три сына,"[{'language': 'ru', 'languageDisplayName': 'ru', 'title': 'Три сына', 'isOriginal': True}]",True,False,7,10,2,False,False,False,1.7143,True,"[{'key': 'bruteforcing', 'isMeta': False, 'bojTagId': 125, 'problemCount': 2158, 'displayNames': [{'language': 'ko', 'name': '브루트포스 알고리즘', 'short': '브루트포스 알고리즘'}, {'language': 'en', 'name': 'bruteforcing', 'short': 'bruteforce'}, {'language': 'ja', 'name': '全探索', 'short': '全探索'}], 'aliases': [{'alias': '완전탐색'}, {'alias': '완전 탐색'}, {'alias': '브루트포스'}, {'alias': 'bruteforce'}, {'alias': 'brute force'}, {'alias': '완탐'}]}, {'key': 'implementation', 'isMeta': False, 'bojTagId': 102, 'problemCount': 5465, 'displayNames': [{'language': 'ko', 'name': '구현', 'short': '구현'}, {'language': 'en', 'name': 'implementation', 'short': 'impl'}, {'language': 'ja', 'name': '実装', 'short': 'impl'}], 'aliases': []}, {'key': 'math', 'isMeta': False, 'bojTagId': 124, 'problemCount': 6271, 'displayNames': [{'language': 'ko', 'name': '수학', 'short': '수학'}, {'language': 'en', 'name': 'mathematics', 'short': 'math'}, {'language': 'ja', 'name': '数学', 'short': '数学'}], 'aliases': []}]",{}
20517,Счет в гипершашках,"[{'language': 'ru', 'languageDisplayName': 'ru', 'title': 'Счет в гипершашках', 'isOriginal': True}]",True,False,2,0,0,False,False,False,3.0,True,[],{}
20518,Интересные числа,"[{'language': 'ru', 'languageDisplayName': 'ru', 'title': 'Интересные числа', 'isOriginal': True}]",True,False,6,10,2,False,False,False,2.0,True,"[{'key': 'dp', 'isMeta': False, 'bojTagId': 25, 'problemCount': 3979, 'displayNames': [{'language': 'ko', 'name': '다이나믹 프로그래밍', 'short': '다이나믹 프로그래밍'}, {'language': 'en', 'name': 'dynamic programming', 'short': 'dp'}, {'language': 'ja', 'name': '動的計画法', 'short': 'dp'}], 'aliases': [{'alias': '동적계획법'}, {'alias': '동적 계획법'}, {'alias': '다이나믹프로그래밍'}]}]",{}
20519,Гармоничная последовательность,"[{'language': 'ru', 'languageDisplayName': 'ru', 'title': 'Гармоничная последовательность', 'isOriginal': True}]",True,False,2,18,2,False,False,False,5.5,True,"[{'key': 'binary_search', 'isMeta': False, 'bojTagId': 12, 'problemCount': 1204, 'displayNames': [{'language': 'ko', 'name': '이분 탐색', 'short': '이분 탐색'}, {'language': 'en', 'name': 'binary search', 'short': 'binary search'}, {'language': 'ja', 'name': '二分探索', 'short': '二分探索'}], 'aliases': [{'alias': '이분탐색'}, {'alias': '이진탐색'}]}, {'key': 'math', 'isMeta': False, 'bojTagId': 124, 'problemCount': 6271, 'displayNames': [{'language': 'ko', 'name': '수학', 'short': '수학'}, {'language': 'en', 'name': 'mathematics', 'short': 'math'}, {'language': 'ja', 'name': '数学', 'short': '数学'}], 'aliases': []}, {'key': 'parametric_search', 'isMeta': False, 'bojTagId': 170, 'problemCount': 368, 'displayNames': [{'language': 'ko', 'name': '매개 변수 탐색', 'short': '매개 변수 탐색'}, {'language': 'en', 'name': 'parametric search', 'short': 'parametric search'}, {'language': 'ja', 'name': 'parametric search', 'short': 'parametric search'}], 'aliases': [{'alias': '파라메트릭'}]}, {'key': 'ternary_search', 'isMeta': False, 'bojTagId': 101, 'problemCount': 93, 'displayNames': [{'language': 'ko', 'name': '삼분 탐색', 'short': '삼분 탐색'}, {'language': 'en', 'name': 'ternary search', 'short': 'ternary search'}, {'language': 'ja', 'name': '三分探索', 'short': '三分探索'}], 'aliases': []}]",{}
20520,Оборона крепости,"[{'language': 'ru', 'languageDisplayName': 'ru', 'title': 'Оборона крепости', 'isOriginal': True}]",True,False,19,16,4,False,False,False,1.3684,True,"[{'key': 'greedy', 'isMeta': False, 'bojTagId': 33, 'problemCount': 2504, 'displayNames': [{'language': 'ko', 'name': '그리디 알고리즘', 'short': '그리디 알고리즘'}, {'language': 'en', 'name': 'greedy', 'short': 'greedy'}, {'language': 'ja', 'name': '貪欲法', 'short': '貪欲法'}], 'aliases': [{'alias': '탐욕법'}]}]",{}
20521,Экспериментальная робототехника,"[{'language': 'ru', 'languageDisplayName': 'ru', 'title': 'Экспериментальная робототехника', 'isOriginal': True}]",True,False,6,18,1,False,False,False,4.3333,True,"[{'key': 'constructive', 'isMeta': False, 'bojTagId': 128, 'problemCount': 986, 'displayNames': [{'language': 'ko', 'name': '해 구성하기', 'short': '해 구성하기'}, {'language': 'en', 'name': 'constructive', 'short': 'constructive'}, {'language': 'ja', 'name': '構成的', 'short': '構成的'}], 'aliases': [{'alias': 'constructive'}, {'alias': '컨스트럭티브'}, {'alias': '구성적'}]}, {'key': 'graphs', 'isMeta': False, 'bojTagId': 7, 'problemCount': 3630, 'displayNames': [{'language': 'ko', 'name': '그래프 이론', 'short': '그래프 이론'}, {'language': 'en', 'name': 'graph theory', 'short': 'graph'}, {'language': 'ja', 'name': 'グラフ理論', 'short': 'グラフ'}], 'aliases': [{'alias': '그래프이론'}, {'alias': '그래프'}]}]",{}
20522,Ловить или не ловить,"[{'language': 'ru', 'languageDisplayName': 'ru', 'title': 'Ловить или не ловить', 'isOriginal': True}]",True,False,11,21,3,False,False,False,3.6364,True,"[{'key': 'binary_search', 'isMeta': False, 'bojTagId': 12, 'problemCount': 1204, 'displayNames': [{'language': 'ko', 'name': '이분 탐색', 'short': '이분 탐색'}, {'language': 'en', 'name': 'binary search', 'short': 'binary search'}, {'language': 'ja', 'name': '二分探索', 'short': '二分探索'}], 'aliases': [{'alias': '이분탐색'}, {'alias': '이진탐색'}]}, {'key': 'data_structures', 'isMeta': False, 'bojTagId': 175, 'problemCount': 3771, 'displayNames': [{'language': 'ko', 'name': '자료 구조', 'short': '자료 구조'}, {'language': 'en', 'name': 'data structures', 'short': 'ds'}, {'language': 'ja', 'name': 'データ構造', 'short': 'ds'}], 'aliases': [{'alias': '자료구조'}, {'alias': '자구'}]}, {'key': 'greedy', 'isMeta': False, 'bojTagId': 33, 'problemCount': 2504, 'displayNames': [{'language': 'ko', 'name': '그리디 알고리즘', 'short': '그리디 알고리즘'}, {'language': 'en', 'name': 'greedy', 'short': 'greedy'}, {'language': 'ja', 'name': '貪欲法', 'short': '貪欲法'}], 'aliases': [{'alias': '탐욕법'}]}, {'key': 'segtree', 'isMeta': False, 'bojTagId': 65, 'problemCount': 1290, 'displayNames': [{'language': 'ko', 'name': '세그먼트 트리', 'short': '세그먼트 트리'}, {'language': 'en', 'name': 'segment tree', 'short': 'segtree'}, {'language': 'ja', 'name': 'セグメント木', 'short': 'セグ木'}], 'aliases': [{'alias': '구간트리'}, {'alias': '세그트리'}, {'alias': 'fenwick'}, {'alias': '펜윅'}]}]",{}
20523,Обитаемые горы,"[{'language': 'ru', 'languageDisplayName': 'ru', 'title': 'Обитаемые горы', 'isOriginal': True}]",True,False,6,23,2,False,False,False,8.8333,True,"[{'key': 'binary_search', 'isMeta': False, 'bojTagId': 12, 'problemCount': 1204, 'displayNames': [{'language': 'ko', 'name': '이분 탐색', 'short': '이분 탐색'}, {'language': 'en', 'name': 'binary search', 'short': 'binary search'}, {'language': 'ja', 'name': '二分探索', 'short': '二分探索'}], 'aliases': [{'alias': '이분탐색'}, {'alias': '이진탐색'}]}, {'key': 'cht', 'isMeta': False, 'bojTagId': 89, 'problemCount': 101, 'displayNames': [{'language': 'ko', 'name': '볼록 껍질을 이용한 최적화', 'short': '볼록 껍질을 이용한 최적화'}, {'language': 'en', 'name': 'convex hull trick', 'short': 'cht'}, {'language': 'ja', 'name': 'convex hull trick', 'short': 'cht'}], 'aliases': [{'alias': '컨벡스헐트릭'}, {'alias': '컨벡스헐최적화'}]}, {'key': 'convex_hull', 'isMeta': False, 'bojTagId': 20, 'problemCount': 178, 'displayNames': [{'language': 'ko', 'name': '볼록 껍질', 'short': '볼록 껍질'}, {'language': 'en', 'name': 'convex hull', 'short': 'convex hull'}, {'language': 'ja', 'name': '凸包', 'short': '凸包'}], 'aliases': [{'alias': '컨벡스헐'}]}, {'key': 'data_structures', 'isMeta': False, 'bojTagId': 175, 'problemCount': 3771, 'displayNames': [{'language': 'ko', 'name': '자료 구조', 'short': '자료 구조'}, {'language': 'en', 'name': 'data structures', 'short': 'ds'}, {'language': 'ja', 'name': 'データ構造', 'short': 'ds'}], 'aliases': [{'alias': '자료구조'}, {'alias': '자구'}]}, {'key': 'divide_and_conquer', 'isMeta': False, 'bojTagId': 24, 'problemCount': 412, 'displayNames': [{'language': 'ko', 'name': '분할 정복', 'short': '분할 정복'}, {'language': 'en', 'name': 'divide and conquer', 'short': 'd&c'}, {'language': 'ja', 'name': '分割統治法', 'short': '分割統治法'}], 'aliases': [{'alias': 'dnc'}]}, {'key': 'geometry', 'isMeta': False, 'bojTagId': 100, 'problemCount': 1483, 'displayNames': [{'language': 'ko', 'name': '기하학', 'short': '기하학'}, {'language': 'en', 'name': 'geometry', 'short': 'geom'}, {'language': 'ja', 'name': '幾何学', 'short': '幾何'}], 'aliases': []}, {'key': 'offline_queries', 'isMeta': False, 'bojTagId': 123, 'problemCount': 252, 'displayNames': [{'language': 'ko', 'name': '오프라인 쿼리', 'short': '오프라인 쿼리'}, {'language': 'en', 'name': 'offline queries', 'short': 'offline query'}, {'language': 'ja', 'name': 'offline queries', 'short': 'offline query'}], 'aliases': [{'alias': 'offlinequery'}]}, {'key': 'segtree', 'isMeta': False, 'bojTagId': 65, 'problemCount': 1290, 'displayNames': [{'language': 'ko', 'name': '세그먼트 트리', 'short': '세그먼트 트리'}, {'language': 'en', 'name': 'segment tree', 'short': 'segtree'}, {'language': 'ja', 'name': 'セグメント木', 'short': 'セグ木'}], 'aliases': [{'alias': '구간트리'}, {'alias': '세그트리'}, {'alias': 'fenwick'}, {'alias': '펜윅'}]}, {'key': 'sorting', 'isMeta': False, 'bojTagId': 97, 'problemCount': 1827, 'displayNames': [{'language': 'ko', 'name': '정렬', 'short': '정렬'}, {'language': 'en', 'name': 'sorting', 'short': 'sorting'}, {'language': 'ja', 'name': 'ソート', 'short': 'ソート'}], 'aliases': []}, {'key': 'sweeping', 'isMeta': False, 'bojTagId': 106, 'problemCount': 468, 'displayNames': [{'language': 'ko', 'name': '스위핑', 'short': '스위핑'}, {'language': 'en', 'name': 'sweeping', 'short': 'sweeping'}, {'language': 'ja', 'name': '平面走査', 'short': '平面走査'}], 'aliases': [{'alias': '라인 스위핑'}]}, {'key': 'two_pointer', 'isMeta': False, 'bojTagId': 80, 'problemCount': 381, 'displayNames': [{'language': 'ko', 'name': '두 포인터', 'short': '두 포인터'}, {'language': 'en', 'name': 'two-pointer', 'short': 'two-pointer'}, {'language': 'ja', 'name': '尺取り法', 'short': '尺取り'}], 'aliases': [{'alias': '투포인터'}, {'alias': '인치웜'}, {'alias': 'inchworm'}, {'alias': 'twopointer'}]}]",{}
20524,Управление видеонаблюдением,"[{'language': 'ru', 'languageDisplayName': 'ru', 'title': 'Управление видеонаблюдением', 'isOriginal': True}]",True,True,15,15,3,False,False,False,1.2,True,"[{'key': 'prefix_sum', 'isMeta': False, 'bojTagId': 139, 'problemCount': 949, 'displayNames': [{'language': 'ko', 'name': '누적 합', 'short': '누적 합'}, {'language': 'en', 'name': 'prefix sum', 'short': 'prefix sum'}, {'language': 'ja', 'name': '累積和', 'short': '累積和'}], 'aliases': [{'alias': '구간합'}, {'alias': '부분합'}, {'alias': 'rangesum'}]}]",{}
20525,Расшифровка ДНК,"[{'language': 'ru', 'languageDisplayName': 'ru', 'title': 'Расшифровка ДНК', 'isOriginal': True}]",True,True,4,0,0,False,False,False,2.0,True,[],{}
20526,Курьерская служба,"[{'language': 'ru', 'languageDisplayName': 'ru', 'title': 'Курьерская служба', 'isOriginal': True}]",True,True,8,24,3,False,False,False,7.375,True,"[{'key': 'euler_tour_technique', 'isMeta': False, 'bojTagId': 150, 'problemCount': 96, 'displayNames': [{'language': 'ko', 'name': '오일러 경로 테크닉', 'short': '오일러 경로 테크닉'}, {'language': 'en', 'name': 'euler tour technique', 'short': 'ett'}, {'language': 'ja', 'name': 'オイラーツアー', 'short': 'ett'}], 'aliases': []}, {'key': 'lca', 'isMeta': False, 'bojTagId': 41, 'problemCount': 166, 'displayNames': [{'language': 'ko', 'name': '최소 공통 조상', 'short': '최소 공통 조상'}, {'language': 'en', 'name': 'lowest common ancestor', 'short': 'lca'}, {'language': 'ja', 'name': '最下位共通祖先', 'short': 'lca'}], 'aliases': []}, {'key': 'smaller_to_larger', 'isMeta': False, 'bojTagId': 169, 'problemCount': 128, 'displayNames': [{'language': 'ko', 'name': '작은 집합에서 큰 집합으로 합치는 테크닉', 'short': '작은 집합에서 큰 집합으로 합치는 테크닉'}, {'language': 'en', 'name': 'smaller to larger technique', 'short': 'smaller to larger'}, {'language': 'ja', 'name': 'smaller to larger technique', 'short': 'smaller to larger'}], 'aliases': [{'alias': 'merge heuristics'}, {'alias': 'sack'}, {'alias': 'small to large'}, {'alias': '작은거'}, {'alias': '큰거'}]}, {'key': 'trees', 'isMeta': False, 'bojTagId': 120, 'problemCount': 1382, 'displayNames': [{'language': 'ko', 'name': '트리', 'short': '트리'}, {'language': 'en', 'name': 'tree', 'short': 'tree'}, {'language': 'ja', 'name': '木', 'short': '木'}], 'aliases': [{'alias': 'trees'}]}, {'key': 'tree_compression', 'isMeta': False, 'bojTagId': 193, 'problemCount': 16, 'displayNames': [{'language': 'ko', 'name': '트리 압축', 'short': '트리 압축'}, {'language': 'en', 'name': 'tree compression', 'short': 'tree compression'}, {'language': 'ja', 'name': 'tree compression', 'short': 'tree compression'}], 'aliases': []}]",{}
20527,Тренажёр <<$10_2$-пальцевый набор>>,"[{'language': 'ru', 'languageDisplayName': 'ru', 'title': 'Тренажёр <<$10_2$-пальцевый набор>>', 'isOriginal': True}]",True,True,3,0,0,False,False,False,19.0,True,[],{}
20528,끝말잇기,"[{'language': 'ko', 'languageDisplayName': 'ko', 'title': '끝말잇기', 'isOriginal': True}]",True,False,1444,4,60,False,False,False,1.428,True,"[{'key': 'ad_hoc', 'isMeta': False, 'bojTagId': 109, 'problemCount': 1447, 'displayNames': [{'language': 'ko', 'name': '애드 혹', 'short': '애드 혹'}, {'language': 'en', 'name': 'ad-hoc', 'short': 'ad-hoc'}, {'language': 'ja', 'name': 'アドホック', 'short': 'アドホック'}], 'aliases': []}, {'key': 'string', 'isMeta': False, 'bojTagId': 158, 'problemCount': 2356, 'displayNames': [{'language': 'ko', 'name': '문자열', 'short': '문자열'}, {'language': 'en', 'name': 'string', 'short': 'string'}, {'language': 'ja', 'name': '文字列', 'short': '文字列'}], 'aliases': [{'alias': '스트링'}]}]",{}
20529,가장 가까운 세 사람의 심리적 거리,"[{'language': 'ko', 'languageDisplayName': 'ko', 'title': '가장 가까운 세 사람의 심리적 거리', 'isOriginal': True}]",True,False,4000,10,134,False,False,False,2.7893,True,"[{'key': 'bruteforcing', 'isMeta': False, 'bojTagId': 125, 'problemCount': 2158, 'displayNames': [{'language': 'ko', 'name': '브루트포스 알고리즘', 'short': '브루트포스 알고리즘'}, {'language': 'en', 'name': 'bruteforcing', 'short': 'bruteforce'}, {'language': 'ja', 'name': '全探索', 'short': '全探索'}], 'aliases': [{'alias': '완전탐색'}, {'alias': '완전 탐색'}, {'alias': '브루트포스'}, {'alias': 'bruteforce'}, {'alias': 'brute force'}, {'alias': '완탐'}]}, {'key': 'pigeonhole_principle', 'isMeta': False, 'bojTagId': 189, 'problemCount': 42, 'displayNames': [{'language': 'ko', 'name': '비둘기집 원리', 'short': '비둘기집'}, {'language': 'en', 'name': 'pigeonhole principle', 'short': 'pigeonhole'}, {'language': 'ja', 'name': '鳩の巣原理', 'short': '鳩'}], 'aliases': []}]",{}
20530,양분,"[{'language': 'ko', 'languageDisplayName': 'ko', 'title': '양분', 'isOriginal': True}]",True,False,289,15,69,False,False,False,3.4775,True,"[{'key': 'data_structures', 'isMeta': False, 'bojTagId': 175, 'problemCount': 3771, 'displayNames': [{'language': 'ko', 'name': '자료 구조', 'short': '자료 구조'}, {'language': 'en', 'name': 'data structures', 'short': 'ds'}, {'language': 'ja', 'name': 'データ構造', 'short': 'ds'}], 'aliases': [{'alias': '자료구조'}, {'alias': '자구'}]}, {'key': 'dfs', 'isMeta': False, 'bojTagId': 127, 'problemCount': 806, 'displayNames': [{'language': 'ko', 'name': '깊이 우선 탐색', 'short': '깊이 우선 탐색'}, {'language': 'en', 'name': 'depth-first search', 'short': 'dfs'}, {'language': 'ja', 'name': '深さ優先探索', 'short': 'dfs'}], 'aliases': [{'alias': 'depth first'}, {'alias': 'depthfirst'}]}, {'key': 'disjoint_set', 'isMeta': False, 'bojTagId': 81, 'problemCount': 469, 'displayNames': [{'language': 'ko', 'name': '분리 집합', 'short': '분리 집합'}, {'language': 'en', 'name': 'disjoint set', 'short': 'dsu'}, {'language': 'ja', 'name': '素集合データ構造', 'short': '素集合データ構造'}], 'aliases': [{'alias': 'union'}, {'alias': 'find'}, {'alias': '유니온'}, {'alias': '파인드'}, {'alias': 'dsu'}]}, {'key': 'graphs', 'isMeta': False, 'bojTagId': 7, 'problemCount': 3630, 'displayNames': [{'language': 'ko', 'name': '그래프 이론', 'short': '그래프 이론'}, {'language': 'en', 'name': 'graph theory', 'short': 'graph'}, {'language': 'ja', 'name': 'グラフ理論', 'short': 'グラフ'}], 'aliases': [{'alias': '그래프이론'}, {'alias': '그래프'}]}, {'key': 'graph_traversal', 'isMeta': False, 'bojTagId': 11, 'problemCount': 1978, 'displayNames': [{'language': 'ko', 'name': '그래프 탐색', 'short': '그래프 탐색'}, {'language': 'en', 'name': 'graph traversal', 'short': 'traversal'}, {'language': 'ja', 'name': 'グラフの探索', 'short': '横断'}], 'aliases': [{'alias': 'bfs'}, {'alias': 'dfs'}]}, {'key': 'trees', 'isMeta': False, 'bojTagId': 120, 'problemCount': 1382, 'displayNames': [{'language': 'ko', 'name': '트리', 'short': '트리'}, {'language': 'en', 'name': 'tree', 'short': 'tree'}, {'language': 'ja', 'name': '木', 'short': '木'}], 'aliases': [{'alias': 'trees'}]}]",{}
20531,인간관계,"[{'language': 'ko', 'languageDisplayName': 'ko', 'title': '인간관계', 'isOriginal': True}]",True,False,227,16,48,False,False,False,2.7797,True,"[{'key': 'combinatorics', 'isMeta': False, 'bojTagId': 6, 'problemCount': 895, 'displayNames': [{'language': 'ko', 'name': '조합론', 'short': '조합론'}, {'language': 'en', 'name': 'combinatorics', 'short': 'combinatorics'}, {'language': 'ja', 'name': '組み合わせ', 'short': '組み合わせ'}], 'aliases': [{'alias': 'combination'}, {'alias': 'permutation'}, {'alias': 'probability'}, {'alias': '확률'}, {'alias': '순열'}]}, {'key': 'data_structures', 'isMeta': False, 'bojTagId': 175, 'problemCount': 3771, 'displayNames': [{'language': 'ko', 'name': '자료 구조', 'short': '자료 구조'}, {'language': 'en', 'name': 'data structures', 'short': 'ds'}, {'language': 'ja', 'name': 'データ構造', 'short': 'ds'}], 'aliases': [{'alias': '자료구조'}, {'alias': '자구'}]}, {'key': 'disjoint_set', 'isMeta': False, 'bojTagId': 81, 'problemCount': 469, 'displayNames': [{'language': 'ko', 'name': '분리 집합', 'short': '분리 집합'}, {'language': 'en', 'name': 'disjoint set', 'short': 'dsu'}, {'language': 'ja', 'name': '素集合データ構造', 'short': '素集合データ構造'}], 'aliases': [{'alias': 'union'}, {'alias': 'find'}, {'alias': '유니온'}, {'alias': '파인드'}, {'alias': 'dsu'}]}, {'key': 'dp', 'isMeta': False, 'bojTagId': 25, 'problemCount': 3979, 'displayNames': [{'language': 'ko', 'name': '다이나믹 프로그래밍', 'short': '다이나믹 프로그래밍'}, {'language': 'en', 'name': 'dynamic programming', 'short': 'dp'}, {'language': 'ja', 'name': '動的計画法', 'short': 'dp'}], 'aliases': [{'alias': '동적계획법'}, {'alias': '동적 계획법'}, {'alias': '다이나믹프로그래밍'}]}, {'key': 'math', 'isMeta': False, 'bojTagId': 124, 'problemCount': 6271, 'displayNames': [{'language': 'ko', 'name': '수학', 'short': '수학'}, {'language': 'en', 'name': 'mathematics', 'short': 'math'}, {'language': 'ja', 'name': '数学', 'short': '数学'}], 'aliases': []}]",{}
20532,정점 간 통신 네트워크,"[{'language': 'ko', 'languageDisplayName': 'ko', 'title': '정점 간 통신 네트워크', 'isOriginal': True}]",True,False,132,17,27,False,False,False,3.9091,True,"[{'key': 'dfs', 'isMeta': False, 'bojTagId': 127, 'problemCount': 806, 'displayNames': [{'language': 'ko', 'name': '깊이 우선 탐색', 'short': '깊이 우선 탐색'}, {'language': 'en', 'name': 'depth-first search', 'short': 'dfs'}, {'language': 'ja', 'name': '深さ優先探索', 'short': 'dfs'}], 'aliases': [{'alias': 'depth first'}, {'alias': 'depthfirst'}]}, {'key': 'graphs', 'isMeta': False, 'bojTagId': 7, 'problemCount': 3630, 'displayNames': [{'language': 'ko', 'name': '그래프 이론', 'short': '그래프 이론'}, {'language': 'en', 'name': 'graph theory', 'short': 'graph'}, {'language': 'ja', 'name': 'グラフ理論', 'short': 'グラフ'}], 'aliases': [{'alias': '그래프이론'}, {'alias': '그래프'}]}, {'key': 'graph_traversal', 'isMeta': False, 'bojTagId': 11, 'problemCount': 1978, 'displayNames': [{'language': 'ko', 'name': '그래프 탐색', 'short': '그래프 탐색'}, {'language': 'en', 'name': 'graph traversal', 'short': 'traversal'}, {'language': 'ja', 'name': 'グラフの探索', 'short': '横断'}], 'aliases': [{'alias': 'bfs'}, {'alias': 'dfs'}]}, {'key': 'math', 'isMeta': False, 'bojTagId': 124, 'problemCount': 6271, 'displayNames': [{'language': 'ko', 'name': '수학', 'short': '수학'}, {'language': 'en', 'name': 'mathematics', 'short': 'math'}, {'language': 'ja', 'name': '数学', 'short': '数学'}], 'aliases': []}, {'key': 'number_theory', 'isMeta': False, 'bojTagId': 95, 'problemCount': 1418, 'displayNames': [{'language': 'ko', 'name': '정수론', 'short': '정수론'}, {'language': 'en', 'name': 'number theory', 'short': 'number theory'}, {'language': 'ja', 'name': '整数論', 'short': '整数論'}], 'aliases': []}, {'key': 'trees', 'isMeta': False, 'bojTagId': 120, 'problemCount': 1382, 'displayNames': [{'language': 'ko', 'name': '트리', 'short': '트리'}, {'language': 'en', 'name': 'tree', 'short': 'tree'}, {'language': 'ja', 'name': '木', 'short': '木'}], 'aliases': [{'alias': 'trees'}]}]",{}
20533,상금 분배,"[{'language': 'ko', 'languageDisplayName': 'ko', 'title': '상금 분배', 'isOriginal': True}, {'language': 'en', 'languageDisplayName': 'en', 'title': ""Junkyeom's Contest"", 'isOriginal': False}]",True,False,83,20,18,False,False,False,3.4819,True,"[{'key': 'binary_search', 'isMeta': False, 'bojTagId': 12, 'problemCount': 1204, 'displayNames': [{'language': 'ko', 'name': '이분 탐색', 'short': '이분 탐색'}, {'language': 'en', 'name': 'binary search', 'short': 'binary search'}, {'language': 'ja', 'name': '二分探索', 'short': '二分探索'}], 'aliases': [{'alias': '이분탐색'}, {'alias': '이진탐색'}]}, {'key': 'data_structures', 'isMeta': False, 'bojTagId': 175, 'problemCount': 3771, 'displayNames': [{'language': 'ko', 'name': '자료 구조', 'short': '자료 구조'}, {'language': 'en', 'name': 'data structures', 'short': 'ds'}, {'language': 'ja', 'name': 'データ構造', 'short': 'ds'}], 'aliases': [{'alias': '자료구조'}, {'alias': '자구'}]}, {'key': 'greedy', 'isMeta': False, 'bojTagId': 33, 'problemCount': 2504, 'displayNames': [{'language': 'ko', 'name': '그리디 알고리즘', 'short': '그리디 알고리즘'}, {'language': 'en', 'name': 'greedy', 'short': 'greedy'}, {'language': 'ja', 'name': '貪欲法', 'short': '貪欲法'}], 'aliases': [{'alias': '탐욕법'}]}, {'key': 'segtree', 'isMeta': False, 'bojTagId': 65, 'problemCount': 1290, 'displayNames': [{'language': 'ko', 'name': '세그먼트 트리', 'short': '세그먼트 트리'}, {'language': 'en', 'name': 'segment tree', 'short': 'segtree'}, {'language': 'ja', 'name': 'セグメント木', 'short': 'セグ木'}], 'aliases': [{'alias': '구간트리'}, {'alias': '세그트리'}, {'alias': 'fenwick'}, {'alias': '펜윅'}]}, {'key': 'sorting', 'isMeta': False, 'bojTagId': 97, 'problemCount': 1827, 'displayNames': [{'language': 'ko', 'name': '정렬', 'short': '정렬'}, {'language': 'en', 'name': 'sorting', 'short': 'sorting'}, {'language': 'ja', 'name': 'ソート', 'short': 'ソート'}], 'aliases': []}, {'key': 'stack', 'isMeta': False, 'bojTagId': 71, 'problemCount': 372, 'displayNames': [{'language': 'ko', 'name': '스택', 'short': '스택'}, {'language': 'en', 'name': 'stack', 'short': 'stack'}, {'language': 'ja', 'name': 'スタック', 'short': 'スタック'}], 'aliases': []}]",{}
20534,PCB 설계,"[{'language': 'ko', 'languageDisplayName': 'ko', 'title': 'PCB 설계', 'isOriginal': True}, {'language': 'en', 'languageDisplayName': 'en', 'title': 'Designing a PCB', 'isOriginal': False}]",True,False,13,24,5,False,False,False,1.8462,True,"[{'key': '2_sat', 'isMeta': False, 'bojTagId': 1, 'problemCount': 58, 'displayNames': [{'language': 'ko', 'name': '2-sat', 'short': '2-sat'}, {'language': 'en', 'name': '2-sat', 'short': '2-sat'}, {'language': 'ja', 'name': '2-sat', 'short': '2-sat'}], 'aliases': [{'alias': '투셋'}, {'alias': 'twosat'}, {'alias': '2sat'}]}, {'key': 'ad_hoc', 'isMeta': False, 'bojTagId': 109, 'problemCount': 1447, 'displayNames': [{'language': 'ko', 'name': '애드 혹', 'short': '애드 혹'}, {'language': 'en', 'name': 'ad-hoc', 'short': 'ad-hoc'}, {'language': 'ja', 'name': 'アドホック', 'short': 'アドホック'}], 'aliases': []}, {'key': 'data_structures', 'isMeta': False, 'bojTagId': 175, 'problemCount': 3771, 'displayNames': [{'language': 'ko', 'name': '자료 구조', 'short': '자료 구조'}, {'language': 'en', 'name': 'data structures', 'short': 'ds'}, {'language': 'ja', 'name': 'データ構造', 'short': 'ds'}], 'aliases': [{'alias': '자료구조'}, {'alias': '자구'}]}, {'key': 'dfs', 'isMeta': False, 'bojTagId': 127, 'problemCount': 806, 'displayNames': [{'language': 'ko', 'name': '깊이 우선 탐색', 'short': '깊이 우선 탐색'}, {'language': 'en', 'name': 'depth-first search', 'short': 'dfs'}, {'language': 'ja', 'name': '深さ優先探索', 'short': 'dfs'}], 'aliases': [{'alias': 'depth first'}, {'alias': 'depthfirst'}]}, {'key': 'disjoint_set', 'isMeta': False, 'bojTagId': 81, 'problemCount': 469, 'displayNames': [{'language': 'ko', 'name': '분리 집합', 'short': '분리 집합'}, {'language': 'en', 'name': 'disjoint set', 'short': 'dsu'}, {'language': 'ja', 'name': '素集合データ構造', 'short': '素集合データ構造'}], 'aliases': [{'alias': 'union'}, {'alias': 'find'}, {'alias': '유니온'}, {'alias': '파인드'}, {'alias': 'dsu'}]}, {'key': 'graphs', 'isMeta': False, 'bojTagId': 7, 'problemCount': 3630, 'displayNames': [{'language': 'ko', 'name': '그래프 이론', 'short': '그래프 이론'}, {'language': 'en', 'name': 'graph theory', 'short': 'graph'}, {'language': 'ja', 'name': 'グラフ理論', 'short': 'グラフ'}], 'aliases': [{'alias': '그래프이론'}, {'alias': '그래프'}]}, {'key': 'graph_traversal', 'isMeta': False, 'bojTagId': 11, 'problemCount': 1978, 'displayNames': [{'language': 'ko', 'name': '그래프 탐색', 'short': '그래프 탐색'}, {'language': 'en', 'name': 'graph traversal', 'short': 'traversal'}, {'language': 'ja', 'name': 'グラフの探索', 'short': '横断'}], 'aliases': [{'alias': 'bfs'}, {'alias': 'dfs'}]}, {'key': 'scc', 'isMeta': False, 'bojTagId': 76, 'problemCount': 147, 'displayNames': [{'language': 'ko', 'name': '강한 연결 요소', 'short': '강한 연결 요소'}, {'language': 'en', 'name': 'strongly connected component', 'short': 'scc'}, {'language': 'ja', 'name': '強連結', 'short': '強連結'}], 'aliases': []}]",{}
20535,최소 공통 조상과 쿼리,"[{'language': 'ko', 'languageDisplayName': 'ko', 'title': '최소 공통 조상과 쿼리', 'isOriginal': True}]",True,False,94,21,33,False,False,False,2.4574,True,"[{'key': 'data_structures', 'isMeta': False, 'bojTagId': 175, 'problemCount': 3771, 'displayNames': [{'language': 'ko', 'name': '자료 구조', 'short': '자료 구조'}, {'language': 'en', 'name': 'data structures', 'short': 'ds'}, {'language': 'ja', 'name': 'データ構造', 'short': 'ds'}], 'aliases': [{'alias': '자료구조'}, {'alias': '자구'}]}, {'key': 'euler_tour_technique', 'isMeta': False, 'bojTagId': 150, 'problemCount': 96, 'displayNames': [{'language': 'ko', 'name': '오일러 경로 테크닉', 'short': '오일러 경로 테크닉'}, {'language': 'en', 'name': 'euler tour technique', 'short': 'ett'}, {'language': 'ja', 'name': 'オイラーツアー', 'short': 'ett'}], 'aliases': []}, {'key': 'lca', 'isMeta': False, 'bojTagId': 41, 'problemCount': 166, 'displayNames': [{'language': 'ko', 'name': '최소 공통 조상', 'short': '최소 공통 조상'}, {'language': 'en', 'name': 'lowest common ancestor', 'short': 'lca'}, {'language': 'ja', 'name': '最下位共通祖先', 'short': 'lca'}], 'aliases': []}, {'key': 'trees', 'isMeta': False, 'bojTagId': 120, 'problemCount': 1382, 'displayNames': [{'language': 'ko', 'name': '트리', 'short': '트리'}, {'language': 'en', 'name': 'tree', 'short': 'tree'}, {'language': 'ja', 'name': '木', 'short': '木'}], 'aliases': [{'alias': 'trees'}]}]",{}
20536,남부순환로,"[{'language': 'ko', 'languageDisplayName': 'ko', 'title': '남부순환로', 'isOriginal': True}, {'language': 'en', 'languageDisplayName': 'en', 'title': 'Lights On The Road', 'isOriginal': False}]",True,False,22,27,12,False,False,False,2.9091,True,"[{'key': 'data_structures', 'isMeta': False, 'bojTagId': 175, 'problemCount': 3771, 'displayNames': [{'language': 'ko', 'name': '자료 구조', 'short': '자료 구조'}, {'language': 'en', 'name': 'data structures', 'short': 'ds'}, {'language': 'ja', 'name': 'データ構造', 'short': 'ds'}], 'aliases': [{'alias': '자료구조'}, {'alias': '자구'}]}, {'key': 'dijkstra', 'isMeta': False, 'bojTagId': 22, 'problemCount': 572, 'displayNames': [{'language': 'ko', 'name': '데이크스트라', 'short': '데이크스트라'}, {'language': 'en', 'name': ""dijkstra's"", 'short': ""dijkstra's""}, {'language': 'ja', 'name': 'ダイクストラ法', 'short': 'ダイクストラ法'}], 'aliases': [{'alias': '다익'}, {'alias': '다익스트라'}, {'alias': '데이크스트라'}]}, {'key': 'dp', 'isMeta': False, 'bojTagId': 25, 'problemCount': 3979, 'displayNames': [{'language': 'ko', 'name': '다이나믹 프로그래밍', 'short': '다이나믹 프로그래밍'}, {'language': 'en', 'name': 'dynamic programming', 'short': 'dp'}, {'language': 'ja', 'name': '動的計画法', 'short': 'dp'}], 'aliases': [{'alias': '동적계획법'}, {'alias': '동적 계획법'}, {'alias': '다이나믹프로그래밍'}]}, {'key': 'graphs', 'isMeta': False, 'bojTagId': 7, 'problemCount': 3630, 'displayNames': [{'language': 'ko', 'name': '그래프 이론', 'short': '그래프 이론'}, {'language': 'en', 'name': 'graph theory', 'short': 'graph'}, {'language': 'ja', 'name': 'グラフ理論', 'short': 'グラフ'}], 'aliases': [{'alias': '그래프이론'}, {'alias': '그래프'}]}, {'key': 'priority_queue', 'isMeta': False, 'bojTagId': 59, 'problemCount': 420, 'displayNames': [{'language': 'ko', 'name': '우선순위 큐', 'short': '우선순위 큐'}, {'language': 'en', 'name': 'priority queue', 'short': 'priority queue'}, {'language': 'ja', 'name': '優先度付きキュー', 'short': '優先度付きキュー'}], 'aliases': [{'alias': 'heap'}, {'alias': '힙'}]}, {'key': 'shortest_path', 'isMeta': False, 'bojTagId': 215, 'problemCount': 759, 'displayNames': [{'language': 'ko', 'name': '최단 경로', 'short': '최단 경로'}, {'language': 'en', 'name': 'shortest path', 'short': 'shortest path'}, {'language': 'ja', 'name': '最短経路', 'short': '最短経路'}], 'aliases': []}, {'key': 'trees', 'isMeta': False, 'bojTagId': 120, 'problemCount': 1382, 'displayNames': [{'language': 'ko', 'name': '트리', 'short': '트리'}, {'language': 'en', 'name': 'tree', 'short': 'tree'}, {'language': 'ja', 'name': '木', 'short': '木'}], 'aliases': [{'alias': 'trees'}]}]",{}
20537,Gap,"[{'language': 'en', 'languageDisplayName': 'en', 'title': 'Gap', 'isOriginal': True}]",True,True,57,18,13,False,False,False,3.9298,True,"[{'key': 'ad_hoc', 'isMeta': False, 'bojTagId': 109, 'problemCount': 1447, 'displayNames': [{'language': 'ko', 'name': '애드 혹', 'short': '애드 혹'}, {'language': 'en', 'name': 'ad-hoc', 'short': 'ad-hoc'}, {'language': 'ja', 'name': 'アドホック', 'short': 'アドホック'}], 'aliases': []}, {'key': 'pigeonhole_principle', 'isMeta': False, 'bojTagId': 189, 'problemCount': 42, 'displayNames': [{'language': 'ko', 'name': '비둘기집 원리', 'short': '비둘기집'}, {'language': 'en', 'name': 'pigeonhole principle', 'short': 'pigeonhole'}, {'language': 'ja', 'name': '鳩の巣原理', 'short': '鳩'}], 'aliases': []}]",{}
20538,Beads,"[{'language': 'en', 'languageDisplayName': 'en', 'title': 'Beads', 'isOriginal': True}]",False,False,0,0,0,False,False,False,0.0,True,[],{}
20539,Xorshift64,"[{'language': 'ko', 'languageDisplayName': 'ko', 'title': 'Xorshift64', 'isOriginal': True}]",True,False,14,24,6,False,False,False,1.3571,True,"[{'key': 'crt', 'isMeta': False, 'bojTagId': 19, 'problemCount': 45, 'displayNames': [{'language': 'ko', 'name': '중국인의 나머지 정리', 'short': '중국인의 나머지 정리'}, {'language': 'en', 'name': 'chinese remainder theorem', 'short': 'crt'}, {'language': 'ja', 'name': '中国の剰余定理', 'short': '中国の剰余定理'}], 'aliases': []}, {'key': 'discrete_log', 'isMeta': False, 'bojTagId': 146, 'problemCount': 9, 'displayNames': [{'language': 'ko', 'name': '이산 로그', 'short': '이산 로그'}, {'language': 'en', 'name': 'discrete logarithm', 'short': 'discrete logarithm'}, {'language': 'ja', 'name': '離散対数', 'short': '離散対数'}], 'aliases': [{'alias': 'order'}]}, {'key': 'linear_algebra', 'isMeta': False, 'bojTagId': 144, 'problemCount': 176, 'displayNames': [{'language': 'ko', 'name': '선형대수학', 'short': '선형대수학'}, {'language': 'en', 'name': 'linear algebra', 'short': 'linear algebra'}, {'language': 'ja', 'name': '線形代数', 'short': '線代'}], 'aliases': [{'alias': '선형대수'}]}, {'key': 'math', 'isMeta': False, 'bojTagId': 124, 'problemCount': 6271, 'displayNames': [{'language': 'ko', 'name': '수학', 'short': '수학'}, {'language': 'en', 'name': 'mathematics', 'short': 'math'}, {'language': 'ja', 'name': '数学', 'short': '数学'}], 'aliases': []}, {'key': 'number_theory', 'isMeta': False, 'bojTagId': 95, 'problemCount': 1418, 'displayNames': [{'language': 'ko', 'name': '정수론', 'short': '정수론'}, {'language': 'en', 'name': 'number theory', 'short': 'number theory'}, {'language': 'ja', 'name': '整数論', 'short': '整数論'}], 'aliases': []}]",{}
20540,연길이의 이상형,"[{'language': 'ko', 'languageDisplayName': 'ko', 'title': '연길이의 이상형', 'isOriginal': True}]",True,False,1696,3,52,False,False,False,1.2353,True,"[{'key': 'implementation', 'isMeta': False, 'bojTagId': 102, 'problemCount': 5465, 'displayNames': [{'language': 'ko', 'name': '구현', 'short': '구현'}, {'language': 'en', 'name': 'implementation', 'short': 'impl'}, {'language': 'ja', 'name': '実装', 'short': 'impl'}], 'aliases': []}, {'key': 'string', 'isMeta': False, 'bojTagId': 158, 'problemCount': 2356, 'displayNames': [{'language': 'ko', 'name': '문자열', 'short': '문자열'}, {'language': 'en', 'name': 'string', 'short': 'string'}, {'language': 'ja', 'name': '文字列', 'short': '文字列'}], 'aliases': [{'alias': '스트링'}]}]",{}
20541,앨범정리,"[{'language': 'ko', 'languageDisplayName': 'ko', 'title': '앨범정리', 'isOriginal': True}]",True,False,138,16,26,False,False,False,4.5362,True,"[{'key': 'data_structures', 'isMeta': False, 'bojTagId': 175, 'problemCount': 3771, 'displayNames': [{'language': 'ko', 'name': '자료 구조', 'short': '자료 구조'}, {'language': 'en', 'name': 'data structures', 'short': 'ds'}, {'language': 'ja', 'name': 'データ構造', 'short': 'ds'}], 'aliases': [{'alias': '자료구조'}, {'alias': '자구'}]}, {'key': 'hash_set', 'isMeta': False, 'bojTagId': 136, 'problemCount': 626, 'displayNames': [{'language': 'ko', 'name': '해시를 사용한 집합과 맵', 'short': '해시를 사용한 집합과 맵'}, {'language': 'en', 'name': 'set / map by hashing', 'short': 'hashset'}, {'language': 'ja', 'name': 'ハッシュ化によるセット・マップ', 'short': 'hashset'}], 'aliases': [{'alias': '집합'}, {'alias': '맵'}, {'alias': '셋'}, {'alias': '딕셔너리'}, {'alias': 'dictionary'}, {'alias': 'map'}, {'alias': 'set'}, {'alias': '해싱'}, {'alias': 'hashing'}, {'alias': 'dict'}]}, {'key': 'implementation', 'isMeta': False, 'bojTagId': 102, 'problemCount': 5465, 'displayNames': [{'language': 'ko', 'name': '구현', 'short': '구현'}, {'language': 'en', 'name': 'implementation', 'short': 'impl'}, {'language': 'ja', 'name': '実装', 'short': 'impl'}], 'aliases': []}, {'key': 'string', 'isMeta': False, 'bojTagId': 158, 'problemCount': 2356, 'displayNames': [{'language': 'ko', 'name': '문자열', 'short': '문자열'}, {'language': 'en', 'name': 'string', 'short': 'string'}, {'language': 'ja', 'name': '文字列', 'short': '文字列'}], 'aliases': [{'alias': '스트링'}]}, {'key': 'trees', 'isMeta': False, 'bojTagId': 120, 'problemCount': 1382, 'displayNames': [{'language': 'ko', 'name': '트리', 'short': '트리'}, {'language': 'en', 'name': 'tree', 'short': 'tree'}, {'language': 'ja', 'name': '木', 'short': '木'}], 'aliases': [{'alias': 'trees'}]}, {'key': 'tree_set', 'isMeta': False, 'bojTagId': 74, 'problemCount': 487, 'displayNames': [{'language': 'ko', 'name': '트리를 사용한 집합과 맵', 'short': '트리를 사용한 집합과 맵'}, {'language': 'en', 'name': 'set / map by trees', 'short': 'treeset'}, {'language': 'ja', 'name': '木によるセット・マップ', 'short': 'treeset'}], 'aliases': [{'alias': '집합'}, {'alias': '맵'}, {'alias': '셋'}, {'alias': '딕셔너리'}, {'alias': 'dictionary'}, {'alias': 'map'}, {'alias': 'set'}, {'alias': 'bbst'}, {'alias': '트리'}, {'alias': 'tree'}]}]",{}
20542,받아쓰기,"[{'language': 'ko', 'languageDisplayName': 'ko', 'title': '받아쓰기', 'isOriginal': True}]",True,False,256,13,14,False,False,False,2.1719,True,"[{'key': 'dp', 'isMeta': False, 'bojTagId': 25, 'problemCount': 3979, 'displayNames': [{'language': 'ko', 'name': '다이나믹 프로그래밍', 'short': '다이나믹 프로그래밍'}, {'language': 'en', 'name': 'dynamic programming', 'short': 'dp'}, {'language': 'ja', 'name': '動的計画法', 'short': 'dp'}], 'aliases': [{'alias': '동적계획법'}, {'alias': '동적 계획법'}, {'alias': '다이나믹프로그래밍'}]}, {'key': 'string', 'isMeta': False, 'bojTagId': 158, 'problemCount': 2356, 'displayNames': [{'language': 'ko', 'name': '문자열', 'short': '문자열'}, {'language': 'en', 'name': 'string', 'short': 'string'}, {'language': 'ja', 'name': '文字列', 'short': '文字列'}], 'aliases': [{'alias': '스트링'}]}]",{}
20543,폭탄 던지는 태영이,"[{'language': 'ko', 'languageDisplayName': 'ko', 'title': '폭탄 던지는 태영이', 'isOriginal': True}]",True,False,222,15,25,False,False,False,3.5631,True,"[{'key': 'greedy', 'isMeta': False, 'bojTagId': 33, 'problemCount': 2504, 'displayNames': [{'language': 'ko', 'name': '그리디 알고리즘', 'short': '그리디 알고리즘'}, {'language': 'en', 'name': 'greedy', 'short': 'greedy'}, {'language': 'ja', 'name': '貪欲法', 'short': '貪欲法'}], 'aliases': [{'alias': '탐욕법'}]}, {'key': 'prefix_sum', 'isMeta': False, 'bojTagId': 139, 'problemCount': 949, 'displayNames': [{'language': 'ko', 'name': '누적 합', 'short': '누적 합'}, {'language': 'en', 'name': 'prefix sum', 'short': 'prefix sum'}, {'language': 'ja', 'name': '累積和', 'short': '累積和'}], 'aliases': [{'alias': '구간합'}, {'alias': '부분합'}, {'alias': 'rangesum'}]}]",{}
20544,공룡게임,"[{'language': 'ko', 'languageDisplayName': 'ko', 'title': '공룡게임', 'isOriginal': True}]",True,False,208,12,19,False,False,False,2.7212,True,"[{'key': 'dp', 'isMeta': False, 'bojTagId': 25, 'problemCount': 3979, 'displayNames': [{'language': 'ko', 'name': '다이나믹 프로그래밍', 'short': '다이나믹 프로그래밍'}, {'language': 'en', 'name': 'dynamic programming', 'short': 'dp'}, {'language': 'ja', 'name': '動的計画法', 'short': 'dp'}], 'aliases': [{'alias': '동적계획법'}, {'alias': '동적 계획법'}, {'alias': '다이나믹프로그래밍'}]}]",{}
20545,다트게임,"[{'language': 'ko', 'languageDisplayName': 'ko', 'title': '다트게임', 'isOriginal': True}]",True,False,14,18,4,False,False,False,4.3571,True,"[{'key': 'calculus', 'isMeta': False, 'bojTagId': 111, 'problemCount': 108, 'displayNames': [{'language': 'ko', 'name': '미적분학', 'short': '미적분학'}, {'language': 'en', 'name': 'calculus', 'short': 'calculus'}, {'language': 'ja', 'name': '微積分', 'short': '微積分'}], 'aliases': [{'alias': '미분'}, {'alias': '적분'}]}, {'key': 'geometry', 'isMeta': False, 'bojTagId': 100, 'problemCount': 1483, 'displayNames': [{'language': 'ko', 'name': '기하학', 'short': '기하학'}, {'language': 'en', 'name': 'geometry', 'short': 'geom'}, {'language': 'ja', 'name': '幾何学', 'short': '幾何'}], 'aliases': []}, {'key': 'math', 'isMeta': False, 'bojTagId': 124, 'problemCount': 6271, 'displayNames': [{'language': 'ko', 'name': '수학', 'short': '수학'}, {'language': 'en', 'name': 'mathematics', 'short': 'math'}, {'language': 'ja', 'name': '数学', 'short': '数学'}], 'aliases': []}, {'key': 'prefix_sum', 'isMeta': False, 'bojTagId': 139, 'problemCount': 949, 'displayNames': [{'language': 'ko', 'name': '누적 합', 'short': '누적 합'}, {'language': 'en', 'name': 'prefix sum', 'short': 'prefix sum'}, {'language': 'ja', 'name': '累積和', 'short': '累積和'}], 'aliases': [{'alias': '구간합'}, {'alias': '부분합'}, {'alias': 'rangesum'}]}]",{}
20546,🐜 기적의 매매법 🐜,"[{'language': 'ko', 'languageDisplayName': 'ko', 'title': '🐜 기적의 매매법 🐜', 'isOriginal': True}]",True,False,1690,6,20,False,False,False,2.2166,True,"[{'key': 'implementation', 'isMeta': False, 'bojTagId': 102, 'problemCount': 5465, 'displayNames': [{'language': 'ko', 'name': '구현', 'short': '구현'}, {'language': 'en', 'name': 'implementation', 'short': 'impl'}, {'language': 'ja', 'name': '実装', 'short': 'impl'}], 'aliases': []}, {'key': 'simulation', 'isMeta': False, 'bojTagId': 141, 'problemCount': 1065, 'displayNames': [{'language': 'ko', 'name': '시뮬레이션', 'short': '시뮬레이션'}, {'language': 'en', 'name': 'simulation', 'short': 'simulation'}, {'language': 'ja', 'name': 'シミュレーション', 'short': 'シミュレーション'}], 'aliases': []}]",{}
20547,신입생 청원이,"[{'language': 'ko', 'languageDisplayName': 'ko', 'title': '신입생 청원이', 'isOriginal': True}]",True,False,29,16,8,False,False,False,4.6207,True,"[{'key': 'data_structures', 'isMeta': False, 'bojTagId': 175, 'problemCount': 3771, 'displayNames': [{'language': 'ko', 'name': '자료 구조', 'short': '자료 구조'}, {'language': 'en', 'name': 'data structures', 'short': 'ds'}, {'language': 'ja', 'name': 'データ構造', 'short': 'ds'}], 'aliases': [{'alias': '자료구조'}, {'alias': '자구'}]}, {'key': 'dijkstra', 'isMeta': False, 'bojTagId': 22, 'problemCount': 572, 'displayNames': [{'language': 'ko', 'name': '데이크스트라', 'short': '데이크스트라'}, {'language': 'en', 'name': ""dijkstra's"", 'short': ""dijkstra's""}, {'language': 'ja', 'name': 'ダイクストラ法', 'short': 'ダイクストラ法'}], 'aliases': [{'alias': '다익'}, {'alias': '다익스트라'}, {'alias': '데이크스트라'}]}, {'key': 'dp', 'isMeta': False, 'bojTagId': 25, 'problemCount': 3979, 'displayNames': [{'language': 'ko', 'name': '다이나믹 프로그래밍', 'short': '다이나믹 프로그래밍'}, {'language': 'en', 'name': 'dynamic programming', 'short': 'dp'}, {'language': 'ja', 'name': '動的計画法', 'short': 'dp'}], 'aliases': [{'alias': '동적계획법'}, {'alias': '동적 계획법'}, {'alias': '다이나믹프로그래밍'}]}, {'key': 'floyd_warshall', 'isMeta': False, 'bojTagId': 31, 'problemCount': 170, 'displayNames': [{'language': 'ko', 'name': '플로이드–워셜', 'short': '플로이드–워셜'}, {'language': 'en', 'name': 'floyd–warshall', 'short': 'floyd–warshall'}, {'language': 'ja', 'name': 'ワーシャル–フロイド法', 'short': 'ワーシャル–フロイド法'}], 'aliases': [{'alias': '플로이드'}, {'alias': '플로이드와셜'}, {'alias': '플로이드와샬'}]}, {'key': 'graphs', 'isMeta': False, 'bojTagId': 7, 'problemCount': 3630, 'displayNames': [{'language': 'ko', 'name': '그래프 이론', 'short': '그래프 이론'}, {'language': 'en', 'name': 'graph theory', 'short': 'graph'}, {'language': 'ja', 'name': 'グラフ理論', 'short': 'グラフ'}], 'aliases': [{'alias': '그래프이론'}, {'alias': '그래프'}]}, {'key': 'hash_set', 'isMeta': False, 'bojTagId': 136, 'problemCount': 626, 'displayNames': [{'language': 'ko', 'name': '해시를 사용한 집합과 맵', 'short': '해시를 사용한 집합과 맵'}, {'language': 'en', 'name': 'set / map by hashing', 'short': 'hashset'}, {'language': 'ja', 'name': 'ハッシュ化によるセット・マップ', 'short': 'hashset'}], 'aliases': [{'alias': '집합'}, {'alias': '맵'}, {'alias': '셋'}, {'alias': '딕셔너리'}, {'alias': 'dictionary'}, {'alias': 'map'}, {'alias': 'set'}, {'alias': '해싱'}, {'alias': 'hashing'}, {'alias': 'dict'}]}, {'key': 'parsing', 'isMeta': False, 'bojTagId': 96, 'problemCount': 453, 'displayNames': [{'language': 'ko', 'name': '파싱', 'short': '파싱'}, {'language': 'en', 'name': 'parsing', 'short': 'parsing'}, {'language': 'ja', 'name': 'パージング', 'short': 'パージング'}], 'aliases': []}, {'key': 'shortest_path', 'isMeta': False, 'bojTagId': 215, 'problemCount': 759, 'displayNames': [{'language': 'ko', 'name': '최단 경로', 'short': '최단 경로'}, {'language': 'en', 'name': 'shortest path', 'short': 'shortest path'}, {'language': 'ja', 'name': '最短経路', 'short': '最短経路'}], 'aliases': []}, {'key': 'string', 'isMeta': False, 'bojTagId': 158, 'problemCount': 2356, 'displayNames': [{'language': 'ko', 'name': '문자열', 'short': '문자열'}, {'language': 'en', 'name': 'string', 'short': 'string'}, {'language': 'ja', 'name': '文字列', 'short': '文字列'}], 'aliases': [{'alias': '스트링'}]}]",{}
20548,칠리소스,"[{'language': 'ko', 'languageDisplayName': 'ko', 'title': '칠리소스', 'isOriginal': True}]",True,False,196,7,12,False,False,False,2.6939,True,"[{'key': 'bruteforcing', 'isMeta': False, 'bojTagId': 125, 'problemCount': 2158, 'displayNames': [{'language': 'ko', 'name': '브루트포스 알고리즘', 'short': '브루트포스 알고리즘'}, {'language': 'en', 'name': 'bruteforcing', 'short': 'bruteforce'}, {'language': 'ja', 'name': '全探索', 'short': '全探索'}], 'aliases': [{'alias': '완전탐색'}, {'alias': '완전 탐색'}, {'alias': '브루트포스'}, {'alias': 'bruteforce'}, {'alias': 'brute force'}, {'alias': '완탐'}]}, {'key': 'math', 'isMeta': False, 'bojTagId': 124, 'problemCount': 6271, 'displayNames': [{'language': 'ko', 'name': '수학', 'short': '수학'}, {'language': 'en', 'name': 'mathematics', 'short': 'math'}, {'language': 'ja', 'name': '数学', 'short': '数学'}], 'aliases': []}]",{}
20549,인덕이의 고민,"[{'language': 'ko', 'languageDisplayName': 'ko', 'title': '인덕이의 고민', 'isOriginal': True}]",True,False,64,15,15,False,False,False,2.7969,True,"[{'key': 'bitmask', 'isMeta': False, 'bojTagId': 14, 'problemCount': 717, 'displayNames': [{'language': 'ko', 'name': '비트마스킹', 'short': '비트마스킹'}, {'language': 'en', 'name': 'bitmask', 'short': 'bitmask'}, {'language': 'ja', 'name': 'ビット表現', 'short': 'ビット表現'}], 'aliases': [{'alias': '비트필드'}, {'alias': '비트마스크'}]}, {'key': 'dijkstra', 'isMeta': False, 'bojTagId': 22, 'problemCount': 572, 'displayNames': [{'language': 'ko', 'name': '데이크스트라', 'short': '데이크스트라'}, {'language': 'en', 'name': ""dijkstra's"", 'short': ""dijkstra's""}, {'language': 'ja', 'name': 'ダイクストラ法', 'short': 'ダイクストラ法'}], 'aliases': [{'alias': '다익'}, {'alias': '다익스트라'}, {'alias': '데이크스트라'}]}, {'key': 'graphs', 'isMeta': False, 'bojTagId': 7, 'problemCount': 3630, 'displayNames': [{'language': 'ko', 'name': '그래프 이론', 'short': '그래프 이론'}, {'language': 'en', 'name': 'graph theory', 'short': 'graph'}, {'language': 'ja', 'name': 'グラフ理論', 'short': 'グラフ'}], 'aliases': [{'alias': '그래프이론'}, {'alias': '그래프'}]}, {'key': 'shortest_path', 'isMeta': False, 'bojTagId': 215, 'problemCount': 759, 'displayNames': [{'language': 'ko', 'name': '최단 경로', 'short': '최단 경로'}, {'language': 'en', 'name': 'shortest path', 'short': 'shortest path'}, {'language': 'ja', 'name': '最短経路', 'short': '最短経路'}], 'aliases': []}]",{}
20550,구간 합 구하기 K,"[{'language': 'ko', 'languageDisplayName': 'ko', 'title': '구간 합 구하기 K', 'isOriginal': True}]",True,False,16,18,1,False,False,False,5.0625,True,"[{'key': 'data_structures', 'isMeta': False, 'bojTagId': 175, 'problemCount': 3771, 'displayNames': [{'language': 'ko', 'name': '자료 구조', 'short': '자료 구조'}, {'language': 'en', 'name': 'data structures', 'short': 'ds'}, {'language': 'ja', 'name': 'データ構造', 'short': 'ds'}], 'aliases': [{'alias': '자료구조'}, {'alias': '자구'}]}, {'key': 'multi_segtree', 'isMeta': False, 'bojTagId': 166, 'problemCount': 29, 'displayNames': [{'language': 'ko', 'name': '다차원 세그먼트 트리', 'short': '다차원 세그먼트 트리'}, {'language': 'en', 'name': 'multidimensional segment tree', 'short': 'multidimensional segtree'}, {'language': 'ja', 'name': 'multidimensional segment tree', 'short': 'multidimensional segtree'}], 'aliases': [{'alias': '구간트리'}, {'alias': '세그트리'}, {'alias': 'fenwick'}, {'alias': '펜윅'}]}, {'key': 'segtree', 'isMeta': False, 'bojTagId': 65, 'problemCount': 1290, 'displayNames': [{'language': 'ko', 'name': '세그먼트 트리', 'short': '세그먼트 트리'}, {'language': 'en', 'name': 'segment tree', 'short': 'segtree'}, {'language': 'ja', 'name': 'セグメント木', 'short': 'セグ木'}], 'aliases': [{'alias': '구간트리'}, {'alias': '세그트리'}, {'alias': 'fenwick'}, {'alias': '펜윅'}]}]",{}
20551,Sort 마스터 배지훈의 후계자,"[{'language': 'ko', 'languageDisplayName': 'ko', 'title': 'Sort 마스터 배지훈의 후계자', 'isOriginal': True}]",True,False,1146,7,38,False,False,False,2.7033,True,"[{'key': 'binary_search', 'isMeta': False, 'bojTagId': 12, 'problemCount': 1204, 'displayNames': [{'language': 'ko', 'name': '이분 탐색', 'short': '이분 탐색'}, {'language': 'en', 'name': 'binary search', 'short': 'binary search'}, {'language': 'ja', 'name': '二分探索', 'short': '二分探索'}], 'aliases': [{'alias': '이분탐색'}, {'alias': '이진탐색'}]}, {'key': 'data_structures', 'isMeta': False, 'bojTagId': 175, 'problemCount': 3771, 'displayNames': [{'language': 'ko', 'name': '자료 구조', 'short': '자료 구조'}, {'language': 'en', 'name': 'data structures', 'short': 'ds'}, {'language': 'ja', 'name': 'データ構造', 'short': 'ds'}], 'aliases': [{'alias': '자료구조'}, {'alias': '자구'}]}, {'key': 'sorting', 'isMeta': False, 'bojTagId': 97, 'problemCount': 1827, 'displayNames': [{'language': 'ko', 'name': '정렬', 'short': '정렬'}, {'language': 'en', 'name': 'sorting', 'short': 'sorting'}, {'language': 'ja', 'name': 'ソート', 'short': 'ソート'}], 'aliases': []}]",{}
20552,거리의 기댓값,"[{'language': 'ko', 'languageDisplayName': 'ko', 'title': '거리의 기댓값', 'isOriginal': True}, {'language': 'en', 'languageDisplayName': 'en', 'title': 'Expected Distance', 'isOriginal': False}]",True,False,22,24,5,False,False,False,1.3182,True,"[{'key': 'dp', 'isMeta': False, 'bojTagId': 25, 'problemCount': 3979, 'displayNames': [{'language': 'ko', 'name': '다이나믹 프로그래밍', 'short': '다이나믹 프로그래밍'}, {'language': 'en', 'name': 'dynamic programming', 'short': 'dp'}, {'language': 'ja', 'name': '動的計画法', 'short': 'dp'}], 'aliases': [{'alias': '동적계획법'}, {'alias': '동적 계획법'}, {'alias': '다이나믹프로그래밍'}]}, {'key': 'math', 'isMeta': False, 'bojTagId': 124, 'problemCount': 6271, 'displayNames': [{'language': 'ko', 'name': '수학', 'short': '수학'}, {'language': 'en', 'name': 'mathematics', 'short': 'math'}, {'language': 'ja', 'name': '数学', 'short': '数学'}], 'aliases': []}]",{}
20553,다오와 디지니의 데이트,"[{'language': 'ko', 'languageDisplayName': 'ko', 'title': '다오와 디지니의 데이트', 'isOriginal': True}]",True,False,79,14,16,False,False,False,1.7089,True,"[{'key': 'greedy', 'isMeta': False, 'bojTagId': 33, 'problemCount': 2504, 'displayNames': [{'language': 'ko', 'name': '그리디 알고리즘', 'short': '그리디 알고리즘'}, {'language': 'en', 'name': 'greedy', 'short': 'greedy'}, {'language': 'ja', 'name': '貪欲法', 'short': '貪欲法'}], 'aliases': [{'alias': '탐욕법'}]}, {'key': 'prefix_sum', 'isMeta': False, 'bojTagId': 139, 'problemCount': 949, 'displayNames': [{'language': 'ko', 'name': '누적 합', 'short': '누적 합'}, {'language': 'en', 'name': 'prefix sum', 'short': 'prefix sum'}, {'language': 'ja', 'name': '累積和', 'short': '累積和'}], 'aliases': [{'alias': '구간합'}, {'alias': '부분합'}, {'alias': 'rangesum'}]}]",{}
20554,경로 수정하기,"[{'language': 'ko', 'languageDisplayName': 'ko', 'title': '경로 수정하기', 'isOriginal': True}]",True,False,41,17,6,False,False,False,3.0244,True,"[{'key': 'case_work', 'isMeta': False, 'bojTagId': 137, 'problemCount': 855, 'displayNames': [{'language': 'ko', 'name': '많은 조건 분기', 'short': '많은 조건 분기'}, {'language': 'en', 'name': 'case work', 'short': 'case work'}, {'language': 'ja', 'name': 'ケースワーク', 'short': 'ケースワーク'}], 'aliases': [{'alias': '케이스'}, {'alias': '케이스워크'}, {'alias': '케이스 워크'}]}, {'key': 'ternary_search', 'isMeta': False, 'bojTagId': 101, 'problemCount': 93, 'displayNames': [{'language': 'ko', 'name': '삼분 탐색', 'short': '삼분 탐색'}, {'language': 'en', 'name': 'ternary search', 'short': 'ternary search'}, {'language': 'ja', 'name': '三分探索', 'short': '三分探索'}], 'aliases': []}]",{}
20555,타자연습,"[{'language': 'ko', 'languageDisplayName': 'ko', 'title': '타자연습', 'isOriginal': True}]",True,False,47,14,7,False,False,False,1.5532,True,"[{'key': 'backtracking', 'isMeta': False, 'bojTagId': 5, 'problemCount': 530, 'displayNames': [{'language': 'ko', 'name': '백트래킹', 'short': '백트래킹'}, {'language': 'en', 'name': 'backtracking', 'short': 'backtrack'}, {'language': 'ja', 'name': 'バックトラック法', 'short': 'バックトラック'}], 'aliases': [{'alias': '백트래킹'}, {'alias': '퇴각검색'}, {'alias': '퇴각 검색'}]}, {'key': 'dp', 'isMeta': False, 'bojTagId': 25, 'problemCount': 3979, 'displayNames': [{'language': 'ko', 'name': '다이나믹 프로그래밍', 'short': '다이나믹 프로그래밍'}, {'language': 'en', 'name': 'dynamic programming', 'short': 'dp'}, {'language': 'ja', 'name': '動的計画法', 'short': 'dp'}], 'aliases': [{'alias': '동적계획법'}, {'alias': '동적 계획법'}, {'alias': '다이나믹프로그래밍'}]}]",{}
20556,둥둥섬 다리 재정비하기,"[{'language': 'ko', 'languageDisplayName': 'ko', 'title': '둥둥섬 다리 재정비하기', 'isOriginal': True}]",True,False,49,21,20,False,False,False,1.7755,True,"[{'key': 'data_structures', 'isMeta': False, 'bojTagId': 175, 'problemCount': 3771, 'displayNames': [{'language': 'ko', 'name': '자료 구조', 'short': '자료 구조'}, {'language': 'en', 'name': 'data structures', 'short': 'ds'}, {'language': 'ja', 'name': 'データ構造', 'short': 'ds'}], 'aliases': [{'alias': '자료구조'}, {'alias': '자구'}]}, {'key': 'graphs', 'isMeta': False, 'bojTagId': 7, 'problemCount': 3630, 'displayNames': [{'language': 'ko', 'name': '그래프 이론', 'short': '그래프 이론'}, {'language': 'en', 'name': 'graph theory', 'short': 'graph'}, {'language': 'ja', 'name': 'グラフ理論', 'short': 'グラフ'}], 'aliases': [{'alias': '그래프이론'}, {'alias': '그래프'}]}, {'key': 'graph_traversal', 'isMeta': False, 'bojTagId': 11, 'problemCount': 1978, 'displayNames': [{'language': 'ko', 'name': '그래프 탐색', 'short': '그래프 탐색'}, {'language': 'en', 'name': 'graph traversal', 'short': 'traversal'}, {'language': 'ja', 'name': 'グラフの探索', 'short': '横断'}], 'aliases': [{'alias': 'bfs'}, {'alias': 'dfs'}]}, {'key': 'offline_queries', 'isMeta': False, 'bojTagId': 123, 'problemCount': 252, 'displayNames': [{'language': 'ko', 'name': '오프라인 쿼리', 'short': '오프라인 쿼리'}, {'language': 'en', 'name': 'offline queries', 'short': 'offline query'}, {'language': 'ja', 'name': 'offline queries', 'short': 'offline query'}], 'aliases': [{'alias': 'offlinequery'}]}, {'key': 'segtree', 'isMeta': False, 'bojTagId': 65, 'problemCount': 1290, 'displayNames': [{'language': 'ko', 'name': '세그먼트 트리', 'short': '세그먼트 트리'}, {'language': 'en', 'name': 'segment tree', 'short': 'segtree'}, {'language': 'ja', 'name': 'セグメント木', 'short': 'セグ木'}], 'aliases': [{'alias': '구간트리'}, {'alias': '세그트리'}, {'alias': 'fenwick'}, {'alias': '펜윅'}]}, {'key': 'trees', 'isMeta': False, 'bojTagId': 120, 'problemCount': 1382, 'displayNames': [{'language': 'ko', 'name': '트리', 'short': '트리'}, {'language': 'en', 'name': 'tree', 'short': 'tree'}, {'language': 'ja', 'name': '木', 'short': '木'}], 'aliases': [{'alias': 'trees'}]}]",{}
20557,복잡한 쿼리,"[{'language': 'ko', 'languageDisplayName': 'ko', 'title': '복잡한 쿼리', 'isOriginal': True}, {'language': 'en', 'languageDisplayName': 'en', 'title': 'Find the XOR', 'isOriginal': False}]",True,False,34,22,9,False,False,False,1.5,True,"[{'key': 'graphs', 'isMeta': False, 'bojTagId': 7, 'problemCount': 3630, 'displayNames': [{'language': 'ko', 'name': '그래프 이론', 'short': '그래프 이론'}, {'language': 'en', 'name': 'graph theory', 'short': 'graph'}, {'language': 'ja', 'name': 'グラフ理論', 'short': 'グラフ'}], 'aliases': [{'alias': '그래프이론'}, {'alias': '그래프'}]}, {'key': 'linear_algebra', 'isMeta': False, 'bojTagId': 144, 'problemCount': 176, 'displayNames': [{'language': 'ko', 'name': '선형대수학', 'short': '선형대수학'}, {'language': 'en', 'name': 'linear algebra', 'short': 'linear algebra'}, {'language': 'ja', 'name': '線形代数', 'short': '線代'}], 'aliases': [{'alias': '선형대수'}]}, {'key': 'math', 'isMeta': False, 'bojTagId': 124, 'problemCount': 6271, 'displayNames': [{'language': 'ko', 'name': '수학', 'short': '수학'}, {'language': 'en', 'name': 'mathematics', 'short': 'math'}, {'language': 'ja', 'name': '数学', 'short': '数学'}], 'aliases': []}, {'key': 'prefix_sum', 'isMeta': False, 'bojTagId': 139, 'problemCount': 949, 'displayNames': [{'language': 'ko', 'name': '누적 합', 'short': '누적 합'}, {'language': 'en', 'name': 'prefix sum', 'short': 'prefix sum'}, {'language': 'ja', 'name': '累積和', 'short': '累積和'}], 'aliases': [{'alias': '구간합'}, {'alias': '부분합'}, {'alias': 'rangesum'}]}]",{}
20558,쿼리와 수열,"[{'language': 'ko', 'languageDisplayName': 'ko', 'title': '쿼리와 수열', 'isOriginal': True}, {'language': 'en', 'languageDisplayName': 'en', 'title': 'Generate The Array', 'isOriginal': False}]",True,False,19,23,6,False,False,False,2.7895,True,"[{'key': 'cht', 'isMeta': False, 'bojTagId': 89, 'problemCount': 101, 'displayNames': [{'language': 'ko', 'name': '볼록 껍질을 이용한 최적화', 'short': '볼록 껍질을 이용한 최적화'}, {'language': 'en', 'name': 'convex hull trick', 'short': 'cht'}, {'language': 'ja', 'name': 'convex hull trick', 'short': 'cht'}], 'aliases': [{'alias': '컨벡스헐트릭'}, {'alias': '컨벡스헐최적화'}]}, {'key': 'dp', 'isMeta': False, 'bojTagId': 25, 'problemCount': 3979, 'displayNames': [{'language': 'ko', 'name': '다이나믹 프로그래밍', 'short': '다이나믹 프로그래밍'}, {'language': 'en', 'name': 'dynamic programming', 'short': 'dp'}, {'language': 'ja', 'name': '動的計画法', 'short': 'dp'}], 'aliases': [{'alias': '동적계획법'}, {'alias': '동적 계획법'}, {'alias': '다이나믹프로그래밍'}]}, {'key': 'prefix_sum', 'isMeta': False, 'bojTagId': 139, 'problemCount': 949, 'displayNames': [{'language': 'ko', 'name': '누적 합', 'short': '누적 합'}, {'language': 'en', 'name': 'prefix sum', 'short': 'prefix sum'}, {'language': 'ja', 'name': '累積和', 'short': '累積和'}], 'aliases': [{'alias': '구간합'}, {'alias': '부분합'}, {'alias': 'rangesum'}]}]",{}
20559,정기 모임 2,"[{'language': 'ko', 'languageDisplayName': 'ko', 'title': '정기 모임 2', 'isOriginal': True}, {'language': 'en', 'languageDisplayName': 'en', 'title': 'Best Meeting Places', 'isOriginal': False}]",True,False,27,22,11,False,False,False,1.7037,True,"[{'key': 'data_structures', 'isMeta': False, 'bojTagId': 175, 'problemCount': 3771, 'displayNames': [{'language': 'ko', 'name': '자료 구조', 'short': '자료 구조'}, {'language': 'en', 'name': 'data structures', 'short': 'ds'}, {'language': 'ja', 'name': 'データ構造', 'short': 'ds'}], 'aliases': [{'alias': '자료구조'}, {'alias': '자구'}]}, {'key': 'disjoint_set', 'isMeta': False, 'bojTagId': 81, 'problemCount': 469, 'displayNames': [{'language': 'ko', 'name': '분리 집합', 'short': '분리 집합'}, {'language': 'en', 'name': 'disjoint set', 'short': 'dsu'}, {'language': 'ja', 'name': '素集合データ構造', 'short': '素集合データ構造'}], 'aliases': [{'alias': 'union'}, {'alias': 'find'}, {'alias': '유니온'}, {'alias': '파인드'}, {'alias': 'dsu'}]}, {'key': 'prefix_sum', 'isMeta': False, 'bojTagId': 139, 'problemCount': 949, 'displayNames': [{'language': 'ko', 'name': '누적 합', 'short': '누적 합'}, {'language': 'en', 'name': 'prefix sum', 'short': 'prefix sum'}, {'language': 'ja', 'name': '累積和', 'short': '累積和'}], 'aliases': [{'alias': '구간합'}, {'alias': '부분합'}, {'alias': 'rangesum'}]}, {'key': 'sorting', 'isMeta': False, 'bojTagId': 97, 'problemCount': 1827, 'displayNames': [{'language': 'ko', 'name': '정렬', 'short': '정렬'}, {'language': 'en', 'name': 'sorting', 'short': 'sorting'}, {'language': 'ja', 'name': 'ソート', 'short': 'ソート'}], 'aliases': []}]",{}
20560,맛집 탐방,"[{'language': 'ko', 'languageDisplayName': 'ko', 'title': '맛집 탐방', 'isOriginal': True}]",True,False,49,18,17,False,False,False,5.6735,True,"[{'key': 'dp', 'isMeta': False, 'bojTagId': 25, 'problemCount': 3979, 'displayNames': [{'language': 'ko', 'name': '다이나믹 프로그래밍', 'short': '다이나믹 프로그래밍'}, {'language': 'en', 'name': 'dynamic programming', 'short': 'dp'}, {'language': 'ja', 'name': '動的計画法', 'short': 'dp'}], 'aliases': [{'alias': '동적계획법'}, {'alias': '동적 계획법'}, {'alias': '다이나믹프로그래밍'}]}, {'key': 'graphs', 'isMeta': False, 'bojTagId': 7, 'problemCount': 3630, 'displayNames': [{'language': 'ko', 'name': '그래프 이론', 'short': '그래프 이론'}, {'language': 'en', 'name': 'graph theory', 'short': 'graph'}, {'language': 'ja', 'name': 'グラフ理論', 'short': 'グラフ'}], 'aliases': [{'alias': '그래프이론'}, {'alias': '그래프'}]}, {'key': 'scc', 'isMeta': False, 'bojTagId': 76, 'problemCount': 147, 'displayNames': [{'language': 'ko', 'name': '강한 연결 요소', 'short': '강한 연결 요소'}, {'language': 'en', 'name': 'strongly connected component', 'short': 'scc'}, {'language': 'ja', 'name': '強連結', 'short': '強連結'}], 'aliases': []}]",{}
20561,과제 해결하기,"[{'language': 'ko', 'languageDisplayName': 'ko', 'title': '과제 해결하기', 'isOriginal': True}, {'language': 'en', 'languageDisplayName': 'en', 'title': 'Knowledge Is...', 'isOriginal': False}]",True,False,17,27,11,False,False,False,3.1765,True,"[{'key': 'data_structures', 'isMeta': False, 'bojTagId': 175, 'problemCount': 3771, 'displayNames': [{'language': 'ko', 'name': '자료 구조', 'short': '자료 구조'}, {'language': 'en', 'name': 'data structures', 'short': 'ds'}, {'language': 'ja', 'name': 'データ構造', 'short': 'ds'}], 'aliases': [{'alias': '자료구조'}, {'alias': '자구'}]}, {'key': 'graphs', 'isMeta': False, 'bojTagId': 7, 'problemCount': 3630, 'displayNames': [{'language': 'ko', 'name': '그래프 이론', 'short': '그래프 이론'}, {'language': 'en', 'name': 'graph theory', 'short': 'graph'}, {'language': 'ja', 'name': 'グラフ理論', 'short': 'グラフ'}], 'aliases': [{'alias': '그래프이론'}, {'alias': '그래프'}]}, {'key': 'greedy', 'isMeta': False, 'bojTagId': 33, 'problemCount': 2504, 'displayNames': [{'language': 'ko', 'name': '그리디 알고리즘', 'short': '그리디 알고리즘'}, {'language': 'en', 'name': 'greedy', 'short': 'greedy'}, {'language': 'ja', 'name': '貪欲法', 'short': '貪欲法'}], 'aliases': [{'alias': '탐욕법'}]}, {'key': 'priority_queue', 'isMeta': False, 'bojTagId': 59, 'problemCount': 420, 'displayNames': [{'language': 'ko', 'name': '우선순위 큐', 'short': '우선순위 큐'}, {'language': 'en', 'name': 'priority queue', 'short': 'priority queue'}, {'language': 'ja', 'name': '優先度付きキュー', 'short': '優先度付きキュー'}], 'aliases': [{'alias': 'heap'}, {'alias': '힙'}]}, {'key': 'tree_set', 'isMeta': False, 'bojTagId': 74, 'problemCount': 487, 'displayNames': [{'language': 'ko', 'name': '트리를 사용한 집합과 맵', 'short': '트리를 사용한 집합과 맵'}, {'language': 'en', 'name': 'set / map by trees', 'short': 'treeset'}, {'language': 'ja', 'name': '木によるセット・マップ', 'short': 'treeset'}], 'aliases': [{'alias': '집합'}, {'alias': '맵'}, {'alias': '셋'}, {'alias': '딕셔너리'}, {'alias': 'dictionary'}, {'alias': 'map'}, {'alias': 'set'}, {'alias': 'bbst'}, {'alias': '트리'}, {'alias': 'tree'}]}]",{}
20562,휴식,"[{'language': 'ko', 'languageDisplayName': 'ko', 'title': '휴식', 'isOriginal': True}]",True,False,47,19,11,False,False,False,2.5745,True,"[{'key': 'game_theory', 'isMeta': False, 'bojTagId': 140, 'problemCount': 357, 'displayNames': [{'language': 'ko', 'name': '게임 이론', 'short': '게임 이론'}, {'language': 'en', 'name': 'game theory', 'short': 'game theory'}, {'language': 'ja', 'name': 'ゲーム理論', 'short': 'ゲーム'}], 'aliases': [{'alias': '게임이론'}, {'alias': '님'}, {'alias': 'nim'}]}]",{}
20563,Counting Stars,"[{'language': 'ko', 'languageDisplayName': 'ko', 'title': 'Counting Stars', 'isOriginal': True}]",True,False,13,24,3,False,False,False,2.3846,True,"[{'key': 'geometry', 'isMeta': False, 'bojTagId': 100, 'problemCount': 1483, 'displayNames': [{'language': 'ko', 'name': '기하학', 'short': '기하학'}, {'language': 'en', 'name': 'geometry', 'short': 'geom'}, {'language': 'ja', 'name': '幾何学', 'short': '幾何'}], 'aliases': []}, {'key': 'sorting', 'isMeta': False, 'bojTagId': 97, 'problemCount': 1827, 'displayNames': [{'language': 'ko', 'name': '정렬', 'short': '정렬'}, {'language': 'en', 'name': 'sorting', 'short': 'sorting'}, {'language': 'ja', 'name': 'ソート', 'short': 'ソート'}], 'aliases': []}]",{}
20564,트리와 쿼리 19,"[{'language': 'ko', 'languageDisplayName': 'ko', 'title': '트리와 쿼리 19', 'isOriginal': True}]",True,False,38,22,16,False,False,False,2.1842,True,"[{'key': 'data_structures', 'isMeta': False, 'bojTagId': 175, 'problemCount': 3771, 'displayNames': [{'language': 'ko', 'name': '자료 구조', 'short': '자료 구조'}, {'language': 'en', 'name': 'data structures', 'short': 'ds'}, {'language': 'ja', 'name': 'データ構造', 'short': 'ds'}], 'aliases': [{'alias': '자료구조'}, {'alias': '자구'}]}, {'key': 'hld', 'isMeta': False, 'bojTagId': 35, 'problemCount': 81, 'displayNames': [{'language': 'ko', 'name': 'Heavy-light 분할', 'short': 'Heavy-light 분할'}, {'language': 'en', 'name': 'heavy-light decomposition', 'short': 'hld'}, {'language': 'ja', 'name': 'heavy-light decomposition', 'short': 'hld'}], 'aliases': []}, {'key': 'lazyprop', 'isMeta': False, 'bojTagId': 66, 'problemCount': 300, 'displayNames': [{'language': 'ko', 'name': '느리게 갱신되는 세그먼트 트리', 'short': '느리게 갱신되는 세그먼트 트리'}, {'language': 'en', 'name': 'segment tree with lazy propagation', 'short': 'lazyprop'}, {'language': 'ja', 'name': '遅延評価セグメント木', 'short': '遅延評価セグ木'}], 'aliases': [{'alias': '레이지'}, {'alias': '레이지프로퍼게이션'}, {'alias': '레이지프로파게이션'}, {'alias': '구간트리'}, {'alias': 'fenwick'}, {'alias': '펜윅'}]}, {'key': 'segtree', 'isMeta': False, 'bojTagId': 65, 'problemCount': 1290, 'displayNames': [{'language': 'ko', 'name': '세그먼트 트리', 'short': '세그먼트 트리'}, {'language': 'en', 'name': 'segment tree', 'short': 'segtree'}, {'language': 'ja', 'name': 'セグメント木', 'short': 'セグ木'}], 'aliases': [{'alias': '구간트리'}, {'alias': '세그트리'}, {'alias': 'fenwick'}, {'alias': '펜윅'}]}, {'key': 'trees', 'isMeta': False, 'bojTagId': 120, 'problemCount': 1382, 'displayNames': [{'language': 'ko', 'name': '트리', 'short': '트리'}, {'language': 'en', 'name': 'tree', 'short': 'tree'}, {'language': 'ja', 'name': '木', 'short': '木'}], 'aliases': [{'alias': 'trees'}]}]",{}
20565,Painting Pips,"[{'language': 'en', 'languageDisplayName': 'en', 'title': 'Painting Pips', 'isOriginal': True}]",True,False,37,6,3,False,False,False,2.3784,True,"[{'key': 'greedy', 'isMeta': False, 'bojTagId': 33, 'problemCount': 2504, 'displayNames': [{'language': 'ko', 'name': '그리디 알고리즘', 'short': '그리디 알고리즘'}, {'language': 'en', 'name': 'greedy', 'short': 'greedy'}, {'language': 'ja', 'name': '貪欲法', 'short': '貪欲法'}], 'aliases': [{'alias': '탐욕법'}]}, {'key': 'math', 'isMeta': False, 'bojTagId': 124, 'problemCount': 6271, 'displayNames': [{'language': 'ko', 'name': '수학', 'short': '수학'}, {'language': 'en', 'name': 'mathematics', 'short': 'math'}, {'language': 'ja', 'name': '数学', 'short': '数学'}], 'aliases': []}, {'key': 'probability', 'isMeta': False, 'bojTagId': 177, 'problemCount': 305, 'displayNames': [{'language': 'ko', 'name': '확률론', 'short': '확률론'}, {'language': 'en', 'name': 'probability theory', 'short': 'probability'}, {'language': 'ja', 'name': '確率論', 'short': '確率論'}], 'aliases': [{'alias': 'expected value'}, {'alias': '기대값'}, {'alias': '기댓값'}]}]",{}
20566,Serious Business,"[{'language': 'en', 'languageDisplayName': 'en', 'title': 'Serious Business', 'isOriginal': True}]",True,False,2,0,1,False,False,False,2.0,True,"[{'key': 'dp', 'isMeta': False, 'bojTagId': 25, 'problemCount': 3979, 'displayNames': [{'language': 'ko', 'name': '다이나믹 프로그래밍', 'short': '다이나믹 프로그래밍'}, {'language': 'en', 'name': 'dynamic programming', 'short': 'dp'}, {'language': 'ja', 'name': '動的計画法', 'short': 'dp'}], 'aliases': [{'alias': '동적계획법'}, {'alias': '동적 계획법'}, {'alias': '다이나믹프로그래밍'}]}, {'key': 'dp_digit', 'isMeta': False, 'bojTagId': 217, 'problemCount': 14, 'displayNames': [{'language': 'ko', 'name': '자릿수를 이용한 다이나믹 프로그래밍', 'short': '자릿수 dp'}, {'language': 'en', 'name': 'digit dp', 'short': 'digit dp'}], 'aliases': []}]",{}
20567,Permutations on the Road: Bob,"[{'language': 'en', 'languageDisplayName': 'en', 'title': 'Permutations on the Road: Bob', 'isOriginal': True}]",True,False,8,10,2,False,False,False,1.25,True,"[{'key': 'ad_hoc', 'isMeta': False, 'bojTagId': 109, 'problemCount': 1447, 'displayNames': [{'language': 'ko', 'name': '애드 혹', 'short': '애드 혹'}, {'language': 'en', 'name': 'ad-hoc', 'short': 'ad-hoc'}, {'language': 'ja', 'name': 'アドホック', 'short': 'アドホック'}], 'aliases': []}]",{}
20568,Recess Rocks,"[{'language': 'en', 'languageDisplayName': 'en', 'title': 'Recess Rocks', 'isOriginal': True}]",True,False,49,6,9,False,False,False,1.0816,True,"[{'key': 'greedy', 'isMeta': False, 'bojTagId': 33, 'problemCount': 2504, 'displayNames': [{'language': 'ko', 'name': '그리디 알고리즘', 'short': '그리디 알고리즘'}, {'language': 'en', 'name': 'greedy', 'short': 'greedy'}, {'language': 'ja', 'name': '貪欲法', 'short': '貪欲法'}], 'aliases': [{'alias': '탐욕법'}]}, {'key': 'sorting', 'isMeta': False, 'bojTagId': 97, 'problemCount': 1827, 'displayNames': [{'language': 'ko', 'name': '정렬', 'short': '정렬'}, {'language': 'en', 'name': 'sorting', 'short': 'sorting'}, {'language': 'ja', 'name': 'ソート', 'short': 'ソート'}], 'aliases': []}]",{}
20569,Social Dancers,"[{'language': 'en', 'languageDisplayName': 'en', 'title': 'Social Dancers', 'isOriginal': True}]",True,False,18,7,4,False,False,False,3.6667,True,"[{'key': 'bitmask', 'isMeta': False, 'bojTagId': 14, 'problemCount': 717, 'displayNames': [{'language': 'ko', 'name': '비트마스킹', 'short': '비트마스킹'}, {'language': 'en', 'name': 'bitmask', 'short': 'bitmask'}, {'language': 'ja', 'name': 'ビット表現', 'short': 'ビット表現'}], 'aliases': [{'alias': '비트필드'}, {'alias': '비트마스크'}]}, {'key': 'greedy', 'isMeta': False, 'bojTagId': 33, 'problemCount': 2504, 'displayNames': [{'language': 'ko', 'name': '그리디 알고리즘', 'short': '그리디 알고리즘'}, {'language': 'en', 'name': 'greedy', 'short': 'greedy'}, {'language': 'ja', 'name': '貪欲法', 'short': '貪欲法'}], 'aliases': [{'alias': '탐욕법'}]}, {'key': 'implementation', 'isMeta': False, 'bojTagId': 102, 'problemCount': 5465, 'displayNames': [{'language': 'ko', 'name': '구현', 'short': '구현'}, {'language': 'en', 'name': 'implementation', 'short': 'impl'}, {'language': 'ja', 'name': '実装', 'short': 'impl'}], 'aliases': []}, {'key': 'math', 'isMeta': False, 'bojTagId': 124, 'problemCount': 6271, 'displayNames': [{'language': 'ko', 'name': '수학', 'short': '수학'}, {'language': 'en', 'name': 'mathematics', 'short': 'math'}, {'language': 'ja', 'name': '数学', 'short': '数学'}], 'aliases': []}, {'key': 'probability', 'isMeta': False, 'bojTagId': 177, 'problemCount': 305, 'displayNames': [{'language': 'ko', 'name': '확률론', 'short': '확률론'}, {'language': 'en', 'name': 'probability theory', 'short': 'probability'}, {'language': 'ja', 'name': '確率論', 'short': '確率論'}], 'aliases': [{'alias': 'expected value'}, {'alias': '기대값'}, {'alias': '기댓값'}]}]",{}
20570,Permutations on the Road: Alice,"[{'language': 'en', 'languageDisplayName': 'en', 'title': 'Permutations on the Road: Alice', 'isOriginal': True}]",True,False,1,17,1,False,False,False,1.0,True,"[{'key': 'data_structures', 'isMeta': False, 'bojTagId': 175, 'problemCount': 3771, 'displayNames': [{'language': 'ko', 'name': '자료 구조', 'short': '자료 구조'}, {'language': 'en', 'name': 'data structures', 'short': 'ds'}, {'language': 'ja', 'name': 'データ構造', 'short': 'ds'}], 'aliases': [{'alias': '자료구조'}, {'alias': '자구'}]}, {'key': 'segtree', 'isMeta': False, 'bojTagId': 65, 'problemCount': 1290, 'displayNames': [{'language': 'ko', 'name': '세그먼트 트리', 'short': '세그먼트 트리'}, {'language': 'en', 'name': 'segment tree', 'short': 'segtree'}, {'language': 'ja', 'name': 'セグメント木', 'short': 'セグ木'}], 'aliases': [{'alias': '구간트리'}, {'alias': '세그트리'}, {'alias': 'fenwick'}, {'alias': '펜윅'}]}]",{}
20571,Elevators,"[{'language': 'en', 'languageDisplayName': 'en', 'title': 'Elevators', 'isOriginal': True}]",True,False,87,4,10,False,False,False,1.2644,True,"[{'key': 'case_work', 'isMeta': False, 'bojTagId': 137, 'problemCount': 855, 'displayNames': [{'language': 'ko', 'name': '많은 조건 분기', 'short': '많은 조건 분기'}, {'language': 'en', 'name': 'case work', 'short': 'case work'}, {'language': 'ja', 'name': 'ケースワーク', 'short': 'ケースワーク'}], 'aliases': [{'alias': '케이스'}, {'alias': '케이스워크'}, {'alias': '케이스 워크'}]}, {'key': 'implementation', 'isMeta': False, 'bojTagId': 102, 'problemCount': 5465, 'displayNames': [{'language': 'ko', 'name': '구현', 'short': '구현'}, {'language': 'en', 'name': 'implementation', 'short': 'impl'}, {'language': 'ja', 'name': '実装', 'short': 'impl'}], 'aliases': []}]",{}
20572,Rounded Work,"[{'language': 'en', 'languageDisplayName': 'en', 'title': 'Rounded Work', 'isOriginal': True}]",True,False,6,13,2,False,False,False,1.6667,True,"[{'key': 'math', 'isMeta': False, 'bojTagId': 124, 'problemCount': 6271, 'displayNames': [{'language': 'ko', 'name': '수학', 'short': '수학'}, {'language': 'en', 'name': 'mathematics', 'short': 'math'}, {'language': 'ja', 'name': '数学', 'short': '数学'}], 'aliases': []}]",{}
20573,Cactus Shoppe,"[{'language': 'en', 'languageDisplayName': 'en', 'title': 'Cactus Shoppe', 'isOriginal': True}]",True,False,6,22,2,False,False,False,1.1667,True,"[{'key': 'cactus', 'isMeta': False, 'bojTagId': 143, 'problemCount': 42, 'displayNames': [{'language': 'ko', 'name': '선인장', 'short': '선인장'}, {'language': 'en', 'name': 'cactus', 'short': 'cactus'}, {'language': 'ja', 'name': 'サボテングラフ', 'short': 'サボテングラフ'}], 'aliases': []}, {'key': 'euler_characteristic', 'isMeta': False, 'bojTagId': 119, 'problemCount': 29, 'displayNames': [{'language': 'ko', 'name': '오일러 지표 (χ=V-E+F)', 'short': '오일러 지표'}, {'language': 'en', 'name': 'euler characteristic (χ=v-e+f)', 'short': 'euler characteristic'}, {'language': 'ja', 'name': 'オイラー特性（χ=v-e+f）', 'short': 'オイラー特性'}], 'aliases': []}, {'key': 'geometry', 'isMeta': False, 'bojTagId': 100, 'problemCount': 1483, 'displayNames': [{'language': 'ko', 'name': '기하학', 'short': '기하학'}, {'language': 'en', 'name': 'geometry', 'short': 'geom'}, {'language': 'ja', 'name': '幾何学', 'short': '幾何'}], 'aliases': []}, {'key': 'graphs', 'isMeta': False, 'bojTagId': 7, 'problemCount': 3630, 'displayNames': [{'language': 'ko', 'name': '그래프 이론', 'short': '그래프 이론'}, {'language': 'en', 'name': 'graph theory', 'short': 'graph'}, {'language': 'ja', 'name': 'グラフ理論', 'short': 'グラフ'}], 'aliases': [{'alias': '그래프이론'}, {'alias': '그래프'}]}, {'key': 'math', 'isMeta': False, 'bojTagId': 124, 'problemCount': 6271, 'displayNames': [{'language': 'ko', 'name': '수학', 'short': '수학'}, {'language': 'en', 'name': 'mathematics', 'short': 'math'}, {'language': 'ja', 'name': '数学', 'short': '数学'}], 'aliases': []}, {'key': 'number_theory', 'isMeta': False, 'bojTagId': 95, 'problemCount': 1418, 'displayNames': [{'language': 'ko', 'name': '정수론', 'short': '정수론'}, {'language': 'en', 'name': 'number theory', 'short': 'number theory'}, {'language': 'ja', 'name': '整数論', 'short': '整数論'}], 'aliases': []}, {'key': 'primality_test', 'isMeta': False, 'bojTagId': 9, 'problemCount': 317, 'displayNames': [{'language': 'ko', 'name': '소수 판정', 'short': '소수 판정'}, {'language': 'en', 'name': 'primality test', 'short': 'primality test'}, {'language': 'ja', 'name': '素数性テスト', 'short': '素数性テスト'}], 'aliases': [{'alias': '소수'}, {'alias': '소수판별'}, {'alias': '소수판정'}, {'alias': 'prime'}]}, {'key': 'sieve', 'isMeta': False, 'bojTagId': 67, 'problemCount': 197, 'displayNames': [{'language': 'ko', 'name': '에라토스테네스의 체', 'short': '에라토스테네스의 체'}, {'language': 'en', 'name': 'sieve of eratosthenes', 'short': 'eratosthenes'}, {'language': 'ja', 'name': 'エラトステネスの篩', 'short': 'エラトステネス'}], 'aliases': [{'alias': 'sieve'}, {'alias': '에라체'}, {'alias': '소수'}, {'alias': 'prime'}]}]",{}
20574,General Knight,"[{'language': 'en', 'languageDisplayName': 'en', 'title': 'General Knight', 'isOriginal': True}]",True,False,40,5,3,False,False,False,2.6,True,"[{'key': 'arithmetic', 'isMeta': False, 'bojTagId': 121, 'problemCount': 1097, 'displayNames': [{'language': 'ko', 'name': '사칙연산', 'short': '사칙연산'}, {'language': 'en', 'name': 'arithmetic', 'short': 'arithmetic'}, {'language': 'ja', 'name': '算数', 'short': '算数'}], 'aliases': [{'alias': '덧셈'}, {'alias': '뺄셈'}, {'alias': '곱셈'}, {'alias': '나눗셈'}, {'alias': '더하기'}, {'alias': '빼기'}, {'alias': '곱하기'}, {'alias': '나누기'}]}, {'key': 'implementation', 'isMeta': False, 'bojTagId': 102, 'problemCount': 5465, 'displayNames': [{'language': 'ko', 'name': '구현', 'short': '구현'}, {'language': 'en', 'name': 'implementation', 'short': 'impl'}, {'language': 'ja', 'name': '実装', 'short': 'impl'}], 'aliases': []}, {'key': 'math', 'isMeta': False, 'bojTagId': 124, 'problemCount': 6271, 'displayNames': [{'language': 'ko', 'name': '수학', 'short': '수학'}, {'language': 'en', 'name': 'mathematics', 'short': 'math'}, {'language': 'ja', 'name': '数学', 'short': '数学'}], 'aliases': []}, {'key': 'string', 'isMeta': False, 'bojTagId': 158, 'problemCount': 2356, 'displayNames': [{'language': 'ko', 'name': '문자열', 'short': '문자열'}, {'language': 'en', 'name': 'string', 'short': 'string'}, {'language': 'ja', 'name': '文字列', 'short': '文字列'}], 'aliases': [{'alias': '스트링'}]}]",{}
20575,Buffon's Needle,"[{'language': 'en', 'languageDisplayName': 'en', 'title': ""Buffon's Needle"", 'isOriginal': True}]",True,False,61,5,8,False,False,False,2.2131,True,"[{'key': 'arithmetic', 'isMeta': False, 'bojTagId': 121, 'problemCount': 1097, 'displayNames': [{'language': 'ko', 'name': '사칙연산', 'short': '사칙연산'}, {'language': 'en', 'name': 'arithmetic', 'short': 'arithmetic'}, {'language': 'ja', 'name': '算数', 'short': '算数'}], 'aliases': [{'alias': '덧셈'}, {'alias': '뺄셈'}, {'alias': '곱셈'}, {'alias': '나눗셈'}, {'alias': '더하기'}, {'alias': '빼기'}, {'alias': '곱하기'}, {'alias': '나누기'}]}, {'key': 'math', 'isMeta': False, 'bojTagId': 124, 'problemCount': 6271, 'displayNames': [{'language': 'ko', 'name': '수학', 'short': '수학'}, {'language': 'en', 'name': 'mathematics', 'short': 'math'}, {'language': 'ja', 'name': '数学', 'short': '数学'}], 'aliases': []}, {'key': 'string', 'isMeta': False, 'bojTagId': 158, 'problemCount': 2356, 'displayNames': [{'language': 'ko', 'name': '문자열', 'short': '문자열'}, {'language': 'en', 'name': 'string', 'short': 'string'}, {'language': 'ja', 'name': '文字列', 'short': '文字列'}], 'aliases': [{'alias': '스트링'}]}]",{}
20576,Neural Networks,"[{'language': 'en', 'languageDisplayName': 'en', 'title': 'Neural Networks', 'isOriginal': True}]",True,False,1,18,1,False,False,False,1.0,True,"[{'key': 'combinatorics', 'isMeta': False, 'bojTagId': 6, 'problemCount': 895, 'displayNames': [{'language': 'ko', 'name': '조합론', 'short': '조합론'}, {'language': 'en', 'name': 'combinatorics', 'short': 'combinatorics'}, {'language': 'ja', 'name': '組み合わせ', 'short': '組み合わせ'}], 'aliases': [{'alias': 'combination'}, {'alias': 'permutation'}, {'alias': 'probability'}, {'alias': '확률'}, {'alias': '순열'}]}, {'key': 'flt', 'isMeta': False, 'bojTagId': 29, 'problemCount': 61, 'displayNames': [{'language': 'ko', 'name': '페르마의 소정리', 'short': '페르마의 소정리'}, {'language': 'en', 'name': ""fermat's little theorem"", 'short': ""fermat's little thm""}, {'language': 'ja', 'name': 'フェルマーの小定理', 'short': 'フェルマー'}], 'aliases': []}, {'key': 'inclusion_and_exclusion', 'isMeta': False, 'bojTagId': 38, 'problemCount': 156, 'displayNames': [{'language': 'ko', 'name': '포함 배제의 원리', 'short': '포함 배제의 원리'}, {'language': 'en', 'name': 'inclusion and exclusion', 'short': 'inclusion and exclusion'}, {'language': 'ja', 'name': '包除原理', 'short': '包除原理'}], 'aliases': []}, {'key': 'math', 'isMeta': False, 'bojTagId': 124, 'problemCount': 6271, 'displayNames': [{'language': 'ko', 'name': '수학', 'short': '수학'}, {'language': 'en', 'name': 'mathematics', 'short': 'math'}, {'language': 'ja', 'name': '数学', 'short': '数学'}], 'aliases': []}, {'key': 'number_theory', 'isMeta': False, 'bojTagId': 95, 'problemCount': 1418, 'displayNames': [{'language': 'ko', 'name': '정수론', 'short': '정수론'}, {'language': 'en', 'name': 'number theory', 'short': 'number theory'}, {'language': 'ja', 'name': '整数論', 'short': '整数論'}], 'aliases': []}]",{}
20577,Raid,"[{'language': 'en', 'languageDisplayName': 'en', 'title': 'Raid', 'isOriginal': True}]",True,False,3,0,0,False,False,False,4.6667,True,[],{}
20578,Broken line,"[{'language': 'en', 'languageDisplayName': 'en', 'title': 'Broken line', 'isOriginal': True}]",True,False,15,17,3,False,False,False,1.5333,True,"[{'key': 'ad_hoc', 'isMeta': False, 'bojTagId': 109, 'problemCount': 1447, 'displayNames': [{'language': 'ko', 'name': '애드 혹', 'short': '애드 혹'}, {'language': 'en', 'name': 'ad-hoc', 'short': 'ad-hoc'}, {'language': 'ja', 'name': 'アドホック', 'short': 'アドホック'}], 'aliases': []}, {'key': 'bitmask', 'isMeta': False, 'bojTagId': 14, 'problemCount': 717, 'displayNames': [{'language': 'ko', 'name': '비트마스킹', 'short': '비트마스킹'}, {'language': 'en', 'name': 'bitmask', 'short': 'bitmask'}, {'language': 'ja', 'name': 'ビット表現', 'short': 'ビット表現'}], 'aliases': [{'alias': '비트필드'}, {'alias': '비트마스크'}]}, {'key': 'bruteforcing', 'isMeta': False, 'bojTagId': 125, 'problemCount': 2158, 'displayNames': [{'language': 'ko', 'name': '브루트포스 알고리즘', 'short': '브루트포스 알고리즘'}, {'language': 'en', 'name': 'bruteforcing', 'short': 'bruteforce'}, {'language': 'ja', 'name': '全探索', 'short': '全探索'}], 'aliases': [{'alias': '완전탐색'}, {'alias': '완전 탐색'}, {'alias': '브루트포스'}, {'alias': 'bruteforce'}, {'alias': 'brute force'}, {'alias': '완탐'}]}]",{}
20579,Territories,"[{'language': 'en', 'languageDisplayName': 'en', 'title': 'Territories', 'isOriginal': True}]",True,False,7,20,2,False,False,False,3.8571,True,"[{'key': 'ad_hoc', 'isMeta': False, 'bojTagId': 109, 'problemCount': 1447, 'displayNames': [{'language': 'ko', 'name': '애드 혹', 'short': '애드 혹'}, {'language': 'en', 'name': 'ad-hoc', 'short': 'ad-hoc'}, {'language': 'ja', 'name': 'アドホック', 'short': 'アドホック'}], 'aliases': []}, {'key': 'prefix_sum', 'isMeta': False, 'bojTagId': 139, 'problemCount': 949, 'displayNames': [{'language': 'ko', 'name': '누적 합', 'short': '누적 합'}, {'language': 'en', 'name': 'prefix sum', 'short': 'prefix sum'}, {'language': 'ja', 'name': '累積和', 'short': '累積和'}], 'aliases': [{'alias': '구간합'}, {'alias': '부분합'}, {'alias': 'rangesum'}]}]",{}
20580,Tea,"[{'language': 'en', 'languageDisplayName': 'en', 'title': 'Tea', 'isOriginal': True}]",True,False,9,0,0,False,False,False,1.8889,True,[],{}
20581,Three balls,"[{'language': 'en', 'languageDisplayName': 'en', 'title': 'Three balls', 'isOriginal': True}]",True,False,10,22,2,False,False,False,3.1,True,"[{'key': 'case_work', 'isMeta': False, 'bojTagId': 137, 'problemCount': 855, 'displayNames': [{'language': 'ko', 'name': '많은 조건 분기', 'short': '많은 조건 분기'}, {'language': 'en', 'name': 'case work', 'short': 'case work'}, {'language': 'ja', 'name': 'ケースワーク', 'short': 'ケースワーク'}], 'aliases': [{'alias': '케이스'}, {'alias': '케이스워크'}, {'alias': '케이스 워크'}]}, {'key': 'combinatorics', 'isMeta': False, 'bojTagId': 6, 'problemCount': 895, 'displayNames': [{'language': 'ko', 'name': '조합론', 'short': '조합론'}, {'language': 'en', 'name': 'combinatorics', 'short': 'combinatorics'}, {'language': 'ja', 'name': '組み合わせ', 'short': '組み合わせ'}], 'aliases': [{'alias': 'combination'}, {'alias': 'permutation'}, {'alias': 'probability'}, {'alias': '확률'}, {'alias': '순열'}]}, {'key': 'math', 'isMeta': False, 'bojTagId': 124, 'problemCount': 6271, 'displayNames': [{'language': 'ko', 'name': '수학', 'short': '수학'}, {'language': 'en', 'name': 'mathematics', 'short': 'math'}, {'language': 'ja', 'name': '数学', 'short': '数学'}], 'aliases': []}, {'key': 'prefix_sum', 'isMeta': False, 'bojTagId': 139, 'problemCount': 949, 'displayNames': [{'language': 'ko', 'name': '누적 합', 'short': '누적 합'}, {'language': 'en', 'name': 'prefix sum', 'short': 'prefix sum'}, {'language': 'ja', 'name': '累積和', 'short': '累積和'}], 'aliases': [{'alias': '구간합'}, {'alias': '부분합'}, {'alias': 'rangesum'}]}]",{}
20582,Family photo,"[{'language': 'en', 'languageDisplayName': 'en', 'title': 'Family photo', 'isOriginal': True}]",True,False,15,19,2,False,False,False,1.6,True,"[{'key': 'greedy', 'isMeta': False, 'bojTagId': 33, 'problemCount': 2504, 'displayNames': [{'language': 'ko', 'name': '그리디 알고리즘', 'short': '그리디 알고리즘'}, {'language': 'en', 'name': 'greedy', 'short': 'greedy'}, {'language': 'ja', 'name': '貪欲法', 'short': '貪欲法'}], 'aliases': [{'alias': '탐욕법'}]}, {'key': 'smaller_to_larger', 'isMeta': False, 'bojTagId': 169, 'problemCount': 128, 'displayNames': [{'language': 'ko', 'name': '작은 집합에서 큰 집합으로 합치는 테크닉', 'short': '작은 집합에서 큰 집합으로 합치는 테크닉'}, {'language': 'en', 'name': 'smaller to larger technique', 'short': 'smaller to larger'}, {'language': 'ja', 'name': 'smaller to larger technique', 'short': 'smaller to larger'}], 'aliases': [{'alias': 'merge heuristics'}, {'alias': 'sack'}, {'alias': 'small to large'}, {'alias': '작은거'}, {'alias': '큰거'}]}]",{}
20583,Pop music,"[{'language': 'en', 'languageDisplayName': 'en', 'title': 'Pop music', 'isOriginal': True}]",True,False,9,20,2,False,False,False,3.1111,True,"[{'key': 'dp', 'isMeta': False, 'bojTagId': 25, 'problemCount': 3979, 'displayNames': [{'language': 'ko', 'name': '다이나믹 프로그래밍', 'short': '다이나믹 프로그래밍'}, {'language': 'en', 'name': 'dynamic programming', 'short': 'dp'}, {'language': 'ja', 'name': '動的計画法', 'short': 'dp'}], 'aliases': [{'alias': '동적계획법'}, {'alias': '동적 계획법'}, {'alias': '다이나믹프로그래밍'}]}, {'key': 'math', 'isMeta': False, 'bojTagId': 124, 'problemCount': 6271, 'displayNames': [{'language': 'ko', 'name': '수학', 'short': '수학'}, {'language': 'en', 'name': 'mathematics', 'short': 'math'}, {'language': 'ja', 'name': '数学', 'short': '数学'}], 'aliases': []}]",{}
20584,Island,"[{'language': 'en', 'languageDisplayName': 'en', 'title': 'Island', 'isOriginal': True}]",True,False,2,26,1,False,False,False,1.0,True,"[{'key': 'dp', 'isMeta': False, 'bojTagId': 25, 'problemCount': 3979, 'displayNames': [{'language': 'ko', 'name': '다이나믹 프로그래밍', 'short': '다이나믹 프로그래밍'}, {'language': 'en', 'name': 'dynamic programming', 'short': 'dp'}, {'language': 'ja', 'name': '動的計画法', 'short': 'dp'}], 'aliases': [{'alias': '동적계획법'}, {'alias': '동적 계획법'}, {'alias': '다이나믹프로그래밍'}]}, {'key': 'graphs', 'isMeta': False, 'bojTagId': 7, 'problemCount': 3630, 'displayNames': [{'language': 'ko', 'name': '그래프 이론', 'short': '그래프 이론'}, {'language': 'en', 'name': 'graph theory', 'short': 'graph'}, {'language': 'ja', 'name': 'グラフ理論', 'short': 'グラフ'}], 'aliases': [{'alias': '그래프이론'}, {'alias': '그래프'}]}, {'key': 'planar_graph', 'isMeta': False, 'bojTagId': 168, 'problemCount': 41, 'displayNames': [{'language': 'ko', 'name': '평면 그래프', 'short': '평면 그래프'}, {'language': 'en', 'name': 'planar graph', 'short': 'planar graph'}, {'language': 'ja', 'name': '平面グラフ', 'short': '平面グラフ'}], 'aliases': []}, {'key': 'scc', 'isMeta': False, 'bojTagId': 76, 'problemCount': 147, 'displayNames': [{'language': 'ko', 'name': '강한 연결 요소', 'short': '강한 연결 요소'}, {'language': 'en', 'name': 'strongly connected component', 'short': 'scc'}, {'language': 'ja', 'name': '強連結', 'short': '強連結'}], 'aliases': []}]",{}
20585,Goldfish and pikes,"[{'language': 'en', 'languageDisplayName': 'en', 'title': 'Goldfish and pikes', 'isOriginal': True}]",True,False,1,0,0,False,False,False,2.0,True,[],{}
20586,Tokens,"[{'language': 'en', 'languageDisplayName': 'en', 'title': 'Tokens', 'isOriginal': True}]",True,False,6,22,1,False,False,False,2.0,True,"[{'key': 'dp', 'isMeta': False, 'bojTagId': 25, 'problemCount': 3979, 'displayNames': [{'language': 'ko', 'name': '다이나믹 프로그래밍', 'short': '다이나믹 프로그래밍'}, {'language': 'en', 'name': 'dynamic programming', 'short': 'dp'}, {'language': 'ja', 'name': '動的計画法', 'short': 'dp'}], 'aliases': [{'alias': '동적계획법'}, {'alias': '동적 계획법'}, {'alias': '다이나믹프로그래밍'}]}, {'key': 'flow', 'isMeta': False, 'bojTagId': 45, 'problemCount': 325, 'displayNames': [{'language': 'ko', 'name': '최대 유량', 'short': '최대 유량'}, {'language': 'en', 'name': 'maximum flow', 'short': 'flow'}, {'language': 'ja', 'name': '最大フロー', 'short': 'flow'}], 'aliases': [{'alias': 'dinic'}, {'alias': 'dinitz'}, {'alias': 'ford'}, {'alias': 'fulkerson'}, {'alias': 'fordfulkerson'}, {'alias': '디닉'}, {'alias': '디니츠'}, {'alias': '포드풀커슨'}, {'alias': '플로우'}]}, {'key': 'mfmc', 'isMeta': False, 'bojTagId': 167, 'problemCount': 71, 'displayNames': [{'language': 'ko', 'name': '최대 유량 최소 컷 정리', 'short': '최대 유량 최소 컷 정리'}, {'language': 'en', 'name': 'max-flow min-cut theorem', 'short': 'mfmc'}, {'language': 'ja', 'name': '最大フロー最小カット定理', 'short': 'mfmc'}], 'aliases': []}]",{}
20587,Even rain,"[{'language': 'en', 'languageDisplayName': 'en', 'title': 'Even rain', 'isOriginal': True}]",True,False,27,0,0,False,False,False,2.9259,True,[],{}
20588,Floyd-Warshall,"[{'language': 'en', 'languageDisplayName': 'en', 'title': 'Floyd-Warshall', 'isOriginal': True}]",True,False,7,24,3,False,False,False,2.4286,True,"[{'key': 'bitset', 'isMeta': False, 'bojTagId': 152, 'problemCount': 91, 'displayNames': [{'language': 'ko', 'name': '비트 집합', 'short': '비트 집합'}, {'language': 'en', 'name': 'bit set', 'short': 'bit set'}, {'language': 'ja', 'name': 'bit set', 'short': 'bit set'}], 'aliases': [{'alias': 'bitset'}, {'alias': '비트셋'}]}, {'key': 'dijkstra', 'isMeta': False, 'bojTagId': 22, 'problemCount': 572, 'displayNames': [{'language': 'ko', 'name': '데이크스트라', 'short': '데이크스트라'}, {'language': 'en', 'name': ""dijkstra's"", 'short': ""dijkstra's""}, {'language': 'ja', 'name': 'ダイクストラ法', 'short': 'ダイクストラ法'}], 'aliases': [{'alias': '다익'}, {'alias': '다익스트라'}, {'alias': '데이크스트라'}]}, {'key': 'graphs', 'isMeta': False, 'bojTagId': 7, 'problemCount': 3630, 'displayNames': [{'language': 'ko', 'name': '그래프 이론', 'short': '그래프 이론'}, {'language': 'en', 'name': 'graph theory', 'short': 'graph'}, {'language': 'ja', 'name': 'グラフ理論', 'short': 'グラフ'}], 'aliases': [{'alias': '그래프이론'}, {'alias': '그래프'}]}, {'key': 'shortest_path', 'isMeta': False, 'bojTagId': 215, 'problemCount': 759, 'displayNames': [{'language': 'ko', 'name': '최단 경로', 'short': '최단 경로'}, {'language': 'en', 'name': 'shortest path', 'short': 'shortest path'}, {'language': 'ja', 'name': '最短経路', 'short': '最短経路'}], 'aliases': []}]",{}
20589,Abstract Circular Cover,"[{'language': 'en', 'languageDisplayName': 'en', 'title': 'Abstract Circular Cover', 'isOriginal': True}]",True,False,6,0,0,False,False,False,8.3333,True,[],{}
20590,Biggest Set Ever,"[{'language': 'en', 'languageDisplayName': 'en', 'title': 'Biggest Set Ever', 'isOriginal': True}]",True,False,3,0,0,False,False,False,3.0,True,[],{}
20591,Convex Sets On Graph,"[{'language': 'en', 'languageDisplayName': 'en', 'title': 'Convex Sets On Graph', 'isOriginal': True}]",True,False,5,0,0,False,False,False,3.0,True,[],{}
20592,Delete Two Vertices Again,"[{'language': 'en', 'languageDisplayName': 'en', 'title': 'Delete Two Vertices Again', 'isOriginal': True}]",True,False,5,26,1,False,False,False,1.4,True,"[{'key': 'articulation', 'isMeta': False, 'bojTagId': 4, 'problemCount': 56, 'displayNames': [{'language': 'ko', 'name': '단절점과 단절선', 'short': '단절점과 단절선'}, {'language': 'en', 'name': 'articulation points and bridges', 'short': 'articulation points and bridges'}, {'language': 'ja', 'name': '関節点と橋', 'short': '関節点と橋'}], 'aliases': [{'alias': '단절점'}, {'alias': '단절선'}, {'alias': '브리지'}, {'alias': '브릿지'}, {'alias': 'bridge'}]}, {'key': 'data_structures', 'isMeta': False, 'bojTagId': 175, 'problemCount': 3771, 'displayNames': [{'language': 'ko', 'name': '자료 구조', 'short': '자료 구조'}, {'language': 'en', 'name': 'data structures', 'short': 'ds'}, {'language': 'ja', 'name': 'データ構造', 'short': 'ds'}], 'aliases': [{'alias': '자료구조'}, {'alias': '자구'}]}, {'key': 'dfs', 'isMeta': False, 'bojTagId': 127, 'problemCount': 806, 'displayNames': [{'language': 'ko', 'name': '깊이 우선 탐색', 'short': '깊이 우선 탐색'}, {'language': 'en', 'name': 'depth-first search', 'short': 'dfs'}, {'language': 'ja', 'name': '深さ優先探索', 'short': 'dfs'}], 'aliases': [{'alias': 'depth first'}, {'alias': 'depthfirst'}]}, {'key': 'graphs', 'isMeta': False, 'bojTagId': 7, 'problemCount': 3630, 'displayNames': [{'language': 'ko', 'name': '그래프 이론', 'short': '그래프 이론'}, {'language': 'en', 'name': 'graph theory', 'short': 'graph'}, {'language': 'ja', 'name': 'グラフ理論', 'short': 'グラフ'}], 'aliases': [{'alias': '그래프이론'}, {'alias': '그래프'}]}, {'key': 'graph_traversal', 'isMeta': False, 'bojTagId': 11, 'problemCount': 1978, 'displayNames': [{'language': 'ko', 'name': '그래프 탐색', 'short': '그래프 탐색'}, {'language': 'en', 'name': 'graph traversal', 'short': 'traversal'}, {'language': 'ja', 'name': 'グラフの探索', 'short': '横断'}], 'aliases': [{'alias': 'bfs'}, {'alias': 'dfs'}]}, {'key': 'priority_queue', 'isMeta': False, 'bojTagId': 59, 'problemCount': 420, 'displayNames': [{'language': 'ko', 'name': '우선순위 큐', 'short': '우선순위 큐'}, {'language': 'en', 'name': 'priority queue', 'short': 'priority queue'}, {'language': 'ja', 'name': '優先度付きキュー', 'short': '優先度付きキュー'}], 'aliases': [{'alias': 'heap'}, {'alias': '힙'}]}, {'key': 'segtree', 'isMeta': False, 'bojTagId': 65, 'problemCount': 1290, 'displayNames': [{'language': 'ko', 'name': '세그먼트 트리', 'short': '세그먼트 트리'}, {'language': 'en', 'name': 'segment tree', 'short': 'segtree'}, {'language': 'ja', 'name': 'セグメント木', 'short': 'セグ木'}], 'aliases': [{'alias': '구간트리'}, {'alias': '세그트리'}, {'alias': 'fenwick'}, {'alias': '펜윅'}]}, {'key': 'smaller_to_larger', 'isMeta': False, 'bojTagId': 169, 'problemCount': 128, 'displayNames': [{'language': 'ko', 'name': '작은 집합에서 큰 집합으로 합치는 테크닉', 'short': '작은 집합에서 큰 집합으로 합치는 테크닉'}, {'language': 'en', 'name': 'smaller to larger technique', 'short': 'smaller to larger'}, {'language': 'ja', 'name': 'smaller to larger technique', 'short': 'smaller to larger'}], 'aliases': [{'alias': 'merge heuristics'}, {'alias': 'sack'}, {'alias': 'small to large'}, {'alias': '작은거'}, {'alias': '큰거'}]}]",{}
20593,Easy One,"[{'language': 'en', 'languageDisplayName': 'en', 'title': 'Easy One', 'isOriginal': True}]",True,False,0,0,0,False,False,False,0.0,True,[],{}
20594,Football,"[{'language': 'en', 'languageDisplayName': 'en', 'title': 'Football', 'isOriginal': True}]",True,False,2,0,0,False,False,False,1.0,True,[],{}
20595,Game On Board,"[{'language': 'en', 'languageDisplayName': 'en', 'title': 'Game On Board', 'isOriginal': True}]",True,False,9,0,0,False,False,False,1.2222,True,[],{}
20596,Hardcore String Counting 2,"[{'language': 'en', 'languageDisplayName': 'en', 'title': 'Hardcore String Counting 2', 'isOriginal': True}]",True,False,5,28,1,False,True,False,1.2,True,[],"{'warn': [{'type': 'searchable', 'data': ''}]}"
20597,Inv,"[{'language': 'en', 'languageDisplayName': 'en', 'title': 'Inv', 'isOriginal': True}]",True,False,11,17,1,False,False,False,1.8182,True,"[{'key': 'dp', 'isMeta': False, 'bojTagId': 25, 'problemCount': 3979, 'displayNames': [{'language': 'ko', 'name': '다이나믹 프로그래밍', 'short': '다이나믹 프로그래밍'}, {'language': 'en', 'name': 'dynamic programming', 'short': 'dp'}, {'language': 'ja', 'name': '動的計画法', 'short': 'dp'}], 'aliases': [{'alias': '동적계획법'}, {'alias': '동적 계획법'}, {'alias': '다이나믹프로그래밍'}]}, {'key': 'math', 'isMeta': False, 'bojTagId': 124, 'problemCount': 6271, 'displayNames': [{'language': 'ko', 'name': '수학', 'short': '수학'}, {'language': 'en', 'name': 'mathematics', 'short': 'math'}, {'language': 'ja', 'name': '数学', 'short': '数学'}], 'aliases': []}, {'key': 'number_theory', 'isMeta': False, 'bojTagId': 95, 'problemCount': 1418, 'displayNames': [{'language': 'ko', 'name': '정수론', 'short': '정수론'}, {'language': 'en', 'name': 'number theory', 'short': 'number theory'}, {'language': 'ja', 'name': '整数論', 'short': '整数論'}], 'aliases': []}]",{}
20598,Justice For Everyone,"[{'language': 'en', 'languageDisplayName': 'en', 'title': 'Justice For Everyone', 'isOriginal': True}]",True,False,4,0,0,False,False,False,1.0,True,[],{}
20599,Keep It Cool,"[{'language': 'en', 'languageDisplayName': 'en', 'title': 'Keep It Cool', 'isOriginal': True}]",True,False,2,0,0,False,False,False,1.0,True,[],{}
