problemId,titleKo,titles,isSolvable,isPartial,acceptedUserCount,level,votedUserCount,sprout,givesNoRating,isLevelLocked,averageTries,official,tags,metadata
24900,한별 찍기,"[{'language': 'ko', 'languageDisplayName': 'ko', 'title': '한별 찍기', 'isOriginal': True}]",True,False,6326,1,200,False,False,False,1.5506,True,"[{'key': 'implementation', 'isMeta': False, 'bojTagId': 102, 'problemCount': 5468, 'displayNames': [{'language': 'ko', 'name': '구현', 'short': '구현'}, {'language': 'en', 'name': 'implementation', 'short': 'impl'}, {'language': 'ja', 'name': '実装', 'short': 'impl'}], 'aliases': []}]",{}
24901,Binary Game 2,"[{'language': 'ko', 'languageDisplayName': 'ko', 'title': 'Binary Game 2', 'isOriginal': True}]",True,False,83,0,23,False,False,True,10.6988,True,"[{'key': 'ad_hoc', 'isMeta': False, 'bojTagId': 109, 'problemCount': 1448, 'displayNames': [{'language': 'ko', 'name': '애드 혹', 'short': '애드 혹'}, {'language': 'en', 'name': 'ad-hoc', 'short': 'ad-hoc'}, {'language': 'ja', 'name': 'アドホック', 'short': 'アドホック'}], 'aliases': []}]",{}
24902,Fewest Moves Challenge,"[{'language': 'ko', 'languageDisplayName': 'ko', 'title': 'Fewest Moves Challenge', 'isOriginal': True}]",True,False,4,29,2,False,False,False,1.75,True,"[{'key': 'ad_hoc', 'isMeta': False, 'bojTagId': 109, 'problemCount': 1448, 'displayNames': [{'language': 'ko', 'name': '애드 혹', 'short': '애드 혹'}, {'language': 'en', 'name': 'ad-hoc', 'short': 'ad-hoc'}, {'language': 'ja', 'name': 'アドホック', 'short': 'アドホック'}], 'aliases': []}, {'key': 'backtracking', 'isMeta': False, 'bojTagId': 5, 'problemCount': 531, 'displayNames': [{'language': 'ko', 'name': '백트래킹', 'short': '백트래킹'}, {'language': 'en', 'name': 'backtracking', 'short': 'backtrack'}, {'language': 'ja', 'name': 'バックトラック法', 'short': 'バックトラック'}], 'aliases': [{'alias': '백트래킹'}, {'alias': '퇴각검색'}, {'alias': '퇴각 검색'}]}, {'key': 'bfs', 'isMeta': False, 'bojTagId': 126, 'problemCount': 969, 'displayNames': [{'language': 'ko', 'name': '너비 우선 탐색', 'short': '너비 우선 탐색'}, {'language': 'en', 'name': 'breadth-first search', 'short': 'bfs'}, {'language': 'ja', 'name': '幅優先検索', 'short': 'bfs'}], 'aliases': [{'alias': 'breadthfirst'}, {'alias': 'breadth first'}]}, {'key': 'bitmask', 'isMeta': False, 'bojTagId': 14, 'problemCount': 717, 'displayNames': [{'language': 'ko', 'name': '비트마스킹', 'short': '비트마스킹'}, {'language': 'en', 'name': 'bitmask', 'short': 'bitmask'}, {'language': 'ja', 'name': 'ビット表現', 'short': 'ビット表現'}], 'aliases': [{'alias': '비트필드'}, {'alias': '비트마스크'}]}, {'key': 'case_work', 'isMeta': False, 'bojTagId': 137, 'problemCount': 856, 'displayNames': [{'language': 'ko', 'name': '많은 조건 분기', 'short': '많은 조건 분기'}, {'language': 'en', 'name': 'case work', 'short': 'case work'}, {'language': 'ja', 'name': 'ケースワーク', 'short': 'ケースワーク'}], 'aliases': [{'alias': '케이스'}, {'alias': '케이스워크'}, {'alias': '케이스 워크'}]}, {'key': 'combinatorics', 'isMeta': False, 'bojTagId': 6, 'problemCount': 895, 'displayNames': [{'language': 'ko', 'name': '조합론', 'short': '조합론'}, {'language': 'en', 'name': 'combinatorics', 'short': 'combinatorics'}, {'language': 'ja', 'name': '組み合わせ', 'short': '組み合わせ'}], 'aliases': [{'alias': 'combination'}, {'alias': 'permutation'}, {'alias': 'probability'}, {'alias': '확률'}, {'alias': '순열'}]}, {'key': 'constructive', 'isMeta': False, 'bojTagId': 128, 'problemCount': 986, 'displayNames': [{'language': 'ko', 'name': '해 구성하기', 'short': '해 구성하기'}, {'language': 'en', 'name': 'constructive', 'short': 'constructive'}, {'language': 'ja', 'name': '構成的', 'short': '構成的'}], 'aliases': [{'alias': 'constructive'}, {'alias': '컨스트럭티브'}, {'alias': '구성적'}]}, {'key': 'graphs', 'isMeta': False, 'bojTagId': 7, 'problemCount': 3637, 'displayNames': [{'language': 'ko', 'name': '그래프 이론', 'short': '그래프 이론'}, {'language': 'en', 'name': 'graph theory', 'short': 'graph'}, {'language': 'ja', 'name': 'グラフ理論', 'short': 'グラフ'}], 'aliases': [{'alias': '그래프이론'}, {'alias': '그래프'}]}, {'key': 'graph_traversal', 'isMeta': False, 'bojTagId': 11, 'problemCount': 1983, 'displayNames': [{'language': 'ko', 'name': '그래프 탐색', 'short': '그래프 탐색'}, {'language': 'en', 'name': 'graph traversal', 'short': 'traversal'}, {'language': 'ja', 'name': 'グラフの探索', 'short': '横断'}], 'aliases': [{'alias': 'bfs'}, {'alias': 'dfs'}]}, {'key': 'implementation', 'isMeta': False, 'bojTagId': 102, 'problemCount': 5468, 'displayNames': [{'language': 'ko', 'name': '구현', 'short': '구현'}, {'language': 'en', 'name': 'implementation', 'short': 'impl'}, {'language': 'ja', 'name': '実装', 'short': 'impl'}], 'aliases': []}, {'key': 'math', 'isMeta': False, 'bojTagId': 124, 'problemCount': 6275, 'displayNames': [{'language': 'ko', 'name': '수학', 'short': '수학'}, {'language': 'en', 'name': 'mathematics', 'short': 'math'}, {'language': 'ja', 'name': '数学', 'short': '数学'}], 'aliases': []}, {'key': 'mitm', 'isMeta': False, 'bojTagId': 46, 'problemCount': 93, 'displayNames': [{'language': 'ko', 'name': '중간에서 만나기', 'short': '중간에서 만나기'}, {'language': 'en', 'name': 'meet in the middle', 'short': 'meet in the middle'}, {'language': 'ja', 'name': '半分全列挙', 'short': '半分全列挙'}], 'aliases': []}, {'key': 'precomputation', 'isMeta': False, 'bojTagId': 172, 'problemCount': 204, 'displayNames': [{'language': 'ko', 'name': '런타임 전의 전처리', 'short': '런타임 전의 전처리'}, {'language': 'en', 'name': 'precomputation', 'short': 'precomputation'}, {'language': 'ja', 'name': '事前計算', 'short': '事前計算'}], 'aliases': [{'alias': 'lookup table'}, {'alias': 'db'}, {'alias': 'database'}]}, {'key': 'simulation', 'isMeta': False, 'bojTagId': 141, 'problemCount': 1066, 'displayNames': [{'language': 'ko', 'name': '시뮬레이션', 'short': '시뮬레이션'}, {'language': 'en', 'name': 'simulation', 'short': 'simulation'}, {'language': 'ja', 'name': 'シミュレーション', 'short': 'シミュレーション'}], 'aliases': []}]",{}
24903,$\textbf{multiple}\text{ edges}$,"[{'language': 'ko', 'languageDisplayName': 'ko', 'title': '$\\textbf{multiple}\\text{ edges}$', 'isOriginal': True}]",True,False,116,0,4,False,False,True,5.3621,True,"[{'key': 'implementation', 'isMeta': False, 'bojTagId': 102, 'problemCount': 5468, 'displayNames': [{'language': 'ko', 'name': '구현', 'short': '구현'}, {'language': 'en', 'name': 'implementation', 'short': 'impl'}, {'language': 'ja', 'name': '実装', 'short': 'impl'}], 'aliases': []}]",{}
24904,Baekjoon Wordline Judge,"[{'language': 'ko', 'languageDisplayName': 'ko', 'title': 'Baekjoon Wordline Judge', 'isOriginal': True}]",True,False,847,0,1,False,False,True,5.889,False,[],{}
24905,24905번 문제,"[{'language': 'ko', 'languageDisplayName': 'ko', 'title': '24905번 문제', 'isOriginal': True}]",True,False,1098,0,1,False,False,True,11.4645,False,"[{'key': 'implementation', 'isMeta': False, 'bojTagId': 102, 'problemCount': 5468, 'displayNames': [{'language': 'ko', 'name': '구현', 'short': '구현'}, {'language': 'en', 'name': 'implementation', 'short': 'impl'}, {'language': 'ja', 'name': '実装', 'short': 'impl'}], 'aliases': []}]",{}
24906,문제 이름,"[{'language': 'ko', 'languageDisplayName': 'ko', 'title': '문제 이름', 'isOriginal': True}]",True,False,16,24,8,False,False,False,3.125,True,"[{'key': 'greedy', 'isMeta': False, 'bojTagId': 33, 'problemCount': 2504, 'displayNames': [{'language': 'ko', 'name': '그리디 알고리즘', 'short': '그리디 알고리즘'}, {'language': 'en', 'name': 'greedy', 'short': 'greedy'}, {'language': 'ja', 'name': '貪欲法', 'short': '貪欲法'}], 'aliases': [{'alias': '탐욕법'}]}, {'key': 'math', 'isMeta': False, 'bojTagId': 124, 'problemCount': 6275, 'displayNames': [{'language': 'ko', 'name': '수학', 'short': '수학'}, {'language': 'en', 'name': 'mathematics', 'short': 'math'}, {'language': 'ja', 'name': '数学', 'short': '数学'}], 'aliases': []}]",{}
24907,문제 이름,"[{'language': 'ko', 'languageDisplayName': 'ko', 'title': '문제 이름', 'isOriginal': True}]",True,False,184,0,1,False,False,True,24.0489,False,[],{}
24908,제1회 구데기그릇 (홀수형),"[{'language': 'ko', 'languageDisplayName': 'ko', 'title': '제1회 구데기그릇 (홀수형)', 'isOriginal': True}]",True,False,5,0,1,False,False,True,30.8,False,"[{'key': 'arithmetic', 'isMeta': False, 'bojTagId': 121, 'problemCount': 1097, 'displayNames': [{'language': 'ko', 'name': '사칙연산', 'short': '사칙연산'}, {'language': 'en', 'name': 'arithmetic', 'short': 'arithmetic'}, {'language': 'ja', 'name': '算数', 'short': '算数'}], 'aliases': [{'alias': '덧셈'}, {'alias': '뺄셈'}, {'alias': '곱셈'}, {'alias': '나눗셈'}, {'alias': '더하기'}, {'alias': '빼기'}, {'alias': '곱하기'}, {'alias': '나누기'}]}, {'key': 'math', 'isMeta': False, 'bojTagId': 124, 'problemCount': 6275, 'displayNames': [{'language': 'ko', 'name': '수학', 'short': '수학'}, {'language': 'en', 'name': 'mathematics', 'short': 'math'}, {'language': 'ja', 'name': '数学', 'short': '数学'}], 'aliases': []}, {'key': 'backtracking', 'isMeta': False, 'bojTagId': 5, 'problemCount': 531, 'displayNames': [{'language': 'ko', 'name': '백트래킹', 'short': '백트래킹'}, {'language': 'en', 'name': 'backtracking', 'short': 'backtrack'}, {'language': 'ja', 'name': 'バックトラック法', 'short': 'バックトラック'}], 'aliases': [{'alias': '백트래킹'}, {'alias': '퇴각검색'}, {'alias': '퇴각 검색'}]}, {'key': 'bruteforcing', 'isMeta': False, 'bojTagId': 125, 'problemCount': 2158, 'displayNames': [{'language': 'ko', 'name': '브루트포스 알고리즘', 'short': '브루트포스 알고리즘'}, {'language': 'en', 'name': 'bruteforcing', 'short': 'bruteforce'}, {'language': 'ja', 'name': '全探索', 'short': '全探索'}], 'aliases': [{'alias': '완전탐색'}, {'alias': '완전 탐색'}, {'alias': '브루트포스'}, {'alias': 'bruteforce'}, {'alias': 'brute force'}, {'alias': '완탐'}]}, {'key': 'exponentiation_by_squaring', 'isMeta': False, 'bojTagId': 39, 'problemCount': 276, 'displayNames': [{'language': 'ko', 'name': '분할 정복을 이용한 거듭제곱', 'short': '분할 정복을 이용한 거듭제곱'}, {'language': 'en', 'name': 'exponentiation by squaring', 'short': 'exponentiation by squaring'}, {'language': 'ja', 'name': '二乗法によるべき乗', 'short': '二乗法によるべき乗'}], 'aliases': [{'alias': '거듭제곱'}, {'alias': '제곱'}, {'alias': 'power'}, {'alias': 'square'}]}, {'key': 'implementation', 'isMeta': False, 'bojTagId': 102, 'problemCount': 5468, 'displayNames': [{'language': 'ko', 'name': '구현', 'short': '구현'}, {'language': 'en', 'name': 'implementation', 'short': 'impl'}, {'language': 'ja', 'name': '実装', 'short': 'impl'}], 'aliases': []}, {'key': 'parsing', 'isMeta': False, 'bojTagId': 96, 'problemCount': 454, 'displayNames': [{'language': 'ko', 'name': '파싱', 'short': '파싱'}, {'language': 'en', 'name': 'parsing', 'short': 'parsing'}, {'language': 'ja', 'name': 'パージング', 'short': 'パージング'}], 'aliases': []}, {'key': 'precomputation', 'isMeta': False, 'bojTagId': 172, 'problemCount': 204, 'displayNames': [{'language': 'ko', 'name': '런타임 전의 전처리', 'short': '런타임 전의 전처리'}, {'language': 'en', 'name': 'precomputation', 'short': 'precomputation'}, {'language': 'ja', 'name': '事前計算', 'short': '事前計算'}], 'aliases': [{'alias': 'lookup table'}, {'alias': 'db'}, {'alias': 'database'}]}, {'key': 'string', 'isMeta': False, 'bojTagId': 158, 'problemCount': 2357, 'displayNames': [{'language': 'ko', 'name': '문자열', 'short': '문자열'}, {'language': 'en', 'name': 'string', 'short': 'string'}, {'language': 'ja', 'name': '文字列', 'short': '文字列'}], 'aliases': [{'alias': '스트링'}]}, {'key': 'constructive', 'isMeta': False, 'bojTagId': 128, 'problemCount': 986, 'displayNames': [{'language': 'ko', 'name': '해 구성하기', 'short': '해 구성하기'}, {'language': 'en', 'name': 'constructive', 'short': 'constructive'}, {'language': 'ja', 'name': '構成的', 'short': '構成的'}], 'aliases': [{'alias': 'constructive'}, {'alias': '컨스트럭티브'}, {'alias': '구성적'}]}]",{}
24909,제1회 구데기그릇 (짝수형),"[{'language': 'ko', 'languageDisplayName': 'ko', 'title': '제1회 구데기그릇 (짝수형)', 'isOriginal': True}]",True,False,5,0,2,False,False,True,5.0,False,"[{'key': 'arithmetic', 'isMeta': False, 'bojTagId': 121, 'problemCount': 1097, 'displayNames': [{'language': 'ko', 'name': '사칙연산', 'short': '사칙연산'}, {'language': 'en', 'name': 'arithmetic', 'short': 'arithmetic'}, {'language': 'ja', 'name': '算数', 'short': '算数'}], 'aliases': [{'alias': '덧셈'}, {'alias': '뺄셈'}, {'alias': '곱셈'}, {'alias': '나눗셈'}, {'alias': '더하기'}, {'alias': '빼기'}, {'alias': '곱하기'}, {'alias': '나누기'}]}, {'key': 'implementation', 'isMeta': False, 'bojTagId': 102, 'problemCount': 5468, 'displayNames': [{'language': 'ko', 'name': '구현', 'short': '구현'}, {'language': 'en', 'name': 'implementation', 'short': 'impl'}, {'language': 'ja', 'name': '実装', 'short': 'impl'}], 'aliases': []}, {'key': 'bruteforcing', 'isMeta': False, 'bojTagId': 125, 'problemCount': 2158, 'displayNames': [{'language': 'ko', 'name': '브루트포스 알고리즘', 'short': '브루트포스 알고리즘'}, {'language': 'en', 'name': 'bruteforcing', 'short': 'bruteforce'}, {'language': 'ja', 'name': '全探索', 'short': '全探索'}], 'aliases': [{'alias': '완전탐색'}, {'alias': '완전 탐색'}, {'alias': '브루트포스'}, {'alias': 'bruteforce'}, {'alias': 'brute force'}, {'alias': '완탐'}]}, {'key': 'backtracking', 'isMeta': False, 'bojTagId': 5, 'problemCount': 531, 'displayNames': [{'language': 'ko', 'name': '백트래킹', 'short': '백트래킹'}, {'language': 'en', 'name': 'backtracking', 'short': 'backtrack'}, {'language': 'ja', 'name': 'バックトラック法', 'short': 'バックトラック'}], 'aliases': [{'alias': '백트래킹'}, {'alias': '퇴각검색'}, {'alias': '퇴각 검색'}]}, {'key': 'precomputation', 'isMeta': False, 'bojTagId': 172, 'problemCount': 204, 'displayNames': [{'language': 'ko', 'name': '런타임 전의 전처리', 'short': '런타임 전의 전처리'}, {'language': 'en', 'name': 'precomputation', 'short': 'precomputation'}, {'language': 'ja', 'name': '事前計算', 'short': '事前計算'}], 'aliases': [{'alias': 'lookup table'}, {'alias': 'db'}, {'alias': 'database'}]}, {'key': 'string', 'isMeta': False, 'bojTagId': 158, 'problemCount': 2357, 'displayNames': [{'language': 'ko', 'name': '문자열', 'short': '문자열'}, {'language': 'en', 'name': 'string', 'short': 'string'}, {'language': 'ja', 'name': '文字列', 'short': '文字列'}], 'aliases': [{'alias': '스트링'}]}, {'key': 'parsing', 'isMeta': False, 'bojTagId': 96, 'problemCount': 454, 'displayNames': [{'language': 'ko', 'name': '파싱', 'short': '파싱'}, {'language': 'en', 'name': 'parsing', 'short': 'parsing'}, {'language': 'ja', 'name': 'パージング', 'short': 'パージング'}], 'aliases': []}, {'key': 'exponentiation_by_squaring', 'isMeta': False, 'bojTagId': 39, 'problemCount': 276, 'displayNames': [{'language': 'ko', 'name': '분할 정복을 이용한 거듭제곱', 'short': '분할 정복을 이용한 거듭제곱'}, {'language': 'en', 'name': 'exponentiation by squaring', 'short': 'exponentiation by squaring'}, {'language': 'ja', 'name': '二乗法によるべき乗', 'short': '二乗法によるべき乗'}], 'aliases': [{'alias': '거듭제곱'}, {'alias': '제곱'}, {'alias': 'power'}, {'alias': 'square'}]}, {'key': 'constructive', 'isMeta': False, 'bojTagId': 128, 'problemCount': 986, 'displayNames': [{'language': 'ko', 'name': '해 구성하기', 'short': '해 구성하기'}, {'language': 'en', 'name': 'constructive', 'short': 'constructive'}, {'language': 'ja', 'name': '構成的', 'short': '構成的'}], 'aliases': [{'alias': 'constructive'}, {'alias': '컨스트럭티브'}, {'alias': '구성적'}]}, {'key': 'math', 'isMeta': False, 'bojTagId': 124, 'problemCount': 6275, 'displayNames': [{'language': 'ko', 'name': '수학', 'short': '수학'}, {'language': 'en', 'name': 'mathematics', 'short': 'math'}, {'language': 'ja', 'name': '数学', 'short': '数学'}], 'aliases': []}]",{}
24910,하이퍼하게 누울 하이퍼 자리를 찾아라,"[{'language': 'ko', 'languageDisplayName': 'ko', 'title': '하이퍼하게 누울 하이퍼 자리를 찾아라', 'isOriginal': True}]",True,False,43,16,9,False,False,False,4.1395,True,"[{'key': 'arbitrary_precision', 'isMeta': False, 'bojTagId': 117, 'problemCount': 256, 'displayNames': [{'language': 'ko', 'name': '임의 정밀도 / 큰 수 연산', 'short': '임의 정밀도 / 큰 수 연산'}, {'language': 'en', 'name': 'arbitrary precision / big integers', 'short': 'arbitrary precision / big integers'}, {'language': 'ja', 'name': '高精度または大きな数の演算', 'short': '高精度または大きな数の演算'}], 'aliases': [{'alias': '빅인티저'}, {'alias': '빅데시멀'}, {'alias': 'biginteger'}, {'alias': 'bigdecimal'}]}, {'key': 'data_structures', 'isMeta': False, 'bojTagId': 175, 'problemCount': 3772, 'displayNames': [{'language': 'ko', 'name': '자료 구조', 'short': '자료 구조'}, {'language': 'en', 'name': 'data structures', 'short': 'ds'}, {'language': 'ja', 'name': 'データ構造', 'short': 'ds'}], 'aliases': [{'alias': '자료구조'}, {'alias': '자구'}]}, {'key': 'implementation', 'isMeta': False, 'bojTagId': 102, 'problemCount': 5468, 'displayNames': [{'language': 'ko', 'name': '구현', 'short': '구현'}, {'language': 'en', 'name': 'implementation', 'short': 'impl'}, {'language': 'ja', 'name': '実装', 'short': 'impl'}], 'aliases': []}, {'key': 'math', 'isMeta': False, 'bojTagId': 124, 'problemCount': 6275, 'displayNames': [{'language': 'ko', 'name': '수학', 'short': '수학'}, {'language': 'en', 'name': 'mathematics', 'short': 'math'}, {'language': 'ja', 'name': '数学', 'short': '数学'}], 'aliases': []}]",{}
24911,🅰➕🅱,"[{'language': 'ko', 'languageDisplayName': 'ko', 'title': '🅰➕🅱', 'isOriginal': True}]",True,False,20,0,1,False,False,True,35.65,True,"[{'key': 'dp', 'isMeta': False, 'bojTagId': 25, 'problemCount': 3982, 'displayNames': [{'language': 'ko', 'name': '다이나믹 프로그래밍', 'short': '다이나믹 프로그래밍'}, {'language': 'en', 'name': 'dynamic programming', 'short': 'dp'}, {'language': 'ja', 'name': '動的計画法', 'short': 'dp'}], 'aliases': [{'alias': '동적계획법'}, {'alias': '동적 계획법'}, {'alias': '다이나믹프로그래밍'}]}, {'key': 'implementation', 'isMeta': False, 'bojTagId': 102, 'problemCount': 5468, 'displayNames': [{'language': 'ko', 'name': '구현', 'short': '구현'}, {'language': 'en', 'name': 'implementation', 'short': 'impl'}, {'language': 'ja', 'name': '実装', 'short': 'impl'}], 'aliases': []}, {'key': 'string', 'isMeta': False, 'bojTagId': 158, 'problemCount': 2357, 'displayNames': [{'language': 'ko', 'name': '문자열', 'short': '문자열'}, {'language': 'en', 'name': 'string', 'short': 'string'}, {'language': 'ja', 'name': '文字列', 'short': '文字列'}], 'aliases': [{'alias': '스트링'}]}, {'key': 'utf8', 'isMeta': False, 'bojTagId': 199, 'problemCount': 8, 'displayNames': [{'language': 'ko', 'name': 'utf-8 입력 처리', 'short': 'utf-8'}, {'language': 'en', 'name': 'utf-8 inputs', 'short': 'utf-8'}, {'language': 'ja', 'name': 'utf-8入力の処理', 'short': 'utf-8'}], 'aliases': []}, {'key': 'parsing', 'isMeta': False, 'bojTagId': 96, 'problemCount': 454, 'displayNames': [{'language': 'ko', 'name': '파싱', 'short': '파싱'}, {'language': 'en', 'name': 'parsing', 'short': 'parsing'}, {'language': 'ja', 'name': 'パージング', 'short': 'パージング'}], 'aliases': []}]",{}
24912,카드 색칠,"[{'language': 'ko', 'languageDisplayName': 'ko', 'title': '카드 색칠', 'isOriginal': True}]",True,False,256,6,39,False,False,False,2.3008,True,"[{'key': 'constructive', 'isMeta': False, 'bojTagId': 128, 'problemCount': 986, 'displayNames': [{'language': 'ko', 'name': '해 구성하기', 'short': '해 구성하기'}, {'language': 'en', 'name': 'constructive', 'short': 'constructive'}, {'language': 'ja', 'name': '構成的', 'short': '構成的'}], 'aliases': [{'alias': 'constructive'}, {'alias': '컨스트럭티브'}, {'alias': '구성적'}]}]",{}
24913,개표,"[{'language': 'ko', 'languageDisplayName': 'ko', 'title': '개표', 'isOriginal': True}]",True,False,159,9,31,False,False,False,5.5157,True,"[{'key': 'implementation', 'isMeta': False, 'bojTagId': 102, 'problemCount': 5468, 'displayNames': [{'language': 'ko', 'name': '구현', 'short': '구현'}, {'language': 'en', 'name': 'implementation', 'short': 'impl'}, {'language': 'ja', 'name': '実装', 'short': 'impl'}], 'aliases': []}, {'key': 'math', 'isMeta': False, 'bojTagId': 124, 'problemCount': 6275, 'displayNames': [{'language': 'ko', 'name': '수학', 'short': '수학'}, {'language': 'en', 'name': 'mathematics', 'short': 'math'}, {'language': 'ja', 'name': '数学', 'short': '数学'}], 'aliases': []}]",{}
24914,Split the SSHS,"[{'language': 'ko', 'languageDisplayName': 'ko', 'title': 'Split the SSHS', 'isOriginal': True}]",True,False,70,15,24,False,False,False,1.9857,True,"[{'key': 'data_structures', 'isMeta': False, 'bojTagId': 175, 'problemCount': 3772, 'displayNames': [{'language': 'ko', 'name': '자료 구조', 'short': '자료 구조'}, {'language': 'en', 'name': 'data structures', 'short': 'ds'}, {'language': 'ja', 'name': 'データ構造', 'short': 'ds'}], 'aliases': [{'alias': '자료구조'}, {'alias': '자구'}]}, {'key': 'trees', 'isMeta': False, 'bojTagId': 120, 'problemCount': 1384, 'displayNames': [{'language': 'ko', 'name': '트리', 'short': '트리'}, {'language': 'en', 'name': 'tree', 'short': 'tree'}, {'language': 'ja', 'name': '木', 'short': '木'}], 'aliases': [{'alias': 'trees'}]}, {'key': 'tree_set', 'isMeta': False, 'bojTagId': 74, 'problemCount': 488, 'displayNames': [{'language': 'ko', 'name': '트리를 사용한 집합과 맵', 'short': '트리를 사용한 집합과 맵'}, {'language': 'en', 'name': 'set / map by trees', 'short': 'treeset'}, {'language': 'ja', 'name': '木によるセット・マップ', 'short': 'treeset'}], 'aliases': [{'alias': '집합'}, {'alias': '맵'}, {'alias': '셋'}, {'alias': '딕셔너리'}, {'alias': 'dictionary'}, {'alias': 'map'}, {'alias': 'set'}, {'alias': 'bbst'}, {'alias': '트리'}, {'alias': 'tree'}]}]",{}
24915,센터가 돋보여야 해,"[{'language': 'ko', 'languageDisplayName': 'ko', 'title': '센터가 돋보여야 해', 'isOriginal': True}]",True,False,74,20,30,False,False,False,2.2162,True,"[{'key': 'data_structures', 'isMeta': False, 'bojTagId': 175, 'problemCount': 3772, 'displayNames': [{'language': 'ko', 'name': '자료 구조', 'short': '자료 구조'}, {'language': 'en', 'name': 'data structures', 'short': 'ds'}, {'language': 'ja', 'name': 'データ構造', 'short': 'ds'}], 'aliases': [{'alias': '자료구조'}, {'alias': '자구'}]}, {'key': 'segtree', 'isMeta': False, 'bojTagId': 65, 'problemCount': 1289, 'displayNames': [{'language': 'ko', 'name': '세그먼트 트리', 'short': '세그먼트 트리'}, {'language': 'en', 'name': 'segment tree', 'short': 'segtree'}, {'language': 'ja', 'name': 'セグメント木', 'short': 'セグ木'}], 'aliases': [{'alias': '구간트리'}, {'alias': '세그트리'}, {'alias': 'fenwick'}, {'alias': '펜윅'}]}]",{}
24916,용암 점프,"[{'language': 'ko', 'languageDisplayName': 'ko', 'title': '용암 점프', 'isOriginal': True}]",True,False,45,18,22,False,False,False,3.9111,True,"[{'key': 'ad_hoc', 'isMeta': False, 'bojTagId': 109, 'problemCount': 1448, 'displayNames': [{'language': 'ko', 'name': '애드 혹', 'short': '애드 혹'}, {'language': 'en', 'name': 'ad-hoc', 'short': 'ad-hoc'}, {'language': 'ja', 'name': 'アドホック', 'short': 'アドホック'}], 'aliases': []}, {'key': 'dp', 'isMeta': False, 'bojTagId': 25, 'problemCount': 3982, 'displayNames': [{'language': 'ko', 'name': '다이나믹 프로그래밍', 'short': '다이나믹 프로그래밍'}, {'language': 'en', 'name': 'dynamic programming', 'short': 'dp'}, {'language': 'ja', 'name': '動的計画法', 'short': 'dp'}], 'aliases': [{'alias': '동적계획법'}, {'alias': '동적 계획법'}, {'alias': '다이나믹프로그래밍'}]}, {'key': 'greedy', 'isMeta': False, 'bojTagId': 33, 'problemCount': 2504, 'displayNames': [{'language': 'ko', 'name': '그리디 알고리즘', 'short': '그리디 알고리즘'}, {'language': 'en', 'name': 'greedy', 'short': 'greedy'}, {'language': 'ja', 'name': '貪欲法', 'short': '貪欲法'}], 'aliases': [{'alias': '탐욕법'}]}]",{}
24917,지역 순회,"[{'language': 'ko', 'languageDisplayName': 'ko', 'title': '지역 순회', 'isOriginal': True}]",True,False,6,24,4,False,False,False,4.3333,True,"[{'key': 'binary_search', 'isMeta': False, 'bojTagId': 12, 'problemCount': 1206, 'displayNames': [{'language': 'ko', 'name': '이분 탐색', 'short': '이분 탐색'}, {'language': 'en', 'name': 'binary search', 'short': 'binary search'}, {'language': 'ja', 'name': '二分探索', 'short': '二分探索'}], 'aliases': [{'alias': '이분탐색'}, {'alias': '이진탐색'}]}, {'key': 'data_structures', 'isMeta': False, 'bojTagId': 175, 'problemCount': 3772, 'displayNames': [{'language': 'ko', 'name': '자료 구조', 'short': '자료 구조'}, {'language': 'en', 'name': 'data structures', 'short': 'ds'}, {'language': 'ja', 'name': 'データ構造', 'short': 'ds'}], 'aliases': [{'alias': '자료구조'}, {'alias': '자구'}]}, {'key': 'deque', 'isMeta': False, 'bojTagId': 73, 'problemCount': 120, 'displayNames': [{'language': 'ko', 'name': '덱', 'short': '덱'}, {'language': 'en', 'name': 'deque', 'short': 'deque'}, {'language': 'ja', 'name': '両端キュー', 'short': 'deque'}], 'aliases': []}, {'key': 'dfs', 'isMeta': False, 'bojTagId': 127, 'problemCount': 807, 'displayNames': [{'language': 'ko', 'name': '깊이 우선 탐색', 'short': '깊이 우선 탐색'}, {'language': 'en', 'name': 'depth-first search', 'short': 'dfs'}, {'language': 'ja', 'name': '深さ優先探索', 'short': 'dfs'}], 'aliases': [{'alias': 'depth first'}, {'alias': 'depthfirst'}]}, {'key': 'dp', 'isMeta': False, 'bojTagId': 25, 'problemCount': 3982, 'displayNames': [{'language': 'ko', 'name': '다이나믹 프로그래밍', 'short': '다이나믹 프로그래밍'}, {'language': 'en', 'name': 'dynamic programming', 'short': 'dp'}, {'language': 'ja', 'name': '動的計画法', 'short': 'dp'}], 'aliases': [{'alias': '동적계획법'}, {'alias': '동적 계획법'}, {'alias': '다이나믹프로그래밍'}]}, {'key': 'dp_tree', 'isMeta': False, 'bojTagId': 92, 'problemCount': 409, 'displayNames': [{'language': 'ko', 'name': '트리에서의 다이나믹 프로그래밍', 'short': '트리에서의 다이나믹 프로그래밍'}, {'language': 'en', 'name': 'dynamic programming on trees', 'short': 'tree dp'}, {'language': 'ja', 'name': '木上の動的計画法', 'short': 'tree dp'}], 'aliases': [{'alias': '트리dp'}]}, {'key': 'graphs', 'isMeta': False, 'bojTagId': 7, 'problemCount': 3637, 'displayNames': [{'language': 'ko', 'name': '그래프 이론', 'short': '그래프 이론'}, {'language': 'en', 'name': 'graph theory', 'short': 'graph'}, {'language': 'ja', 'name': 'グラフ理論', 'short': 'グラフ'}], 'aliases': [{'alias': '그래프이론'}, {'alias': '그래프'}]}, {'key': 'graph_traversal', 'isMeta': False, 'bojTagId': 11, 'problemCount': 1983, 'displayNames': [{'language': 'ko', 'name': '그래프 탐색', 'short': '그래프 탐색'}, {'language': 'en', 'name': 'graph traversal', 'short': 'traversal'}, {'language': 'ja', 'name': 'グラフの探索', 'short': '横断'}], 'aliases': [{'alias': 'bfs'}, {'alias': 'dfs'}]}, {'key': 'math', 'isMeta': False, 'bojTagId': 124, 'problemCount': 6275, 'displayNames': [{'language': 'ko', 'name': '수학', 'short': '수학'}, {'language': 'en', 'name': 'mathematics', 'short': 'math'}, {'language': 'ja', 'name': '数学', 'short': '数学'}], 'aliases': []}, {'key': 'parametric_search', 'isMeta': False, 'bojTagId': 170, 'problemCount': 368, 'displayNames': [{'language': 'ko', 'name': '매개 변수 탐색', 'short': '매개 변수 탐색'}, {'language': 'en', 'name': 'parametric search', 'short': 'parametric search'}, {'language': 'ja', 'name': 'parametric search', 'short': 'parametric search'}], 'aliases': [{'alias': '파라메트릭'}]}, {'key': 'smaller_to_larger', 'isMeta': False, 'bojTagId': 169, 'problemCount': 128, 'displayNames': [{'language': 'ko', 'name': '작은 집합에서 큰 집합으로 합치는 테크닉', 'short': '작은 집합에서 큰 집합으로 합치는 테크닉'}, {'language': 'en', 'name': 'smaller to larger technique', 'short': 'smaller to larger'}, {'language': 'ja', 'name': 'smaller to larger technique', 'short': 'smaller to larger'}], 'aliases': [{'alias': 'merge heuristics'}, {'alias': 'sack'}, {'alias': 'small to large'}, {'alias': '작은거'}, {'alias': '큰거'}]}, {'key': 'trees', 'isMeta': False, 'bojTagId': 120, 'problemCount': 1384, 'displayNames': [{'language': 'ko', 'name': '트리', 'short': '트리'}, {'language': 'en', 'name': 'tree', 'short': 'tree'}, {'language': 'ja', 'name': '木', 'short': '木'}], 'aliases': [{'alias': 'trees'}]}, {'key': 'tree_set', 'isMeta': False, 'bojTagId': 74, 'problemCount': 488, 'displayNames': [{'language': 'ko', 'name': '트리를 사용한 집합과 맵', 'short': '트리를 사용한 집합과 맵'}, {'language': 'en', 'name': 'set / map by trees', 'short': 'treeset'}, {'language': 'ja', 'name': '木によるセット・マップ', 'short': 'treeset'}], 'aliases': [{'alias': '집합'}, {'alias': '맵'}, {'alias': '셋'}, {'alias': '딕셔너리'}, {'alias': 'dictionary'}, {'alias': 'map'}, {'alias': 'set'}, {'alias': 'bbst'}, {'alias': '트리'}, {'alias': 'tree'}]}]",{}
24918,균형 발전,"[{'language': 'ko', 'languageDisplayName': 'ko', 'title': '균형 발전', 'isOriginal': True}]",True,False,9,25,7,False,False,False,2.5556,True,"[{'key': 'data_structures', 'isMeta': False, 'bojTagId': 175, 'problemCount': 3772, 'displayNames': [{'language': 'ko', 'name': '자료 구조', 'short': '자료 구조'}, {'language': 'en', 'name': 'data structures', 'short': 'ds'}, {'language': 'ja', 'name': 'データ構造', 'short': 'ds'}], 'aliases': [{'alias': '자료구조'}, {'alias': '자구'}]}, {'key': 'dfs', 'isMeta': False, 'bojTagId': 127, 'problemCount': 807, 'displayNames': [{'language': 'ko', 'name': '깊이 우선 탐색', 'short': '깊이 우선 탐색'}, {'language': 'en', 'name': 'depth-first search', 'short': 'dfs'}, {'language': 'ja', 'name': '深さ優先探索', 'short': 'dfs'}], 'aliases': [{'alias': 'depth first'}, {'alias': 'depthfirst'}]}, {'key': 'divide_and_conquer', 'isMeta': False, 'bojTagId': 24, 'problemCount': 412, 'displayNames': [{'language': 'ko', 'name': '분할 정복', 'short': '분할 정복'}, {'language': 'en', 'name': 'divide and conquer', 'short': 'd&c'}, {'language': 'ja', 'name': '分割統治法', 'short': '分割統治法'}], 'aliases': [{'alias': 'dnc'}]}, {'key': 'graphs', 'isMeta': False, 'bojTagId': 7, 'problemCount': 3637, 'displayNames': [{'language': 'ko', 'name': '그래프 이론', 'short': '그래프 이론'}, {'language': 'en', 'name': 'graph theory', 'short': 'graph'}, {'language': 'ja', 'name': 'グラフ理論', 'short': 'グラフ'}], 'aliases': [{'alias': '그래프이론'}, {'alias': '그래프'}]}, {'key': 'graph_traversal', 'isMeta': False, 'bojTagId': 11, 'problemCount': 1983, 'displayNames': [{'language': 'ko', 'name': '그래프 탐색', 'short': '그래프 탐색'}, {'language': 'en', 'name': 'graph traversal', 'short': 'traversal'}, {'language': 'ja', 'name': 'グラフの探索', 'short': '横断'}], 'aliases': [{'alias': 'bfs'}, {'alias': 'dfs'}]}, {'key': 'segtree', 'isMeta': False, 'bojTagId': 65, 'problemCount': 1289, 'displayNames': [{'language': 'ko', 'name': '세그먼트 트리', 'short': '세그먼트 트리'}, {'language': 'en', 'name': 'segment tree', 'short': 'segtree'}, {'language': 'ja', 'name': 'セグメント木', 'short': 'セグ木'}], 'aliases': [{'alias': '구간트리'}, {'alias': '세그트리'}, {'alias': 'fenwick'}, {'alias': '펜윅'}]}, {'key': 'trees', 'isMeta': False, 'bojTagId': 120, 'problemCount': 1384, 'displayNames': [{'language': 'ko', 'name': '트리', 'short': '트리'}, {'language': 'en', 'name': 'tree', 'short': 'tree'}, {'language': 'ja', 'name': '木', 'short': '木'}], 'aliases': [{'alias': 'trees'}]}]",{}
24919,Inversions Organize,"[{'language': 'en', 'languageDisplayName': 'en', 'title': 'Inversions Organize', 'isOriginal': True}]",True,False,14,8,3,False,False,False,1.4286,True,"[{'key': 'ad_hoc', 'isMeta': False, 'bojTagId': 109, 'problemCount': 1448, 'displayNames': [{'language': 'ko', 'name': '애드 혹', 'short': '애드 혹'}, {'language': 'en', 'name': 'ad-hoc', 'short': 'ad-hoc'}, {'language': 'ja', 'name': 'アドホック', 'short': 'アドホック'}], 'aliases': []}, {'key': 'math', 'isMeta': False, 'bojTagId': 124, 'problemCount': 6275, 'displayNames': [{'language': 'ko', 'name': '수학', 'short': '수학'}, {'language': 'en', 'name': 'mathematics', 'short': 'math'}, {'language': 'ja', 'name': '数学', 'short': '数学'}], 'aliases': []}]",{}
24920,Ingredient Optimization,"[{'language': 'en', 'languageDisplayName': 'en', 'title': 'Ingredient Optimization', 'isOriginal': True}]",True,False,9,12,2,False,False,False,1.4444,True,"[{'key': 'data_structures', 'isMeta': False, 'bojTagId': 175, 'problemCount': 3772, 'displayNames': [{'language': 'ko', 'name': '자료 구조', 'short': '자료 구조'}, {'language': 'en', 'name': 'data structures', 'short': 'ds'}, {'language': 'ja', 'name': 'データ構造', 'short': 'ds'}], 'aliases': [{'alias': '자료구조'}, {'alias': '자구'}]}, {'key': 'implementation', 'isMeta': False, 'bojTagId': 102, 'problemCount': 5468, 'displayNames': [{'language': 'ko', 'name': '구현', 'short': '구현'}, {'language': 'en', 'name': 'implementation', 'short': 'impl'}, {'language': 'ja', 'name': '実装', 'short': 'impl'}], 'aliases': []}, {'key': 'priority_queue', 'isMeta': False, 'bojTagId': 59, 'problemCount': 421, 'displayNames': [{'language': 'ko', 'name': '우선순위 큐', 'short': '우선순위 큐'}, {'language': 'en', 'name': 'priority queue', 'short': 'priority queue'}, {'language': 'ja', 'name': '優先度付きキュー', 'short': '優先度付きキュー'}], 'aliases': [{'alias': 'heap'}, {'alias': '힙'}]}, {'key': 'simulation', 'isMeta': False, 'bojTagId': 141, 'problemCount': 1066, 'displayNames': [{'language': 'ko', 'name': '시뮬레이션', 'short': '시뮬레이션'}, {'language': 'en', 'name': 'simulation', 'short': 'simulation'}, {'language': 'ja', 'name': 'シミュレーション', 'short': 'シミュレーション'}], 'aliases': []}, {'key': 'sorting', 'isMeta': False, 'bojTagId': 97, 'problemCount': 1833, 'displayNames': [{'language': 'ko', 'name': '정렬', 'short': '정렬'}, {'language': 'en', 'name': 'sorting', 'short': 'sorting'}, {'language': 'ja', 'name': 'ソート', 'short': 'ソート'}], 'aliases': []}]",{}
24921,Interesting Outing,"[{'language': 'en', 'languageDisplayName': 'en', 'title': 'Interesting Outing', 'isOriginal': True}]",True,False,14,13,2,False,False,False,1.6429,True,"[{'key': 'dfs', 'isMeta': False, 'bojTagId': 127, 'problemCount': 807, 'displayNames': [{'language': 'ko', 'name': '깊이 우선 탐색', 'short': '깊이 우선 탐색'}, {'language': 'en', 'name': 'depth-first search', 'short': 'dfs'}, {'language': 'ja', 'name': '深さ優先探索', 'short': 'dfs'}], 'aliases': [{'alias': 'depth first'}, {'alias': 'depthfirst'}]}, {'key': 'graphs', 'isMeta': False, 'bojTagId': 7, 'problemCount': 3637, 'displayNames': [{'language': 'ko', 'name': '그래프 이론', 'short': '그래프 이론'}, {'language': 'en', 'name': 'graph theory', 'short': 'graph'}, {'language': 'ja', 'name': 'グラフ理論', 'short': 'グラフ'}], 'aliases': [{'alias': '그래프이론'}, {'alias': '그래프'}]}, {'key': 'graph_traversal', 'isMeta': False, 'bojTagId': 11, 'problemCount': 1983, 'displayNames': [{'language': 'ko', 'name': '그래프 탐색', 'short': '그래프 탐색'}, {'language': 'en', 'name': 'graph traversal', 'short': 'traversal'}, {'language': 'ja', 'name': 'グラフの探索', 'short': '横断'}], 'aliases': [{'alias': 'bfs'}, {'alias': 'dfs'}]}, {'key': 'trees', 'isMeta': False, 'bojTagId': 120, 'problemCount': 1384, 'displayNames': [{'language': 'ko', 'name': '트리', 'short': '트리'}, {'language': 'en', 'name': 'tree', 'short': 'tree'}, {'language': 'ja', 'name': '木', 'short': '木'}], 'aliases': [{'alias': 'trees'}]}]",{}
24922,Inventor Outlasting,"[{'language': 'en', 'languageDisplayName': 'en', 'title': 'Inventor Outlasting', 'isOriginal': True}]",True,False,1,0,0,False,False,False,1.0,True,[],{}
24923,"Canadians, eh?","[{'language': 'en', 'languageDisplayName': 'en', 'title': 'Canadians, eh?', 'isOriginal': True}]",True,False,181,3,25,False,False,False,1.3039,True,"[{'key': 'implementation', 'isMeta': False, 'bojTagId': 102, 'problemCount': 5468, 'displayNames': [{'language': 'ko', 'name': '구현', 'short': '구현'}, {'language': 'en', 'name': 'implementation', 'short': 'impl'}, {'language': 'ja', 'name': '実装', 'short': 'impl'}], 'aliases': []}, {'key': 'string', 'isMeta': False, 'bojTagId': 158, 'problemCount': 2357, 'displayNames': [{'language': 'ko', 'name': '문자열', 'short': '문자열'}, {'language': 'en', 'name': 'string', 'short': 'string'}, {'language': 'ja', 'name': '文字列', 'short': '文字列'}], 'aliases': [{'alias': '스트링'}]}]",{}
24924,Card Divisibility,"[{'language': 'en', 'languageDisplayName': 'en', 'title': 'Card Divisibility', 'isOriginal': True}]",True,False,52,7,12,False,False,False,2.0962,True,"[{'key': 'math', 'isMeta': False, 'bojTagId': 124, 'problemCount': 6275, 'displayNames': [{'language': 'ko', 'name': '수학', 'short': '수학'}, {'language': 'en', 'name': 'mathematics', 'short': 'math'}, {'language': 'ja', 'name': '数学', 'short': '数学'}], 'aliases': []}, {'key': 'number_theory', 'isMeta': False, 'bojTagId': 95, 'problemCount': 1419, 'displayNames': [{'language': 'ko', 'name': '정수론', 'short': '정수론'}, {'language': 'en', 'name': 'number theory', 'short': 'number theory'}, {'language': 'ja', 'name': '整数論', 'short': '整数論'}], 'aliases': []}]",{}
24925,Clumsy Cardinals,"[{'language': 'en', 'languageDisplayName': 'en', 'title': 'Clumsy Cardinals', 'isOriginal': True}]",True,False,7,0,0,False,False,False,1.2857,True,[],{}
24926,Cubic Cycle,"[{'language': 'en', 'languageDisplayName': 'en', 'title': 'Cubic Cycle', 'isOriginal': True}]",True,False,1,0,0,False,False,False,1.0,True,[],{}
24927,Is It Even?,"[{'language': 'en', 'languageDisplayName': 'en', 'title': 'Is It Even?', 'isOriginal': True}]",True,False,125,4,25,False,False,False,2.0,True,"[{'key': 'implementation', 'isMeta': False, 'bojTagId': 102, 'problemCount': 5468, 'displayNames': [{'language': 'ko', 'name': '구현', 'short': '구현'}, {'language': 'en', 'name': 'implementation', 'short': 'impl'}, {'language': 'ja', 'name': '実装', 'short': 'impl'}], 'aliases': []}, {'key': 'math', 'isMeta': False, 'bojTagId': 124, 'problemCount': 6275, 'displayNames': [{'language': 'ko', 'name': '수학', 'short': '수학'}, {'language': 'en', 'name': 'mathematics', 'short': 'math'}, {'language': 'ja', 'name': '数学', 'short': '数学'}], 'aliases': []}]",{}
24928,Magical Runes,"[{'language': 'en', 'languageDisplayName': 'en', 'title': 'Magical Runes', 'isOriginal': True}]",True,False,50,7,11,False,False,False,1.2,True,"[{'key': 'ad_hoc', 'isMeta': False, 'bojTagId': 109, 'problemCount': 1448, 'displayNames': [{'language': 'ko', 'name': '애드 혹', 'short': '애드 혹'}, {'language': 'en', 'name': 'ad-hoc', 'short': 'ad-hoc'}, {'language': 'ja', 'name': 'アドホック', 'short': 'アドホック'}], 'aliases': []}, {'key': 'bitmask', 'isMeta': False, 'bojTagId': 14, 'problemCount': 717, 'displayNames': [{'language': 'ko', 'name': '비트마스킹', 'short': '비트마스킹'}, {'language': 'en', 'name': 'bitmask', 'short': 'bitmask'}, {'language': 'ja', 'name': 'ビット表現', 'short': 'ビット表現'}], 'aliases': [{'alias': '비트필드'}, {'alias': '비트마스크'}]}, {'key': 'math', 'isMeta': False, 'bojTagId': 124, 'problemCount': 6275, 'displayNames': [{'language': 'ko', 'name': '수학', 'short': '수학'}, {'language': 'en', 'name': 'mathematics', 'short': 'math'}, {'language': 'ja', 'name': '数学', 'short': '数学'}], 'aliases': []}, {'key': 'string', 'isMeta': False, 'bojTagId': 158, 'problemCount': 2357, 'displayNames': [{'language': 'ko', 'name': '문자열', 'short': '문자열'}, {'language': 'en', 'name': 'string', 'short': 'string'}, {'language': 'ja', 'name': '文字列', 'short': '文字列'}], 'aliases': [{'alias': '스트링'}]}]",{}
24929,Number Colosseum,"[{'language': 'en', 'languageDisplayName': 'en', 'title': 'Number Colosseum', 'isOriginal': True}]",True,False,18,8,3,False,False,False,1.7222,True,"[{'key': 'data_structures', 'isMeta': False, 'bojTagId': 175, 'problemCount': 3772, 'displayNames': [{'language': 'ko', 'name': '자료 구조', 'short': '자료 구조'}, {'language': 'en', 'name': 'data structures', 'short': 'ds'}, {'language': 'ja', 'name': 'データ構造', 'short': 'ds'}], 'aliases': [{'alias': '자료구조'}, {'alias': '자구'}]}, {'key': 'implementation', 'isMeta': False, 'bojTagId': 102, 'problemCount': 5468, 'displayNames': [{'language': 'ko', 'name': '구현', 'short': '구현'}, {'language': 'en', 'name': 'implementation', 'short': 'impl'}, {'language': 'ja', 'name': '実装', 'short': 'impl'}], 'aliases': []}, {'key': 'simulation', 'isMeta': False, 'bojTagId': 141, 'problemCount': 1066, 'displayNames': [{'language': 'ko', 'name': '시뮬레이션', 'short': '시뮬레이션'}, {'language': 'en', 'name': 'simulation', 'short': 'simulation'}, {'language': 'ja', 'name': 'シミュレーション', 'short': 'シミュレーション'}], 'aliases': []}, {'key': 'stack', 'isMeta': False, 'bojTagId': 71, 'problemCount': 372, 'displayNames': [{'language': 'ko', 'name': '스택', 'short': '스택'}, {'language': 'en', 'name': 'stack', 'short': 'stack'}, {'language': 'ja', 'name': 'スタック', 'short': 'スタック'}], 'aliases': []}]",{}
24930,Ordinary Ordinals,"[{'language': 'en', 'languageDisplayName': 'en', 'title': 'Ordinary Ordinals', 'isOriginal': True}]",True,False,28,11,4,False,False,False,1.9643,True,"[{'key': 'combinatorics', 'isMeta': False, 'bojTagId': 6, 'problemCount': 895, 'displayNames': [{'language': 'ko', 'name': '조합론', 'short': '조합론'}, {'language': 'en', 'name': 'combinatorics', 'short': 'combinatorics'}, {'language': 'ja', 'name': '組み合わせ', 'short': '組み合わせ'}], 'aliases': [{'alias': 'combination'}, {'alias': 'permutation'}, {'alias': 'probability'}, {'alias': '확률'}, {'alias': '순열'}]}, {'key': 'exponentiation_by_squaring', 'isMeta': False, 'bojTagId': 39, 'problemCount': 276, 'displayNames': [{'language': 'ko', 'name': '분할 정복을 이용한 거듭제곱', 'short': '분할 정복을 이용한 거듭제곱'}, {'language': 'en', 'name': 'exponentiation by squaring', 'short': 'exponentiation by squaring'}, {'language': 'ja', 'name': '二乗法によるべき乗', 'short': '二乗法によるべき乗'}], 'aliases': [{'alias': '거듭제곱'}, {'alias': '제곱'}, {'alias': 'power'}, {'alias': 'square'}]}, {'key': 'math', 'isMeta': False, 'bojTagId': 124, 'problemCount': 6275, 'displayNames': [{'language': 'ko', 'name': '수학', 'short': '수학'}, {'language': 'en', 'name': 'mathematics', 'short': 'math'}, {'language': 'ja', 'name': '数学', 'short': '数学'}], 'aliases': []}]",{}
24931,Patchwork,"[{'language': 'en', 'languageDisplayName': 'en', 'title': 'Patchwork', 'isOriginal': True}]",True,False,19,6,2,False,False,False,1.1579,True,"[{'key': 'implementation', 'isMeta': False, 'bojTagId': 102, 'problemCount': 5468, 'displayNames': [{'language': 'ko', 'name': '구현', 'short': '구현'}, {'language': 'en', 'name': 'implementation', 'short': 'impl'}, {'language': 'ja', 'name': '実装', 'short': 'impl'}], 'aliases': []}, {'key': 'string', 'isMeta': False, 'bojTagId': 158, 'problemCount': 2357, 'displayNames': [{'language': 'ko', 'name': '문자열', 'short': '문자열'}, {'language': 'en', 'name': 'string', 'short': 'string'}, {'language': 'ja', 'name': '文字列', 'short': '文字列'}], 'aliases': [{'alias': '스트링'}]}]",{}
24932,Problematic Polygons,"[{'language': 'en', 'languageDisplayName': 'en', 'title': 'Problematic Polygons', 'isOriginal': True}]",True,False,2,18,1,False,False,False,1.0,True,"[{'key': 'geometry', 'isMeta': False, 'bojTagId': 100, 'problemCount': 1482, 'displayNames': [{'language': 'ko', 'name': '기하학', 'short': '기하학'}, {'language': 'en', 'name': 'geometry', 'short': 'geom'}, {'language': 'ja', 'name': '幾何学', 'short': '幾何'}], 'aliases': []}, {'key': 'line_intersection', 'isMeta': False, 'bojTagId': 42, 'problemCount': 117, 'displayNames': [{'language': 'ko', 'name': '선분 교차 판정', 'short': '선분 교차 판정'}, {'language': 'en', 'name': 'line segment intersection check', 'short': 'line segment intersection check'}, {'language': 'ja', 'name': '直線の交点', 'short': '直線の交点'}], 'aliases': []}, {'key': 'point_in_non_convex_polygon', 'isMeta': False, 'bojTagId': 57, 'problemCount': 19, 'displayNames': [{'language': 'ko', 'name': '오목 다각형 내부의 점 판정', 'short': '오목 다각형 내부의 점 판정'}, {'language': 'en', 'name': 'point in non-convex polygon check', 'short': 'point in non-convex polygon check'}, {'language': 'ja', 'name': '非凸多角形の点包含判定', 'short': '非凸多角形の点包含判定'}], 'aliases': []}]",{}
24933,Quadratic Dissonance,"[{'language': 'en', 'languageDisplayName': 'en', 'title': 'Quadratic Dissonance', 'isOriginal': True}]",True,False,23,8,3,False,False,False,1.3043,True,"[{'key': 'case_work', 'isMeta': False, 'bojTagId': 137, 'problemCount': 856, 'displayNames': [{'language': 'ko', 'name': '많은 조건 분기', 'short': '많은 조건 분기'}, {'language': 'en', 'name': 'case work', 'short': 'case work'}, {'language': 'ja', 'name': 'ケースワーク', 'short': 'ケースワーク'}], 'aliases': [{'alias': '케이스'}, {'alias': '케이스워크'}, {'alias': '케이스 워크'}]}, {'key': 'math', 'isMeta': False, 'bojTagId': 124, 'problemCount': 6275, 'displayNames': [{'language': 'ko', 'name': '수학', 'short': '수학'}, {'language': 'en', 'name': 'mathematics', 'short': 'math'}, {'language': 'ja', 'name': '数学', 'short': '数学'}], 'aliases': []}, {'key': 'ternary_search', 'isMeta': False, 'bojTagId': 101, 'problemCount': 93, 'displayNames': [{'language': 'ko', 'name': '삼분 탐색', 'short': '삼분 탐색'}, {'language': 'en', 'name': 'ternary search', 'short': 'ternary search'}, {'language': 'ja', 'name': '三分探索', 'short': '三分探索'}], 'aliases': []}]",{}
24934,Similar Spacing,"[{'language': 'en', 'languageDisplayName': 'en', 'title': 'Similar Spacing', 'isOriginal': True}]",True,False,1,0,0,False,False,False,1.0,True,[],{}
24935,Travelling Caterpillar,"[{'language': 'en', 'languageDisplayName': 'en', 'title': 'Travelling Caterpillar', 'isOriginal': True}]",True,False,21,11,3,False,False,False,1.6667,True,"[{'key': 'dfs', 'isMeta': False, 'bojTagId': 127, 'problemCount': 807, 'displayNames': [{'language': 'ko', 'name': '깊이 우선 탐색', 'short': '깊이 우선 탐색'}, {'language': 'en', 'name': 'depth-first search', 'short': 'dfs'}, {'language': 'ja', 'name': '深さ優先探索', 'short': 'dfs'}], 'aliases': [{'alias': 'depth first'}, {'alias': 'depthfirst'}]}, {'key': 'graphs', 'isMeta': False, 'bojTagId': 7, 'problemCount': 3637, 'displayNames': [{'language': 'ko', 'name': '그래프 이론', 'short': '그래프 이론'}, {'language': 'en', 'name': 'graph theory', 'short': 'graph'}, {'language': 'ja', 'name': 'グラフ理論', 'short': 'グラフ'}], 'aliases': [{'alias': '그래프이론'}, {'alias': '그래프'}]}, {'key': 'graph_traversal', 'isMeta': False, 'bojTagId': 11, 'problemCount': 1983, 'displayNames': [{'language': 'ko', 'name': '그래프 탐색', 'short': '그래프 탐색'}, {'language': 'en', 'name': 'graph traversal', 'short': 'traversal'}, {'language': 'ja', 'name': 'グラフの探索', 'short': '横断'}], 'aliases': [{'alias': 'bfs'}, {'alias': 'dfs'}]}, {'key': 'trees', 'isMeta': False, 'bojTagId': 120, 'problemCount': 1384, 'displayNames': [{'language': 'ko', 'name': '트리', 'short': '트리'}, {'language': 'en', 'name': 'tree', 'short': 'tree'}, {'language': 'ja', 'name': '木', 'short': '木'}], 'aliases': [{'alias': 'trees'}]}]",{}
24936,Trip Odometer,"[{'language': 'en', 'languageDisplayName': 'en', 'title': 'Trip Odometer', 'isOriginal': True}]",True,False,56,6,11,False,False,False,1.125,True,"[{'key': 'arithmetic', 'isMeta': False, 'bojTagId': 121, 'problemCount': 1097, 'displayNames': [{'language': 'ko', 'name': '사칙연산', 'short': '사칙연산'}, {'language': 'en', 'name': 'arithmetic', 'short': 'arithmetic'}, {'language': 'ja', 'name': '算数', 'short': '算数'}], 'aliases': [{'alias': '덧셈'}, {'alias': '뺄셈'}, {'alias': '곱셈'}, {'alias': '나눗셈'}, {'alias': '더하기'}, {'alias': '빼기'}, {'alias': '곱하기'}, {'alias': '나누기'}]}, {'key': 'data_structures', 'isMeta': False, 'bojTagId': 175, 'problemCount': 3772, 'displayNames': [{'language': 'ko', 'name': '자료 구조', 'short': '자료 구조'}, {'language': 'en', 'name': 'data structures', 'short': 'ds'}, {'language': 'ja', 'name': 'データ構造', 'short': 'ds'}], 'aliases': [{'alias': '자료구조'}, {'alias': '자구'}]}, {'key': 'hash_set', 'isMeta': False, 'bojTagId': 136, 'problemCount': 626, 'displayNames': [{'language': 'ko', 'name': '해시를 사용한 집합과 맵', 'short': '해시를 사용한 집합과 맵'}, {'language': 'en', 'name': 'set / map by hashing', 'short': 'hashset'}, {'language': 'ja', 'name': 'ハッシュ化によるセット・マップ', 'short': 'hashset'}], 'aliases': [{'alias': '집합'}, {'alias': '맵'}, {'alias': '셋'}, {'alias': '딕셔너리'}, {'alias': 'dictionary'}, {'alias': 'map'}, {'alias': 'set'}, {'alias': '해싱'}, {'alias': 'hashing'}, {'alias': 'dict'}]}, {'key': 'implementation', 'isMeta': False, 'bojTagId': 102, 'problemCount': 5468, 'displayNames': [{'language': 'ko', 'name': '구현', 'short': '구현'}, {'language': 'en', 'name': 'implementation', 'short': 'impl'}, {'language': 'ja', 'name': '実装', 'short': 'impl'}], 'aliases': []}, {'key': 'math', 'isMeta': False, 'bojTagId': 124, 'problemCount': 6275, 'displayNames': [{'language': 'ko', 'name': '수학', 'short': '수학'}, {'language': 'en', 'name': 'mathematics', 'short': 'math'}, {'language': 'ja', 'name': '数学', 'short': '数学'}], 'aliases': []}, {'key': 'sorting', 'isMeta': False, 'bojTagId': 97, 'problemCount': 1833, 'displayNames': [{'language': 'ko', 'name': '정렬', 'short': '정렬'}, {'language': 'en', 'name': 'sorting', 'short': 'sorting'}, {'language': 'ja', 'name': 'ソート', 'short': 'ソート'}], 'aliases': []}]",{}
24937,SciComLove (2022),"[{'language': 'ko', 'languageDisplayName': 'ko', 'title': 'SciComLove (2022)', 'isOriginal': True}]",True,False,373,4,40,False,False,False,1.5496,True,"[{'key': 'string', 'isMeta': False, 'bojTagId': 158, 'problemCount': 2357, 'displayNames': [{'language': 'ko', 'name': '문자열', 'short': '문자열'}, {'language': 'en', 'name': 'string', 'short': 'string'}, {'language': 'ja', 'name': '文字列', 'short': '文字列'}], 'aliases': [{'alias': '스트링'}]}]",{}
24938,키트 분배하기,"[{'language': 'ko', 'languageDisplayName': 'ko', 'title': '키트 분배하기', 'isOriginal': True}]",True,False,165,9,31,False,False,False,2.3091,True,"[{'key': 'greedy', 'isMeta': False, 'bojTagId': 33, 'problemCount': 2504, 'displayNames': [{'language': 'ko', 'name': '그리디 알고리즘', 'short': '그리디 알고리즘'}, {'language': 'en', 'name': 'greedy', 'short': 'greedy'}, {'language': 'ja', 'name': '貪欲法', 'short': '貪欲法'}], 'aliases': [{'alias': '탐욕법'}]}]",{}
24939,Boardle,"[{'language': 'ko', 'languageDisplayName': 'ko', 'title': 'Boardle', 'isOriginal': True}]",True,False,42,8,11,False,False,False,1.6429,True,"[{'key': 'case_work', 'isMeta': False, 'bojTagId': 137, 'problemCount': 856, 'displayNames': [{'language': 'ko', 'name': '많은 조건 분기', 'short': '많은 조건 분기'}, {'language': 'en', 'name': 'case work', 'short': 'case work'}, {'language': 'ja', 'name': 'ケースワーク', 'short': 'ケースワーク'}], 'aliases': [{'alias': '케이스'}, {'alias': '케이스워크'}, {'alias': '케이스 워크'}]}, {'key': 'geometry', 'isMeta': False, 'bojTagId': 100, 'problemCount': 1482, 'displayNames': [{'language': 'ko', 'name': '기하학', 'short': '기하학'}, {'language': 'en', 'name': 'geometry', 'short': 'geom'}, {'language': 'ja', 'name': '幾何学', 'short': '幾何'}], 'aliases': []}, {'key': 'implementation', 'isMeta': False, 'bojTagId': 102, 'problemCount': 5468, 'displayNames': [{'language': 'ko', 'name': '구현', 'short': '구현'}, {'language': 'en', 'name': 'implementation', 'short': 'impl'}, {'language': 'ja', 'name': '実装', 'short': 'impl'}], 'aliases': []}, {'key': 'math', 'isMeta': False, 'bojTagId': 124, 'problemCount': 6275, 'displayNames': [{'language': 'ko', 'name': '수학', 'short': '수학'}, {'language': 'en', 'name': 'mathematics', 'short': 'math'}, {'language': 'ja', 'name': '数学', 'short': '数学'}], 'aliases': []}]",{}
24940,Split the GSHS,"[{'language': 'ko', 'languageDisplayName': 'ko', 'title': 'Split the GSHS', 'isOriginal': True}]",True,False,55,13,20,False,False,False,1.5455,True,"[{'key': 'dp', 'isMeta': False, 'bojTagId': 25, 'problemCount': 3982, 'displayNames': [{'language': 'ko', 'name': '다이나믹 프로그래밍', 'short': '다이나믹 프로그래밍'}, {'language': 'en', 'name': 'dynamic programming', 'short': 'dp'}, {'language': 'ja', 'name': '動的計画法', 'short': 'dp'}], 'aliases': [{'alias': '동적계획법'}, {'alias': '동적 계획법'}, {'alias': '다이나믹프로그래밍'}]}, {'key': 'prefix_sum', 'isMeta': False, 'bojTagId': 139, 'problemCount': 953, 'displayNames': [{'language': 'ko', 'name': '누적 합', 'short': '누적 합'}, {'language': 'en', 'name': 'prefix sum', 'short': 'prefix sum'}, {'language': 'ja', 'name': '累積和', 'short': '累積和'}], 'aliases': [{'alias': '구간합'}, {'alias': '부분합'}, {'alias': 'rangesum'}]}]",{}
24941,줄넘기,"[{'language': 'ko', 'languageDisplayName': 'ko', 'title': '줄넘기', 'isOriginal': True}]",True,False,53,18,19,False,False,False,3.0377,True,"[{'key': 'coordinate_compression', 'isMeta': False, 'bojTagId': 161, 'problemCount': 226, 'displayNames': [{'language': 'ko', 'name': '값 / 좌표 압축', 'short': '값 / 좌표 압축'}, {'language': 'en', 'name': 'value / coordinate compression', 'short': 'compression'}, {'language': 'ja', 'name': 'value / coordinate compression', 'short': 'compression'}], 'aliases': [{'alias': 'zip'}]}, {'key': 'data_structures', 'isMeta': False, 'bojTagId': 175, 'problemCount': 3772, 'displayNames': [{'language': 'ko', 'name': '자료 구조', 'short': '자료 구조'}, {'language': 'en', 'name': 'data structures', 'short': 'ds'}, {'language': 'ja', 'name': 'データ構造', 'short': 'ds'}], 'aliases': [{'alias': '자료구조'}, {'alias': '자구'}]}, {'key': 'offline_queries', 'isMeta': False, 'bojTagId': 123, 'problemCount': 253, 'displayNames': [{'language': 'ko', 'name': '오프라인 쿼리', 'short': '오프라인 쿼리'}, {'language': 'en', 'name': 'offline queries', 'short': 'offline query'}, {'language': 'ja', 'name': 'offline queries', 'short': 'offline query'}], 'aliases': [{'alias': 'offlinequery'}]}, {'key': 'segtree', 'isMeta': False, 'bojTagId': 65, 'problemCount': 1289, 'displayNames': [{'language': 'ko', 'name': '세그먼트 트리', 'short': '세그먼트 트리'}, {'language': 'en', 'name': 'segment tree', 'short': 'segtree'}, {'language': 'ja', 'name': 'セグメント木', 'short': 'セグ木'}], 'aliases': [{'alias': '구간트리'}, {'alias': '세그트리'}, {'alias': 'fenwick'}, {'alias': '펜윅'}]}, {'key': 'sweeping', 'isMeta': False, 'bojTagId': 106, 'problemCount': 469, 'displayNames': [{'language': 'ko', 'name': '스위핑', 'short': '스위핑'}, {'language': 'en', 'name': 'sweeping', 'short': 'sweeping'}, {'language': 'ja', 'name': '平面走査', 'short': '平面走査'}], 'aliases': [{'alias': '라인 스위핑'}]}]",{}
24942,Jail,"[{'language': 'en', 'languageDisplayName': 'en', 'title': 'Jail', 'isOriginal': True}]",True,False,18,23,9,False,False,False,4.3889,True,"[{'key': 'data_structures', 'isMeta': False, 'bojTagId': 175, 'problemCount': 3772, 'displayNames': [{'language': 'ko', 'name': '자료 구조', 'short': '자료 구조'}, {'language': 'en', 'name': 'data structures', 'short': 'ds'}, {'language': 'ja', 'name': 'データ構造', 'short': 'ds'}], 'aliases': [{'alias': '자료구조'}, {'alias': '자구'}]}, {'key': 'graphs', 'isMeta': False, 'bojTagId': 7, 'problemCount': 3637, 'displayNames': [{'language': 'ko', 'name': '그래프 이론', 'short': '그래프 이론'}, {'language': 'en', 'name': 'graph theory', 'short': 'graph'}, {'language': 'ja', 'name': 'グラフ理論', 'short': 'グラフ'}], 'aliases': [{'alias': '그래프이론'}, {'alias': '그래프'}]}, {'key': 'sparse_table', 'isMeta': False, 'bojTagId': 84, 'problemCount': 138, 'displayNames': [{'language': 'ko', 'name': '희소 배열', 'short': '희소 배열'}, {'language': 'en', 'name': 'sparse table', 'short': 'sparse table'}, {'language': 'ja', 'name': 'sparse table', 'short': 'sparse table'}], 'aliases': [{'alias': '스파스어레이'}, {'alias': 'sparse table'}]}, {'key': 'topological_sorting', 'isMeta': False, 'bojTagId': 78, 'problemCount': 174, 'displayNames': [{'language': 'ko', 'name': '위상 정렬', 'short': '위상 정렬'}, {'language': 'en', 'name': 'topological sorting', 'short': 'topological sorting'}, {'language': 'ja', 'name': 'トポロジカルソート', 'short': 'トポロジカルソート'}], 'aliases': []}, {'key': 'trees', 'isMeta': False, 'bojTagId': 120, 'problemCount': 1384, 'displayNames': [{'language': 'ko', 'name': '트리', 'short': '트리'}, {'language': 'en', 'name': 'tree', 'short': 'tree'}, {'language': 'ja', 'name': '木', 'short': '木'}], 'aliases': [{'alias': 'trees'}]}, {'key': 'dag', 'isMeta': False, 'bojTagId': 213, 'problemCount': 187, 'displayNames': [{'language': 'ko', 'name': '방향 비순환 그래프', 'short': 'dag'}, {'language': 'en', 'name': 'directed acyclic graph', 'short': 'dag'}, {'language': 'ja', 'name': '有向非巡回グラフ', 'short': '有向非巡回グラフ'}], 'aliases': []}]",{}
24943,Sightseeing in Kyoto,"[{'language': 'en', 'languageDisplayName': 'en', 'title': 'Sightseeing in Kyoto', 'isOriginal': True}]",True,False,30,26,12,False,False,False,1.1667,True,"[{'key': 'convex_hull', 'isMeta': False, 'bojTagId': 20, 'problemCount': 178, 'displayNames': [{'language': 'ko', 'name': '볼록 껍질', 'short': '볼록 껍질'}, {'language': 'en', 'name': 'convex hull', 'short': 'convex hull'}, {'language': 'ja', 'name': '凸包', 'short': '凸包'}], 'aliases': [{'alias': '컨벡스헐'}]}, {'key': 'geometry', 'isMeta': False, 'bojTagId': 100, 'problemCount': 1482, 'displayNames': [{'language': 'ko', 'name': '기하학', 'short': '기하학'}, {'language': 'en', 'name': 'geometry', 'short': 'geom'}, {'language': 'ja', 'name': '幾何学', 'short': '幾何'}], 'aliases': []}, {'key': 'greedy', 'isMeta': False, 'bojTagId': 33, 'problemCount': 2504, 'displayNames': [{'language': 'ko', 'name': '그리디 알고리즘', 'short': '그리디 알고리즘'}, {'language': 'en', 'name': 'greedy', 'short': 'greedy'}, {'language': 'ja', 'name': '貪欲法', 'short': '貪欲法'}], 'aliases': [{'alias': '탐욕법'}]}]",{'warn': []}
24944,Misspelling,"[{'language': 'en', 'languageDisplayName': 'en', 'title': 'Misspelling', 'isOriginal': True}]",True,False,19,22,8,False,False,False,2.1053,True,"[{'key': 'data_structures', 'isMeta': False, 'bojTagId': 175, 'problemCount': 3772, 'displayNames': [{'language': 'ko', 'name': '자료 구조', 'short': '자료 구조'}, {'language': 'en', 'name': 'data structures', 'short': 'ds'}, {'language': 'ja', 'name': 'データ構造', 'short': 'ds'}], 'aliases': [{'alias': '자료구조'}, {'alias': '자구'}]}, {'key': 'dp', 'isMeta': False, 'bojTagId': 25, 'problemCount': 3982, 'displayNames': [{'language': 'ko', 'name': '다이나믹 프로그래밍', 'short': '다이나믹 프로그래밍'}, {'language': 'en', 'name': 'dynamic programming', 'short': 'dp'}, {'language': 'ja', 'name': '動的計画法', 'short': 'dp'}], 'aliases': [{'alias': '동적계획법'}, {'alias': '동적 계획법'}, {'alias': '다이나믹프로그래밍'}]}, {'key': 'prefix_sum', 'isMeta': False, 'bojTagId': 139, 'problemCount': 953, 'displayNames': [{'language': 'ko', 'name': '누적 합', 'short': '누적 합'}, {'language': 'en', 'name': 'prefix sum', 'short': 'prefix sum'}, {'language': 'ja', 'name': '累積和', 'short': '累積和'}], 'aliases': [{'alias': '구간합'}, {'alias': '부분합'}, {'alias': 'rangesum'}]}, {'key': 'priority_queue', 'isMeta': False, 'bojTagId': 59, 'problemCount': 421, 'displayNames': [{'language': 'ko', 'name': '우선순위 큐', 'short': '우선순위 큐'}, {'language': 'en', 'name': 'priority queue', 'short': 'priority queue'}, {'language': 'ja', 'name': '優先度付きキュー', 'short': '優先度付きキュー'}], 'aliases': [{'alias': 'heap'}, {'alias': '힙'}]}, {'key': 'segtree', 'isMeta': False, 'bojTagId': 65, 'problemCount': 1289, 'displayNames': [{'language': 'ko', 'name': '세그먼트 트리', 'short': '세그먼트 트리'}, {'language': 'en', 'name': 'segment tree', 'short': 'segtree'}, {'language': 'ja', 'name': 'セグメント木', 'short': 'セグ木'}], 'aliases': [{'alias': '구간트리'}, {'alias': '세그트리'}, {'alias': 'fenwick'}, {'alias': '펜윅'}]}]",{}
24945,Copy and Paste 3,"[{'language': 'en', 'languageDisplayName': 'en', 'title': 'Copy and Paste 3', 'isOriginal': True}]",True,False,25,22,11,False,False,False,2.96,True,"[{'key': 'dp', 'isMeta': False, 'bojTagId': 25, 'problemCount': 3982, 'displayNames': [{'language': 'ko', 'name': '다이나믹 프로그래밍', 'short': '다이나믹 프로그래밍'}, {'language': 'en', 'name': 'dynamic programming', 'short': 'dp'}, {'language': 'ja', 'name': '動的計画法', 'short': 'dp'}], 'aliases': [{'alias': '동적계획법'}, {'alias': '동적 계획법'}, {'alias': '다이나믹프로그래밍'}]}, {'key': 'hashing', 'isMeta': False, 'bojTagId': 8, 'problemCount': 166, 'displayNames': [{'language': 'ko', 'name': '해싱', 'short': '해싱'}, {'language': 'en', 'name': 'hashing', 'short': 'hash'}, {'language': 'ja', 'name': 'ハッシュ化', 'short': 'ハッシュ'}], 'aliases': []}, {'key': 'string', 'isMeta': False, 'bojTagId': 158, 'problemCount': 2357, 'displayNames': [{'language': 'ko', 'name': '문자열', 'short': '문자열'}, {'language': 'en', 'name': 'string', 'short': 'string'}, {'language': 'ja', 'name': '文字列', 'short': '文字列'}], 'aliases': [{'alias': '스트링'}]}]",{}
24946,Flights,"[{'language': 'en', 'languageDisplayName': 'en', 'title': 'Flights', 'isOriginal': True}]",True,False,1,0,0,False,False,False,33.0,True,[],{}
24947,Team Contest,"[{'language': 'en', 'languageDisplayName': 'en', 'title': 'Team Contest', 'isOriginal': True}]",True,False,36,19,16,False,False,False,2.25,True,"[{'key': 'ad_hoc', 'isMeta': False, 'bojTagId': 109, 'problemCount': 1448, 'displayNames': [{'language': 'ko', 'name': '애드 혹', 'short': '애드 혹'}, {'language': 'en', 'name': 'ad-hoc', 'short': 'ad-hoc'}, {'language': 'ja', 'name': 'アドホック', 'short': 'アドホック'}], 'aliases': []}, {'key': 'greedy', 'isMeta': False, 'bojTagId': 33, 'problemCount': 2504, 'displayNames': [{'language': 'ko', 'name': '그리디 알고리즘', 'short': '그리디 알고리즘'}, {'language': 'en', 'name': 'greedy', 'short': 'greedy'}, {'language': 'ja', 'name': '貪欲法', 'short': '貪欲法'}], 'aliases': [{'alias': '탐욕법'}]}, {'key': 'sorting', 'isMeta': False, 'bojTagId': 97, 'problemCount': 1833, 'displayNames': [{'language': 'ko', 'name': '정렬', 'short': '정렬'}, {'language': 'en', 'name': 'sorting', 'short': 'sorting'}, {'language': 'ja', 'name': 'ソート', 'short': 'ソート'}], 'aliases': []}]",{}
24948,Broken Device 2,"[{'language': 'en', 'languageDisplayName': 'en', 'title': 'Broken Device 2', 'isOriginal': True}]",True,False,9,29,5,False,False,False,13.5556,True,"[{'key': 'ad_hoc', 'isMeta': False, 'bojTagId': 109, 'problemCount': 1448, 'displayNames': [{'language': 'ko', 'name': '애드 혹', 'short': '애드 혹'}, {'language': 'en', 'name': 'ad-hoc', 'short': 'ad-hoc'}, {'language': 'ja', 'name': 'アドホック', 'short': 'アドホック'}], 'aliases': []}, {'key': 'dp', 'isMeta': False, 'bojTagId': 25, 'problemCount': 3982, 'displayNames': [{'language': 'ko', 'name': '다이나믹 프로그래밍', 'short': '다이나믹 프로그래밍'}, {'language': 'en', 'name': 'dynamic programming', 'short': 'dp'}, {'language': 'ja', 'name': '動的計画法', 'short': 'dp'}], 'aliases': [{'alias': '동적계획법'}, {'alias': '동적 계획법'}, {'alias': '다이나믹프로그래밍'}]}]",{}
24949,Sprinkler,"[{'language': 'en', 'languageDisplayName': 'en', 'title': 'Sprinkler', 'isOriginal': True}]",True,False,22,22,8,False,False,False,2.7273,True,"[{'key': 'dp', 'isMeta': False, 'bojTagId': 25, 'problemCount': 3982, 'displayNames': [{'language': 'ko', 'name': '다이나믹 프로그래밍', 'short': '다이나믹 프로그래밍'}, {'language': 'en', 'name': 'dynamic programming', 'short': 'dp'}, {'language': 'ja', 'name': '動的計画法', 'short': 'dp'}], 'aliases': [{'alias': '동적계획법'}, {'alias': '동적 계획법'}, {'alias': '다이나믹프로그래밍'}]}, {'key': 'trees', 'isMeta': False, 'bojTagId': 120, 'problemCount': 1384, 'displayNames': [{'language': 'ko', 'name': '트리', 'short': '트리'}, {'language': 'en', 'name': 'tree', 'short': 'tree'}, {'language': 'ja', 'name': '木', 'short': '木'}], 'aliases': [{'alias': 'trees'}]}]",{}
24950,Ants and Sugar,"[{'language': 'en', 'languageDisplayName': 'en', 'title': 'Ants and Sugar', 'isOriginal': True}]",True,False,6,27,4,False,False,False,2.8333,True,"[{'key': 'coordinate_compression', 'isMeta': False, 'bojTagId': 161, 'problemCount': 226, 'displayNames': [{'language': 'ko', 'name': '값 / 좌표 압축', 'short': '값 / 좌표 압축'}, {'language': 'en', 'name': 'value / coordinate compression', 'short': 'compression'}, {'language': 'ja', 'name': 'value / coordinate compression', 'short': 'compression'}], 'aliases': [{'alias': 'zip'}]}, {'key': 'data_structures', 'isMeta': False, 'bojTagId': 175, 'problemCount': 3772, 'displayNames': [{'language': 'ko', 'name': '자료 구조', 'short': '자료 구조'}, {'language': 'en', 'name': 'data structures', 'short': 'ds'}, {'language': 'ja', 'name': 'データ構造', 'short': 'ds'}], 'aliases': [{'alias': '자료구조'}, {'alias': '자구'}]}, {'key': 'hall', 'isMeta': False, 'bojTagId': 34, 'problemCount': 20, 'displayNames': [{'language': 'ko', 'name': '홀의 결혼 정리', 'short': '홀의 결혼 정리'}, {'language': 'en', 'name': ""hall's theorem"", 'short': ""hall's thm""}, {'language': 'ja', 'name': 'ホールの定理', 'short': 'ホールの定理'}], 'aliases': []}, {'key': 'lazyprop', 'isMeta': False, 'bojTagId': 66, 'problemCount': 300, 'displayNames': [{'language': 'ko', 'name': '느리게 갱신되는 세그먼트 트리', 'short': '느리게 갱신되는 세그먼트 트리'}, {'language': 'en', 'name': 'segment tree with lazy propagation', 'short': 'lazyprop'}, {'language': 'ja', 'name': '遅延評価セグメント木', 'short': '遅延評価セグ木'}], 'aliases': [{'alias': '레이지'}, {'alias': '레이지프로퍼게이션'}, {'alias': '레이지프로파게이션'}, {'alias': '구간트리'}, {'alias': 'fenwick'}, {'alias': '펜윅'}]}, {'key': 'segtree', 'isMeta': False, 'bojTagId': 65, 'problemCount': 1289, 'displayNames': [{'language': 'ko', 'name': '세그먼트 트리', 'short': '세그먼트 트리'}, {'language': 'en', 'name': 'segment tree', 'short': 'segtree'}, {'language': 'ja', 'name': 'セグメント木', 'short': 'セグ木'}], 'aliases': [{'alias': '구간트리'}, {'alias': '세그트리'}, {'alias': 'fenwick'}, {'alias': '펜윅'}]}]",{}
24951,Super Dango Maker,"[{'language': 'en', 'languageDisplayName': 'en', 'title': 'Super Dango Maker', 'isOriginal': True}]",True,False,21,19,8,False,False,False,1.9048,True,"[{'key': 'divide_and_conquer', 'isMeta': False, 'bojTagId': 24, 'problemCount': 412, 'displayNames': [{'language': 'ko', 'name': '분할 정복', 'short': '분할 정복'}, {'language': 'en', 'name': 'divide and conquer', 'short': 'd&c'}, {'language': 'ja', 'name': '分割統治法', 'short': '分割統治法'}], 'aliases': [{'alias': 'dnc'}]}]",{}
24952,Fish 2,"[{'language': 'en', 'languageDisplayName': 'en', 'title': 'Fish 2', 'isOriginal': True}]",True,False,8,27,4,False,False,False,3.375,True,"[{'key': 'binary_search', 'isMeta': False, 'bojTagId': 12, 'problemCount': 1206, 'displayNames': [{'language': 'ko', 'name': '이분 탐색', 'short': '이분 탐색'}, {'language': 'en', 'name': 'binary search', 'short': 'binary search'}, {'language': 'ja', 'name': '二分探索', 'short': '二分探索'}], 'aliases': [{'alias': '이분탐색'}, {'alias': '이진탐색'}]}, {'key': 'data_structures', 'isMeta': False, 'bojTagId': 175, 'problemCount': 3772, 'displayNames': [{'language': 'ko', 'name': '자료 구조', 'short': '자료 구조'}, {'language': 'en', 'name': 'data structures', 'short': 'ds'}, {'language': 'ja', 'name': 'データ構造', 'short': 'ds'}], 'aliases': [{'alias': '자료구조'}, {'alias': '자구'}]}, {'key': 'lazyprop', 'isMeta': False, 'bojTagId': 66, 'problemCount': 300, 'displayNames': [{'language': 'ko', 'name': '느리게 갱신되는 세그먼트 트리', 'short': '느리게 갱신되는 세그먼트 트리'}, {'language': 'en', 'name': 'segment tree with lazy propagation', 'short': 'lazyprop'}, {'language': 'ja', 'name': '遅延評価セグメント木', 'short': '遅延評価セグ木'}], 'aliases': [{'alias': '레이지'}, {'alias': '레이지프로퍼게이션'}, {'alias': '레이지프로파게이션'}, {'alias': '구간트리'}, {'alias': 'fenwick'}, {'alias': '펜윅'}]}, {'key': 'math', 'isMeta': False, 'bojTagId': 124, 'problemCount': 6275, 'displayNames': [{'language': 'ko', 'name': '수학', 'short': '수학'}, {'language': 'en', 'name': 'mathematics', 'short': 'math'}, {'language': 'ja', 'name': '数学', 'short': '数学'}], 'aliases': []}, {'key': 'segtree', 'isMeta': False, 'bojTagId': 65, 'problemCount': 1289, 'displayNames': [{'language': 'ko', 'name': '세그먼트 트리', 'short': '세그먼트 트리'}, {'language': 'en', 'name': 'segment tree', 'short': 'segtree'}, {'language': 'ja', 'name': 'セグメント木', 'short': 'セグ木'}], 'aliases': [{'alias': '구간트리'}, {'alias': '세그트리'}, {'alias': 'fenwick'}, {'alias': '펜윅'}]}, {'key': 'stack', 'isMeta': False, 'bojTagId': 71, 'problemCount': 372, 'displayNames': [{'language': 'ko', 'name': '스택', 'short': '스택'}, {'language': 'en', 'name': 'stack', 'short': 'stack'}, {'language': 'ja', 'name': 'スタック', 'short': 'スタック'}], 'aliases': []}]",{}
24953,Reconstruction Project,"[{'language': 'en', 'languageDisplayName': 'en', 'title': 'Reconstruction Project', 'isOriginal': True}]",True,False,19,23,10,False,False,False,1.8947,True,"[{'key': 'graphs', 'isMeta': False, 'bojTagId': 7, 'problemCount': 3637, 'displayNames': [{'language': 'ko', 'name': '그래프 이론', 'short': '그래프 이론'}, {'language': 'en', 'name': 'graph theory', 'short': 'graph'}, {'language': 'ja', 'name': 'グラフ理論', 'short': 'グラフ'}], 'aliases': [{'alias': '그래프이론'}, {'alias': '그래프'}]}, {'key': 'mst', 'isMeta': False, 'bojTagId': 49, 'problemCount': 202, 'displayNames': [{'language': 'ko', 'name': '최소 스패닝 트리', 'short': '최소 스패닝 트리'}, {'language': 'en', 'name': 'minimum spanning tree', 'short': 'mst'}, {'language': 'ja', 'name': '最小全域木', 'short': '最小全域木'}], 'aliases': []}]",{}
24954,물약 구매,"[{'language': 'ko', 'languageDisplayName': 'ko', 'title': '물약 구매', 'isOriginal': True}]",True,False,377,10,21,False,False,False,1.8249,True,"[{'key': 'backtracking', 'isMeta': False, 'bojTagId': 5, 'problemCount': 531, 'displayNames': [{'language': 'ko', 'name': '백트래킹', 'short': '백트래킹'}, {'language': 'en', 'name': 'backtracking', 'short': 'backtrack'}, {'language': 'ja', 'name': 'バックトラック法', 'short': 'バックトラック'}], 'aliases': [{'alias': '백트래킹'}, {'alias': '퇴각검색'}, {'alias': '퇴각 검색'}]}, {'key': 'bruteforcing', 'isMeta': False, 'bojTagId': 125, 'problemCount': 2158, 'displayNames': [{'language': 'ko', 'name': '브루트포스 알고리즘', 'short': '브루트포스 알고리즘'}, {'language': 'en', 'name': 'bruteforcing', 'short': 'bruteforce'}, {'language': 'ja', 'name': '全探索', 'short': '全探索'}], 'aliases': [{'alias': '완전탐색'}, {'alias': '완전 탐색'}, {'alias': '브루트포스'}, {'alias': 'bruteforce'}, {'alias': 'brute force'}, {'alias': '완탐'}]}, {'key': 'implementation', 'isMeta': False, 'bojTagId': 102, 'problemCount': 5468, 'displayNames': [{'language': 'ko', 'name': '구현', 'short': '구현'}, {'language': 'en', 'name': 'implementation', 'short': 'impl'}, {'language': 'ja', 'name': '実装', 'short': 'impl'}], 'aliases': []}]",{}
24955,숫자 이어 붙이기,"[{'language': 'ko', 'languageDisplayName': 'ko', 'title': '숫자 이어 붙이기', 'isOriginal': True}]",True,False,174,12,22,False,False,False,2.9828,True,"[{'key': 'bfs', 'isMeta': False, 'bojTagId': 126, 'problemCount': 969, 'displayNames': [{'language': 'ko', 'name': '너비 우선 탐색', 'short': '너비 우선 탐색'}, {'language': 'en', 'name': 'breadth-first search', 'short': 'bfs'}, {'language': 'ja', 'name': '幅優先検索', 'short': 'bfs'}], 'aliases': [{'alias': 'breadthfirst'}, {'alias': 'breadth first'}]}, {'key': 'dfs', 'isMeta': False, 'bojTagId': 127, 'problemCount': 807, 'displayNames': [{'language': 'ko', 'name': '깊이 우선 탐색', 'short': '깊이 우선 탐색'}, {'language': 'en', 'name': 'depth-first search', 'short': 'dfs'}, {'language': 'ja', 'name': '深さ優先探索', 'short': 'dfs'}], 'aliases': [{'alias': 'depth first'}, {'alias': 'depthfirst'}]}, {'key': 'graphs', 'isMeta': False, 'bojTagId': 7, 'problemCount': 3637, 'displayNames': [{'language': 'ko', 'name': '그래프 이론', 'short': '그래프 이론'}, {'language': 'en', 'name': 'graph theory', 'short': 'graph'}, {'language': 'ja', 'name': 'グラフ理論', 'short': 'グラフ'}], 'aliases': [{'alias': '그래프이론'}, {'alias': '그래프'}]}, {'key': 'graph_traversal', 'isMeta': False, 'bojTagId': 11, 'problemCount': 1983, 'displayNames': [{'language': 'ko', 'name': '그래프 탐색', 'short': '그래프 탐색'}, {'language': 'en', 'name': 'graph traversal', 'short': 'traversal'}, {'language': 'ja', 'name': 'グラフの探索', 'short': '横断'}], 'aliases': [{'alias': 'bfs'}, {'alias': 'dfs'}]}, {'key': 'lca', 'isMeta': False, 'bojTagId': 41, 'problemCount': 166, 'displayNames': [{'language': 'ko', 'name': '최소 공통 조상', 'short': '최소 공통 조상'}, {'language': 'en', 'name': 'lowest common ancestor', 'short': 'lca'}, {'language': 'ja', 'name': '最下位共通祖先', 'short': 'lca'}], 'aliases': []}, {'key': 'math', 'isMeta': False, 'bojTagId': 124, 'problemCount': 6275, 'displayNames': [{'language': 'ko', 'name': '수학', 'short': '수학'}, {'language': 'en', 'name': 'mathematics', 'short': 'math'}, {'language': 'ja', 'name': '数学', 'short': '数学'}], 'aliases': []}, {'key': 'trees', 'isMeta': False, 'bojTagId': 120, 'problemCount': 1384, 'displayNames': [{'language': 'ko', 'name': '트리', 'short': '트리'}, {'language': 'en', 'name': 'tree', 'short': 'tree'}, {'language': 'ja', 'name': '木', 'short': '木'}], 'aliases': [{'alias': 'trees'}]}]",{}
24956,나는 정말 휘파람을 못 불어,"[{'language': 'ko', 'languageDisplayName': 'ko', 'title': '나는 정말 휘파람을 못 불어', 'isOriginal': True}]",True,False,293,12,29,False,False,False,3.6382,True,"[{'key': 'combinatorics', 'isMeta': False, 'bojTagId': 6, 'problemCount': 895, 'displayNames': [{'language': 'ko', 'name': '조합론', 'short': '조합론'}, {'language': 'en', 'name': 'combinatorics', 'short': 'combinatorics'}, {'language': 'ja', 'name': '組み合わせ', 'short': '組み合わせ'}], 'aliases': [{'alias': 'combination'}, {'alias': 'permutation'}, {'alias': 'probability'}, {'alias': '확률'}, {'alias': '순열'}]}, {'key': 'dp', 'isMeta': False, 'bojTagId': 25, 'problemCount': 3982, 'displayNames': [{'language': 'ko', 'name': '다이나믹 프로그래밍', 'short': '다이나믹 프로그래밍'}, {'language': 'en', 'name': 'dynamic programming', 'short': 'dp'}, {'language': 'ja', 'name': '動的計画法', 'short': 'dp'}], 'aliases': [{'alias': '동적계획법'}, {'alias': '동적 계획법'}, {'alias': '다이나믹프로그래밍'}]}, {'key': 'math', 'isMeta': False, 'bojTagId': 124, 'problemCount': 6275, 'displayNames': [{'language': 'ko', 'name': '수학', 'short': '수학'}, {'language': 'en', 'name': 'mathematics', 'short': 'math'}, {'language': 'ja', 'name': '数学', 'short': '数学'}], 'aliases': []}]",{}
24957,Loop of Chocolate,"[{'language': 'en', 'languageDisplayName': 'en', 'title': 'Loop of Chocolate', 'isOriginal': True}]",True,False,72,5,8,False,False,False,1.0278,True,"[{'key': 'implementation', 'isMeta': False, 'bojTagId': 102, 'problemCount': 5468, 'displayNames': [{'language': 'ko', 'name': '구현', 'short': '구현'}, {'language': 'en', 'name': 'implementation', 'short': 'impl'}, {'language': 'ja', 'name': '実装', 'short': 'impl'}], 'aliases': []}, {'key': 'math', 'isMeta': False, 'bojTagId': 124, 'problemCount': 6275, 'displayNames': [{'language': 'ko', 'name': '수학', 'short': '수학'}, {'language': 'en', 'name': 'mathematics', 'short': 'math'}, {'language': 'ja', 'name': '数学', 'short': '数学'}], 'aliases': []}]",{}
24958,Lottery Fun Time,"[{'language': 'en', 'languageDisplayName': 'en', 'title': 'Lottery Fun Time', 'isOriginal': True}]",True,False,33,14,8,False,False,False,2.0606,True,"[{'key': 'dp', 'isMeta': False, 'bojTagId': 25, 'problemCount': 3982, 'displayNames': [{'language': 'ko', 'name': '다이나믹 프로그래밍', 'short': '다이나믹 프로그래밍'}, {'language': 'en', 'name': 'dynamic programming', 'short': 'dp'}, {'language': 'ja', 'name': '動的計画法', 'short': 'dp'}], 'aliases': [{'alias': '동적계획법'}, {'alias': '동적 계획법'}, {'alias': '다이나믹프로그래밍'}]}, {'key': 'greedy', 'isMeta': False, 'bojTagId': 33, 'problemCount': 2504, 'displayNames': [{'language': 'ko', 'name': '그리디 알고리즘', 'short': '그리디 알고리즘'}, {'language': 'en', 'name': 'greedy', 'short': 'greedy'}, {'language': 'ja', 'name': '貪欲法', 'short': '貪欲法'}], 'aliases': [{'alias': '탐욕법'}]}, {'key': 'implementation', 'isMeta': False, 'bojTagId': 102, 'problemCount': 5468, 'displayNames': [{'language': 'ko', 'name': '구현', 'short': '구현'}, {'language': 'en', 'name': 'implementation', 'short': 'impl'}, {'language': 'ja', 'name': '実装', 'short': 'impl'}], 'aliases': []}]",{}
24959,Reversible Compression,"[{'language': 'en', 'languageDisplayName': 'en', 'title': 'Reversible Compression', 'isOriginal': True}]",True,False,17,17,1,False,False,False,2.4118,True,"[{'key': 'bfs', 'isMeta': False, 'bojTagId': 126, 'problemCount': 969, 'displayNames': [{'language': 'ko', 'name': '너비 우선 탐색', 'short': '너비 우선 탐색'}, {'language': 'en', 'name': 'breadth-first search', 'short': 'bfs'}, {'language': 'ja', 'name': '幅優先検索', 'short': 'bfs'}], 'aliases': [{'alias': 'breadthfirst'}, {'alias': 'breadth first'}]}, {'key': 'graphs', 'isMeta': False, 'bojTagId': 7, 'problemCount': 3637, 'displayNames': [{'language': 'ko', 'name': '그래프 이론', 'short': '그래프 이론'}, {'language': 'en', 'name': 'graph theory', 'short': 'graph'}, {'language': 'ja', 'name': 'グラフ理論', 'short': 'グラフ'}], 'aliases': [{'alias': '그래프이론'}, {'alias': '그래프'}]}, {'key': 'graph_traversal', 'isMeta': False, 'bojTagId': 11, 'problemCount': 1983, 'displayNames': [{'language': 'ko', 'name': '그래프 탐색', 'short': '그래프 탐색'}, {'language': 'en', 'name': 'graph traversal', 'short': 'traversal'}, {'language': 'ja', 'name': 'グラフの探索', 'short': '横断'}], 'aliases': [{'alias': 'bfs'}, {'alias': 'dfs'}]}, {'key': 'implementation', 'isMeta': False, 'bojTagId': 102, 'problemCount': 5468, 'displayNames': [{'language': 'ko', 'name': '구현', 'short': '구현'}, {'language': 'en', 'name': 'implementation', 'short': 'impl'}, {'language': 'ja', 'name': '実装', 'short': 'impl'}], 'aliases': []}]",{}
24960,Wireless Communication Network,"[{'language': 'en', 'languageDisplayName': 'en', 'title': 'Wireless Communication Network', 'isOriginal': True}]",True,False,27,20,4,False,False,False,1.963,True,"[{'key': 'cartesian_tree', 'isMeta': False, 'bojTagId': 206, 'problemCount': 11, 'displayNames': [{'language': 'ko', 'name': '데카르트 트리', 'short': '데카르트 트리'}, {'language': 'en', 'name': 'cartesian tree', 'short': 'cartesian tree'}, {'language': 'ja', 'name': 'デカルト木', 'short': 'デカルト木'}], 'aliases': []}, {'key': 'data_structures', 'isMeta': False, 'bojTagId': 175, 'problemCount': 3772, 'displayNames': [{'language': 'ko', 'name': '자료 구조', 'short': '자료 구조'}, {'language': 'en', 'name': 'data structures', 'short': 'ds'}, {'language': 'ja', 'name': 'データ構造', 'short': 'ds'}], 'aliases': [{'alias': '자료구조'}, {'alias': '자구'}]}, {'key': 'dp', 'isMeta': False, 'bojTagId': 25, 'problemCount': 3982, 'displayNames': [{'language': 'ko', 'name': '다이나믹 프로그래밍', 'short': '다이나믹 프로그래밍'}, {'language': 'en', 'name': 'dynamic programming', 'short': 'dp'}, {'language': 'ja', 'name': '動的計画法', 'short': 'dp'}], 'aliases': [{'alias': '동적계획법'}, {'alias': '동적 계획법'}, {'alias': '다이나믹프로그래밍'}]}, {'key': 'greedy', 'isMeta': False, 'bojTagId': 33, 'problemCount': 2504, 'displayNames': [{'language': 'ko', 'name': '그리디 알고리즘', 'short': '그리디 알고리즘'}, {'language': 'en', 'name': 'greedy', 'short': 'greedy'}, {'language': 'ja', 'name': '貪欲法', 'short': '貪欲法'}], 'aliases': [{'alias': '탐욕법'}]}, {'key': 'segtree', 'isMeta': False, 'bojTagId': 65, 'problemCount': 1289, 'displayNames': [{'language': 'ko', 'name': '세그먼트 트리', 'short': '세그먼트 트리'}, {'language': 'en', 'name': 'segment tree', 'short': 'segtree'}, {'language': 'ja', 'name': 'セグメント木', 'short': 'セグ木'}], 'aliases': [{'alias': '구간트리'}, {'alias': '세그트리'}, {'alias': 'fenwick'}, {'alias': '펜윅'}]}, {'key': 'stack', 'isMeta': False, 'bojTagId': 71, 'problemCount': 372, 'displayNames': [{'language': 'ko', 'name': '스택', 'short': '스택'}, {'language': 'en', 'name': 'stack', 'short': 'stack'}, {'language': 'ja', 'name': 'スタック', 'short': 'スタック'}], 'aliases': []}, {'key': 'trees', 'isMeta': False, 'bojTagId': 120, 'problemCount': 1384, 'displayNames': [{'language': 'ko', 'name': '트리', 'short': '트리'}, {'language': 'en', 'name': 'tree', 'short': 'tree'}, {'language': 'ja', 'name': '木', 'short': '木'}], 'aliases': [{'alias': 'trees'}]}]",{}
24961,Planning Railroad Discontinuation,"[{'language': 'en', 'languageDisplayName': 'en', 'title': 'Planning Railroad Discontinuation', 'isOriginal': True}]",True,False,5,24,3,False,False,False,1.4,True,"[{'key': 'data_structures', 'isMeta': False, 'bojTagId': 175, 'problemCount': 3772, 'displayNames': [{'language': 'ko', 'name': '자료 구조', 'short': '자료 구조'}, {'language': 'en', 'name': 'data structures', 'short': 'ds'}, {'language': 'ja', 'name': 'データ構造', 'short': 'ds'}], 'aliases': [{'alias': '자료구조'}, {'alias': '자구'}]}, {'key': 'disjoint_set', 'isMeta': False, 'bojTagId': 81, 'problemCount': 469, 'displayNames': [{'language': 'ko', 'name': '분리 집합', 'short': '분리 집합'}, {'language': 'en', 'name': 'disjoint set', 'short': 'dsu'}, {'language': 'ja', 'name': '素集合データ構造', 'short': '素集合データ構造'}], 'aliases': [{'alias': 'union'}, {'alias': 'find'}, {'alias': '유니온'}, {'alias': '파인드'}, {'alias': 'dsu'}]}, {'key': 'graphs', 'isMeta': False, 'bojTagId': 7, 'problemCount': 3637, 'displayNames': [{'language': 'ko', 'name': '그래프 이론', 'short': '그래프 이론'}, {'language': 'en', 'name': 'graph theory', 'short': 'graph'}, {'language': 'ja', 'name': 'グラフ理論', 'short': 'グラフ'}], 'aliases': [{'alias': '그래프이론'}, {'alias': '그래프'}]}, {'key': 'mst', 'isMeta': False, 'bojTagId': 49, 'problemCount': 202, 'displayNames': [{'language': 'ko', 'name': '최소 스패닝 트리', 'short': '최소 스패닝 트리'}, {'language': 'en', 'name': 'minimum spanning tree', 'short': 'mst'}, {'language': 'ja', 'name': '最小全域木', 'short': '最小全域木'}], 'aliases': []}]",{}
24962,It’s Surely Complex,"[{'language': 'en', 'languageDisplayName': 'en', 'title': 'It’s Surely Complex', 'isOriginal': True}]",True,False,10,23,5,False,False,False,3.4,True,"[{'key': 'fft', 'isMeta': False, 'bojTagId': 28, 'problemCount': 126, 'displayNames': [{'language': 'ko', 'name': '고속 푸리에 변환', 'short': '고속 푸리에 변환'}, {'language': 'en', 'name': 'fast fourier transform', 'short': 'fft'}, {'language': 'ja', 'name': '高速フーリエ変換', 'short': 'fft'}], 'aliases': [{'alias': '푸리에변환'}, {'alias': '컨볼루션'}, {'alias': 'convolution'}]}, {'key': 'math', 'isMeta': False, 'bojTagId': 124, 'problemCount': 6275, 'displayNames': [{'language': 'ko', 'name': '수학', 'short': '수학'}, {'language': 'en', 'name': 'mathematics', 'short': 'math'}, {'language': 'ja', 'name': '数学', 'short': '数学'}], 'aliases': []}, {'key': 'number_theory', 'isMeta': False, 'bojTagId': 95, 'problemCount': 1419, 'displayNames': [{'language': 'ko', 'name': '정수론', 'short': '정수론'}, {'language': 'en', 'name': 'number theory', 'short': 'number theory'}, {'language': 'ja', 'name': '整数論', 'short': '整数論'}], 'aliases': []}]",{}
24963,Genealogy of Puppets,"[{'language': 'en', 'languageDisplayName': 'en', 'title': 'Genealogy of Puppets', 'isOriginal': True}]",True,False,14,22,6,False,False,False,2.2143,True,"[{'key': 'dp', 'isMeta': False, 'bojTagId': 25, 'problemCount': 3982, 'displayNames': [{'language': 'ko', 'name': '다이나믹 프로그래밍', 'short': '다이나믹 프로그래밍'}, {'language': 'en', 'name': 'dynamic programming', 'short': 'dp'}, {'language': 'ja', 'name': '動的計画法', 'short': 'dp'}], 'aliases': [{'alias': '동적계획법'}, {'alias': '동적 계획법'}, {'alias': '다이나믹프로그래밍'}]}]",{}
24964,Cancer DNA,"[{'language': 'en', 'languageDisplayName': 'en', 'title': 'Cancer DNA', 'isOriginal': True}]",True,False,10,23,3,False,False,False,2.7,True,"[{'key': 'inclusion_and_exclusion', 'isMeta': False, 'bojTagId': 38, 'problemCount': 157, 'displayNames': [{'language': 'ko', 'name': '포함 배제의 원리', 'short': '포함 배제의 원리'}, {'language': 'en', 'name': 'inclusion and exclusion', 'short': 'inclusion and exclusion'}, {'language': 'ja', 'name': '包除原理', 'short': '包除原理'}], 'aliases': []}, {'key': 'randomization', 'isMeta': False, 'bojTagId': 115, 'problemCount': 145, 'displayNames': [{'language': 'ko', 'name': '무작위화', 'short': '무작위화'}, {'language': 'en', 'name': 'randomization', 'short': 'randomization'}, {'language': 'ja', 'name': 'ランダム化', 'short': 'ランダム化'}], 'aliases': [{'alias': '랜덤'}]}]",{}
24965,“Even” Division,"[{'language': 'en', 'languageDisplayName': 'en', 'title': '“Even” Division', 'isOriginal': True}]",True,False,8,23,4,False,False,False,2.5,True,"[{'key': 'constructive', 'isMeta': False, 'bojTagId': 128, 'problemCount': 986, 'displayNames': [{'language': 'ko', 'name': '해 구성하기', 'short': '해 구성하기'}, {'language': 'en', 'name': 'constructive', 'short': 'constructive'}, {'language': 'ja', 'name': '構成的', 'short': '構成的'}], 'aliases': [{'alias': 'constructive'}, {'alias': '컨스트럭티브'}, {'alias': '구성적'}]}, {'key': 'dfs', 'isMeta': False, 'bojTagId': 127, 'problemCount': 807, 'displayNames': [{'language': 'ko', 'name': '깊이 우선 탐색', 'short': '깊이 우선 탐색'}, {'language': 'en', 'name': 'depth-first search', 'short': 'dfs'}, {'language': 'ja', 'name': '深さ優先探索', 'short': 'dfs'}], 'aliases': [{'alias': 'depth first'}, {'alias': 'depthfirst'}]}, {'key': 'graphs', 'isMeta': False, 'bojTagId': 7, 'problemCount': 3637, 'displayNames': [{'language': 'ko', 'name': '그래프 이론', 'short': '그래프 이론'}, {'language': 'en', 'name': 'graph theory', 'short': 'graph'}, {'language': 'ja', 'name': 'グラフ理論', 'short': 'グラフ'}], 'aliases': [{'alias': '그래프이론'}, {'alias': '그래프'}]}, {'key': 'graph_traversal', 'isMeta': False, 'bojTagId': 11, 'problemCount': 1983, 'displayNames': [{'language': 'ko', 'name': '그래프 탐색', 'short': '그래프 탐색'}, {'language': 'en', 'name': 'graph traversal', 'short': 'traversal'}, {'language': 'ja', 'name': 'グラフの探索', 'short': '横断'}], 'aliases': [{'alias': 'bfs'}, {'alias': 'dfs'}]}]",{}
24966,The Cross Covers Everything,"[{'language': 'en', 'languageDisplayName': 'en', 'title': 'The Cross Covers Everything', 'isOriginal': True}]",True,False,31,19,10,False,False,False,1.8387,True,"[{'key': 'data_structures', 'isMeta': False, 'bojTagId': 175, 'problemCount': 3772, 'displayNames': [{'language': 'ko', 'name': '자료 구조', 'short': '자료 구조'}, {'language': 'en', 'name': 'data structures', 'short': 'ds'}, {'language': 'ja', 'name': 'データ構造', 'short': 'ds'}], 'aliases': [{'alias': '자료구조'}, {'alias': '자구'}]}, {'key': 'geometry', 'isMeta': False, 'bojTagId': 100, 'problemCount': 1482, 'displayNames': [{'language': 'ko', 'name': '기하학', 'short': '기하학'}, {'language': 'en', 'name': 'geometry', 'short': 'geom'}, {'language': 'ja', 'name': '幾何学', 'short': '幾何'}], 'aliases': []}, {'key': 'segtree', 'isMeta': False, 'bojTagId': 65, 'problemCount': 1289, 'displayNames': [{'language': 'ko', 'name': '세그먼트 트리', 'short': '세그먼트 트리'}, {'language': 'en', 'name': 'segment tree', 'short': 'segtree'}, {'language': 'ja', 'name': 'セグメント木', 'short': 'セグ木'}], 'aliases': [{'alias': '구간트리'}, {'alias': '세그트리'}, {'alias': 'fenwick'}, {'alias': '펜윅'}]}, {'key': 'sweeping', 'isMeta': False, 'bojTagId': 106, 'problemCount': 469, 'displayNames': [{'language': 'ko', 'name': '스위핑', 'short': '스위핑'}, {'language': 'en', 'name': 'sweeping', 'short': 'sweeping'}, {'language': 'ja', 'name': '平面走査', 'short': '平面走査'}], 'aliases': [{'alias': '라인 스위핑'}]}, {'key': 'two_pointer', 'isMeta': False, 'bojTagId': 80, 'problemCount': 380, 'displayNames': [{'language': 'ko', 'name': '두 포인터', 'short': '두 포인터'}, {'language': 'en', 'name': 'two-pointer', 'short': 'two-pointer'}, {'language': 'ja', 'name': '尺取り法', 'short': '尺取り'}], 'aliases': [{'alias': '투포인터'}, {'alias': '인치웜'}, {'alias': 'inchworm'}, {'alias': 'twopointer'}]}]",{}
24967,Distributing the Treasure,"[{'language': 'en', 'languageDisplayName': 'en', 'title': 'Distributing the Treasure', 'isOriginal': True}]",True,False,3,25,1,False,False,False,4.6667,True,[],{}
24968,트리의 간선 바꾸기,"[{'language': 'ko', 'languageDisplayName': 'ko', 'title': '트리의 간선 바꾸기', 'isOriginal': True}, {'language': 'en', 'languageDisplayName': 'en', 'title': 'Edge Swaps in Tree', 'isOriginal': False}]",True,False,5,21,2,False,False,False,2.2,True,"[{'key': 'euler_tour_technique', 'isMeta': False, 'bojTagId': 150, 'problemCount': 96, 'displayNames': [{'language': 'ko', 'name': '오일러 경로 테크닉', 'short': '오일러 경로 테크닉'}, {'language': 'en', 'name': 'euler tour technique', 'short': 'ett'}, {'language': 'ja', 'name': 'オイラーツアー', 'short': 'ett'}], 'aliases': []}, {'key': 'lca', 'isMeta': False, 'bojTagId': 41, 'problemCount': 166, 'displayNames': [{'language': 'ko', 'name': '최소 공통 조상', 'short': '최소 공통 조상'}, {'language': 'en', 'name': 'lowest common ancestor', 'short': 'lca'}, {'language': 'ja', 'name': '最下位共通祖先', 'short': 'lca'}], 'aliases': []}, {'key': 'prefix_sum', 'isMeta': False, 'bojTagId': 139, 'problemCount': 953, 'displayNames': [{'language': 'ko', 'name': '누적 합', 'short': '누적 합'}, {'language': 'en', 'name': 'prefix sum', 'short': 'prefix sum'}, {'language': 'ja', 'name': '累積和', 'short': '累積和'}], 'aliases': [{'alias': '구간합'}, {'alias': '부분합'}, {'alias': 'rangesum'}]}, {'key': 'trees', 'isMeta': False, 'bojTagId': 120, 'problemCount': 1384, 'displayNames': [{'language': 'ko', 'name': '트리', 'short': '트리'}, {'language': 'en', 'name': 'tree', 'short': 'tree'}, {'language': 'ja', 'name': '木', 'short': '木'}], 'aliases': [{'alias': 'trees'}]}]",{}
24969,Traffickers,"[{'language': 'en', 'languageDisplayName': 'en', 'title': 'Traffickers', 'isOriginal': True}]",True,False,3,23,2,False,False,False,4.3333,True,"[{'key': 'data_structures', 'isMeta': False, 'bojTagId': 175, 'problemCount': 3772, 'displayNames': [{'language': 'ko', 'name': '자료 구조', 'short': '자료 구조'}, {'language': 'en', 'name': 'data structures', 'short': 'ds'}, {'language': 'ja', 'name': 'データ構造', 'short': 'ds'}], 'aliases': [{'alias': '자료구조'}, {'alias': '자구'}]}, {'key': 'dfs', 'isMeta': False, 'bojTagId': 127, 'problemCount': 807, 'displayNames': [{'language': 'ko', 'name': '깊이 우선 탐색', 'short': '깊이 우선 탐색'}, {'language': 'en', 'name': 'depth-first search', 'short': 'dfs'}, {'language': 'ja', 'name': '深さ優先探索', 'short': 'dfs'}], 'aliases': [{'alias': 'depth first'}, {'alias': 'depthfirst'}]}, {'key': 'euler_tour_technique', 'isMeta': False, 'bojTagId': 150, 'problemCount': 96, 'displayNames': [{'language': 'ko', 'name': '오일러 경로 테크닉', 'short': '오일러 경로 테크닉'}, {'language': 'en', 'name': 'euler tour technique', 'short': 'ett'}, {'language': 'ja', 'name': 'オイラーツアー', 'short': 'ett'}], 'aliases': []}, {'key': 'graphs', 'isMeta': False, 'bojTagId': 7, 'problemCount': 3637, 'displayNames': [{'language': 'ko', 'name': '그래프 이론', 'short': '그래프 이론'}, {'language': 'en', 'name': 'graph theory', 'short': 'graph'}, {'language': 'ja', 'name': 'グラフ理論', 'short': 'グラフ'}], 'aliases': [{'alias': '그래프이론'}, {'alias': '그래프'}]}, {'key': 'graph_traversal', 'isMeta': False, 'bojTagId': 11, 'problemCount': 1983, 'displayNames': [{'language': 'ko', 'name': '그래프 탐색', 'short': '그래프 탐색'}, {'language': 'en', 'name': 'graph traversal', 'short': 'traversal'}, {'language': 'ja', 'name': 'グラフの探索', 'short': '横断'}], 'aliases': [{'alias': 'bfs'}, {'alias': 'dfs'}]}, {'key': 'lca', 'isMeta': False, 'bojTagId': 41, 'problemCount': 166, 'displayNames': [{'language': 'ko', 'name': '최소 공통 조상', 'short': '최소 공통 조상'}, {'language': 'en', 'name': 'lowest common ancestor', 'short': 'lca'}, {'language': 'ja', 'name': '最下位共通祖先', 'short': 'lca'}], 'aliases': []}, {'key': 'segtree', 'isMeta': False, 'bojTagId': 65, 'problemCount': 1289, 'displayNames': [{'language': 'ko', 'name': '세그먼트 트리', 'short': '세그먼트 트리'}, {'language': 'en', 'name': 'segment tree', 'short': 'segtree'}, {'language': 'ja', 'name': 'セグメント木', 'short': 'セグ木'}], 'aliases': [{'alias': '구간트리'}, {'alias': '세그트리'}, {'alias': 'fenwick'}, {'alias': '펜윅'}]}, {'key': 'trees', 'isMeta': False, 'bojTagId': 120, 'problemCount': 1384, 'displayNames': [{'language': 'ko', 'name': '트리', 'short': '트리'}, {'language': 'en', 'name': 'tree', 'short': 'tree'}, {'language': 'ja', 'name': '木', 'short': '木'}], 'aliases': [{'alias': 'trees'}]}]",{}
24970,균형 수,"[{'language': 'ko', 'languageDisplayName': 'ko', 'title': '균형 수', 'isOriginal': True}]",True,False,23,17,10,False,False,False,1.7391,True,"[{'key': 'combinatorics', 'isMeta': False, 'bojTagId': 6, 'problemCount': 895, 'displayNames': [{'language': 'ko', 'name': '조합론', 'short': '조합론'}, {'language': 'en', 'name': 'combinatorics', 'short': 'combinatorics'}, {'language': 'ja', 'name': '組み合わせ', 'short': '組み合わせ'}], 'aliases': [{'alias': 'combination'}, {'alias': 'permutation'}, {'alias': 'probability'}, {'alias': '확률'}, {'alias': '순열'}]}, {'key': 'dp', 'isMeta': False, 'bojTagId': 25, 'problemCount': 3982, 'displayNames': [{'language': 'ko', 'name': '다이나믹 프로그래밍', 'short': '다이나믹 프로그래밍'}, {'language': 'en', 'name': 'dynamic programming', 'short': 'dp'}, {'language': 'ja', 'name': '動的計画法', 'short': 'dp'}], 'aliases': [{'alias': '동적계획법'}, {'alias': '동적 계획법'}, {'alias': '다이나믹프로그래밍'}]}, {'key': 'math', 'isMeta': False, 'bojTagId': 124, 'problemCount': 6275, 'displayNames': [{'language': 'ko', 'name': '수학', 'short': '수학'}, {'language': 'en', 'name': 'mathematics', 'short': 'math'}, {'language': 'ja', 'name': '数学', 'short': '数学'}], 'aliases': []}]",{}
24971,262144 Revisited,"[{'language': 'en', 'languageDisplayName': 'en', 'title': '262144 Revisited', 'isOriginal': True}]",True,False,3,25,2,False,False,False,1.0,True,"[{'key': 'data_structures', 'isMeta': False, 'bojTagId': 175, 'problemCount': 3772, 'displayNames': [{'language': 'ko', 'name': '자료 구조', 'short': '자료 구조'}, {'language': 'en', 'name': 'data structures', 'short': 'ds'}, {'language': 'ja', 'name': 'データ構造', 'short': 'ds'}], 'aliases': [{'alias': '자료구조'}, {'alias': '자구'}]}, {'key': 'divide_and_conquer', 'isMeta': False, 'bojTagId': 24, 'problemCount': 412, 'displayNames': [{'language': 'ko', 'name': '분할 정복', 'short': '분할 정복'}, {'language': 'en', 'name': 'divide and conquer', 'short': 'd&c'}, {'language': 'ja', 'name': '分割統治法', 'short': '分割統治法'}], 'aliases': [{'alias': 'dnc'}]}, {'key': 'linked_list', 'isMeta': False, 'bojTagId': 154, 'problemCount': 44, 'displayNames': [{'language': 'ko', 'name': '연결 리스트', 'short': '연결 리스트'}, {'language': 'en', 'name': 'linked list', 'short': 'll'}, {'language': 'ja', 'name': '連結リスト', 'short': '連結リスト'}], 'aliases': [{'alias': '링크드리스트'}]}]",{}
24972,Hoof and Brain,"[{'language': 'en', 'languageDisplayName': 'en', 'title': 'Hoof and Brain', 'isOriginal': True}]",True,False,35,23,9,False,False,False,5.8857,True,"[{'key': 'data_structures', 'isMeta': False, 'bojTagId': 175, 'problemCount': 3772, 'displayNames': [{'language': 'ko', 'name': '자료 구조', 'short': '자료 구조'}, {'language': 'en', 'name': 'data structures', 'short': 'ds'}, {'language': 'ja', 'name': 'データ構造', 'short': 'ds'}], 'aliases': [{'alias': '자료구조'}, {'alias': '자구'}]}, {'key': 'disjoint_set', 'isMeta': False, 'bojTagId': 81, 'problemCount': 469, 'displayNames': [{'language': 'ko', 'name': '분리 집합', 'short': '분리 집합'}, {'language': 'en', 'name': 'disjoint set', 'short': 'dsu'}, {'language': 'ja', 'name': '素集合データ構造', 'short': '素集合データ構造'}], 'aliases': [{'alias': 'union'}, {'alias': 'find'}, {'alias': '유니온'}, {'alias': '파인드'}, {'alias': 'dsu'}]}, {'key': 'graphs', 'isMeta': False, 'bojTagId': 7, 'problemCount': 3637, 'displayNames': [{'language': 'ko', 'name': '그래프 이론', 'short': '그래프 이론'}, {'language': 'en', 'name': 'graph theory', 'short': 'graph'}, {'language': 'ja', 'name': 'グラフ理論', 'short': 'グラフ'}], 'aliases': [{'alias': '그래프이론'}, {'alias': '그래프'}]}, {'key': 'smaller_to_larger', 'isMeta': False, 'bojTagId': 169, 'problemCount': 128, 'displayNames': [{'language': 'ko', 'name': '작은 집합에서 큰 집합으로 합치는 테크닉', 'short': '작은 집합에서 큰 집합으로 합치는 테크닉'}, {'language': 'en', 'name': 'smaller to larger technique', 'short': 'smaller to larger'}, {'language': 'ja', 'name': 'smaller to larger technique', 'short': 'smaller to larger'}], 'aliases': [{'alias': 'merge heuristics'}, {'alias': 'sack'}, {'alias': 'small to large'}, {'alias': '작은거'}, {'alias': '큰거'}]}]",{}
24973,Up Down Subsequence,"[{'language': 'en', 'languageDisplayName': 'en', 'title': 'Up Down Subsequence', 'isOriginal': True}]",True,False,44,20,19,False,False,False,1.5455,True,"[{'key': 'data_structures', 'isMeta': False, 'bojTagId': 175, 'problemCount': 3772, 'displayNames': [{'language': 'ko', 'name': '자료 구조', 'short': '자료 구조'}, {'language': 'en', 'name': 'data structures', 'short': 'ds'}, {'language': 'ja', 'name': 'データ構造', 'short': 'ds'}], 'aliases': [{'alias': '자료구조'}, {'alias': '자구'}]}, {'key': 'dp', 'isMeta': False, 'bojTagId': 25, 'problemCount': 3982, 'displayNames': [{'language': 'ko', 'name': '다이나믹 프로그래밍', 'short': '다이나믹 프로그래밍'}, {'language': 'en', 'name': 'dynamic programming', 'short': 'dp'}, {'language': 'ja', 'name': '動的計画法', 'short': 'dp'}], 'aliases': [{'alias': '동적계획법'}, {'alias': '동적 계획법'}, {'alias': '다이나믹프로그래밍'}]}, {'key': 'lis', 'isMeta': False, 'bojTagId': 43, 'problemCount': 84, 'displayNames': [{'language': 'ko', 'name': '가장 긴 증가하는 부분 수열: O(n log n)', 'short': '가장 긴 증가하는 부분 수열: O(n log n)'}, {'language': 'en', 'name': 'longest increasing sequence in o(n log n)', 'short': 'lis in o(n log n)'}, {'language': 'ja', 'name': 'longest increasing sequence in o(n log n)', 'short': 'lis in o(n log n)'}], 'aliases': []}, {'key': 'segtree', 'isMeta': False, 'bojTagId': 65, 'problemCount': 1289, 'displayNames': [{'language': 'ko', 'name': '세그먼트 트리', 'short': '세그먼트 트리'}, {'language': 'en', 'name': 'segment tree', 'short': 'segtree'}, {'language': 'ja', 'name': 'セグメント木', 'short': 'セグ木'}], 'aliases': [{'alias': '구간트리'}, {'alias': '세그트리'}, {'alias': 'fenwick'}, {'alias': '펜윅'}]}]",{}
24974,Apple Catching,"[{'language': 'en', 'languageDisplayName': 'en', 'title': 'Apple Catching', 'isOriginal': True}]",True,False,56,19,19,False,False,False,1.8929,True,"[{'key': 'greedy', 'isMeta': False, 'bojTagId': 33, 'problemCount': 2504, 'displayNames': [{'language': 'ko', 'name': '그리디 알고리즘', 'short': '그리디 알고리즘'}, {'language': 'en', 'name': 'greedy', 'short': 'greedy'}, {'language': 'ja', 'name': '貪欲法', 'short': '貪欲法'}], 'aliases': [{'alias': '탐욕법'}]}, {'key': 'sweeping', 'isMeta': False, 'bojTagId': 106, 'problemCount': 469, 'displayNames': [{'language': 'ko', 'name': '스위핑', 'short': '스위핑'}, {'language': 'en', 'name': 'sweeping', 'short': 'sweeping'}, {'language': 'ja', 'name': '平面走査', 'short': '平面走査'}], 'aliases': [{'alias': '라인 스위핑'}]}]",{}
24975,Pair Programming,"[{'language': 'en', 'languageDisplayName': 'en', 'title': 'Pair Programming', 'isOriginal': True}]",True,False,33,20,8,False,False,False,1.1818,True,"[{'key': 'dp', 'isMeta': False, 'bojTagId': 25, 'problemCount': 3982, 'displayNames': [{'language': 'ko', 'name': '다이나믹 프로그래밍', 'short': '다이나믹 프로그래밍'}, {'language': 'en', 'name': 'dynamic programming', 'short': 'dp'}, {'language': 'ja', 'name': '動的計画法', 'short': 'dp'}], 'aliases': [{'alias': '동적계획법'}, {'alias': '동적 계획법'}, {'alias': '다이나믹프로그래밍'}]}, {'key': 'inclusion_and_exclusion', 'isMeta': False, 'bojTagId': 38, 'problemCount': 157, 'displayNames': [{'language': 'ko', 'name': '포함 배제의 원리', 'short': '포함 배제의 원리'}, {'language': 'en', 'name': 'inclusion and exclusion', 'short': 'inclusion and exclusion'}, {'language': 'ja', 'name': '包除原理', 'short': '包除原理'}], 'aliases': []}]",{}
24976,Balancing a Tree,"[{'language': 'en', 'languageDisplayName': 'en', 'title': 'Balancing a Tree', 'isOriginal': True}]",True,False,39,19,14,False,False,False,2.1795,True,"[{'key': 'ad_hoc', 'isMeta': False, 'bojTagId': 109, 'problemCount': 1448, 'displayNames': [{'language': 'ko', 'name': '애드 혹', 'short': '애드 혹'}, {'language': 'en', 'name': 'ad-hoc', 'short': 'ad-hoc'}, {'language': 'ja', 'name': 'アドホック', 'short': 'アドホック'}], 'aliases': []}, {'key': 'constructive', 'isMeta': False, 'bojTagId': 128, 'problemCount': 986, 'displayNames': [{'language': 'ko', 'name': '해 구성하기', 'short': '해 구성하기'}, {'language': 'en', 'name': 'constructive', 'short': 'constructive'}, {'language': 'ja', 'name': '構成的', 'short': '構成的'}], 'aliases': [{'alias': 'constructive'}, {'alias': '컨스트럭티브'}, {'alias': '구성적'}]}, {'key': 'greedy', 'isMeta': False, 'bojTagId': 33, 'problemCount': 2504, 'displayNames': [{'language': 'ko', 'name': '그리디 알고리즘', 'short': '그리디 알고리즘'}, {'language': 'en', 'name': 'greedy', 'short': 'greedy'}, {'language': 'ja', 'name': '貪欲法', 'short': '貪欲法'}], 'aliases': [{'alias': '탐욕법'}]}, {'key': 'trees', 'isMeta': False, 'bojTagId': 120, 'problemCount': 1384, 'displayNames': [{'language': 'ko', 'name': '트리', 'short': '트리'}, {'language': 'en', 'name': 'tree', 'short': 'tree'}, {'language': 'ja', 'name': '木', 'short': '木'}], 'aliases': [{'alias': 'trees'}]}]",{}
24977,Visits,"[{'language': 'en', 'languageDisplayName': 'en', 'title': 'Visits', 'isOriginal': True}]",True,False,121,14,30,False,False,False,2.2562,True,"[{'key': 'dfs', 'isMeta': False, 'bojTagId': 127, 'problemCount': 807, 'displayNames': [{'language': 'ko', 'name': '깊이 우선 탐색', 'short': '깊이 우선 탐색'}, {'language': 'en', 'name': 'depth-first search', 'short': 'dfs'}, {'language': 'ja', 'name': '深さ優先探索', 'short': 'dfs'}], 'aliases': [{'alias': 'depth first'}, {'alias': 'depthfirst'}]}, {'key': 'graphs', 'isMeta': False, 'bojTagId': 7, 'problemCount': 3637, 'displayNames': [{'language': 'ko', 'name': '그래프 이론', 'short': '그래프 이론'}, {'language': 'en', 'name': 'graph theory', 'short': 'graph'}, {'language': 'ja', 'name': 'グラフ理論', 'short': 'グラフ'}], 'aliases': [{'alias': '그래프이론'}, {'alias': '그래프'}]}, {'key': 'graph_traversal', 'isMeta': False, 'bojTagId': 11, 'problemCount': 1983, 'displayNames': [{'language': 'ko', 'name': '그래프 탐색', 'short': '그래프 탐색'}, {'language': 'en', 'name': 'graph traversal', 'short': 'traversal'}, {'language': 'ja', 'name': 'グラフの探索', 'short': '横断'}], 'aliases': [{'alias': 'bfs'}, {'alias': 'dfs'}]}, {'key': 'mst', 'isMeta': False, 'bojTagId': 49, 'problemCount': 202, 'displayNames': [{'language': 'ko', 'name': '최소 스패닝 트리', 'short': '최소 스패닝 트리'}, {'language': 'en', 'name': 'minimum spanning tree', 'short': 'mst'}, {'language': 'ja', 'name': '最小全域木', 'short': '最小全域木'}], 'aliases': []}]",{}
24978,Subset Equality,"[{'language': 'en', 'languageDisplayName': 'en', 'title': 'Subset Equality', 'isOriginal': True}]",True,False,89,16,28,False,False,False,2.764,True,"[{'key': 'ad_hoc', 'isMeta': False, 'bojTagId': 109, 'problemCount': 1448, 'displayNames': [{'language': 'ko', 'name': '애드 혹', 'short': '애드 혹'}, {'language': 'en', 'name': 'ad-hoc', 'short': 'ad-hoc'}, {'language': 'ja', 'name': 'アドホック', 'short': 'アドホック'}], 'aliases': []}, {'key': 'string', 'isMeta': False, 'bojTagId': 158, 'problemCount': 2357, 'displayNames': [{'language': 'ko', 'name': '문자열', 'short': '문자열'}, {'language': 'en', 'name': 'string', 'short': 'string'}, {'language': 'ja', 'name': '文字列', 'short': '文字列'}], 'aliases': [{'alias': '스트링'}]}]",{}
24979,COW Operations,"[{'language': 'en', 'languageDisplayName': 'en', 'title': 'COW Operations', 'isOriginal': True}]",True,False,93,15,23,False,False,False,1.5269,True,"[{'key': 'ad_hoc', 'isMeta': False, 'bojTagId': 109, 'problemCount': 1448, 'displayNames': [{'language': 'ko', 'name': '애드 혹', 'short': '애드 혹'}, {'language': 'en', 'name': 'ad-hoc', 'short': 'ad-hoc'}, {'language': 'ja', 'name': 'アドホック', 'short': 'アドホック'}], 'aliases': []}, {'key': 'prefix_sum', 'isMeta': False, 'bojTagId': 139, 'problemCount': 953, 'displayNames': [{'language': 'ko', 'name': '누적 합', 'short': '누적 합'}, {'language': 'en', 'name': 'prefix sum', 'short': 'prefix sum'}, {'language': 'ja', 'name': '累積和', 'short': '累積和'}], 'aliases': [{'alias': '구간합'}, {'alias': '부분합'}, {'alias': 'rangesum'}]}, {'key': 'string', 'isMeta': False, 'bojTagId': 158, 'problemCount': 2357, 'displayNames': [{'language': 'ko', 'name': '문자열', 'short': '문자열'}, {'language': 'en', 'name': 'string', 'short': 'string'}, {'language': 'ja', 'name': '文字列', 'short': '文字列'}], 'aliases': [{'alias': '스트링'}]}]",{}
24980,Photoshoot,"[{'language': 'en', 'languageDisplayName': 'en', 'title': 'Photoshoot', 'isOriginal': True}]",True,False,106,13,18,False,False,False,2.1604,True,"[{'key': 'ad_hoc', 'isMeta': False, 'bojTagId': 109, 'problemCount': 1448, 'displayNames': [{'language': 'ko', 'name': '애드 혹', 'short': '애드 혹'}, {'language': 'en', 'name': 'ad-hoc', 'short': 'ad-hoc'}, {'language': 'ja', 'name': 'アドホック', 'short': 'アドホック'}], 'aliases': []}]",{}
24981,Counting Liars,"[{'language': 'en', 'languageDisplayName': 'en', 'title': 'Counting Liars', 'isOriginal': True}]",True,False,172,10,25,False,False,False,2.0814,True,"[{'key': 'sorting', 'isMeta': False, 'bojTagId': 97, 'problemCount': 1833, 'displayNames': [{'language': 'ko', 'name': '정렬', 'short': '정렬'}, {'language': 'en', 'name': 'sorting', 'short': 'sorting'}, {'language': 'ja', 'name': 'ソート', 'short': 'ソート'}], 'aliases': []}, {'key': 'sweeping', 'isMeta': False, 'bojTagId': 106, 'problemCount': 469, 'displayNames': [{'language': 'ko', 'name': '스위핑', 'short': '스위핑'}, {'language': 'en', 'name': 'sweeping', 'short': 'sweeping'}, {'language': 'ja', 'name': '平面走査', 'short': '平面走査'}], 'aliases': [{'alias': '라인 스위핑'}]}]",{}
24982,Alchemy,"[{'language': 'en', 'languageDisplayName': 'en', 'title': 'Alchemy', 'isOriginal': True}]",True,False,80,14,20,False,False,False,2.975,True,"[{'key': 'graphs', 'isMeta': False, 'bojTagId': 7, 'problemCount': 3637, 'displayNames': [{'language': 'ko', 'name': '그래프 이론', 'short': '그래프 이론'}, {'language': 'en', 'name': 'graph theory', 'short': 'graph'}, {'language': 'ja', 'name': 'グラフ理論', 'short': 'グラフ'}], 'aliases': [{'alias': '그래프이론'}, {'alias': '그래프'}]}, {'key': 'parametric_search', 'isMeta': False, 'bojTagId': 170, 'problemCount': 368, 'displayNames': [{'language': 'ko', 'name': '매개 변수 탐색', 'short': '매개 변수 탐색'}, {'language': 'en', 'name': 'parametric search', 'short': 'parametric search'}, {'language': 'ja', 'name': 'parametric search', 'short': 'parametric search'}], 'aliases': [{'alias': '파라메트릭'}]}]",{}
24983,Ancient Towers,"[{'language': 'en', 'languageDisplayName': 'en', 'title': 'Ancient Towers', 'isOriginal': True}]",True,False,5,23,3,False,False,False,4.6,True,"[{'key': 'data_structures', 'isMeta': False, 'bojTagId': 175, 'problemCount': 3772, 'displayNames': [{'language': 'ko', 'name': '자료 구조', 'short': '자료 구조'}, {'language': 'en', 'name': 'data structures', 'short': 'ds'}, {'language': 'ja', 'name': 'データ構造', 'short': 'ds'}], 'aliases': [{'alias': '자료구조'}, {'alias': '자구'}]}, {'key': 'geometry', 'isMeta': False, 'bojTagId': 100, 'problemCount': 1482, 'displayNames': [{'language': 'ko', 'name': '기하학', 'short': '기하학'}, {'language': 'en', 'name': 'geometry', 'short': 'geom'}, {'language': 'ja', 'name': '幾何学', 'short': '幾何'}], 'aliases': []}, {'key': 'segtree', 'isMeta': False, 'bojTagId': 65, 'problemCount': 1289, 'displayNames': [{'language': 'ko', 'name': '세그먼트 트리', 'short': '세그먼트 트리'}, {'language': 'en', 'name': 'segment tree', 'short': 'segtree'}, {'language': 'ja', 'name': 'セグメント木', 'short': 'セグ木'}], 'aliases': [{'alias': '구간트리'}, {'alias': '세그트리'}, {'alias': 'fenwick'}, {'alias': '펜윅'}]}, {'key': 'sorting', 'isMeta': False, 'bojTagId': 97, 'problemCount': 1833, 'displayNames': [{'language': 'ko', 'name': '정렬', 'short': '정렬'}, {'language': 'en', 'name': 'sorting', 'short': 'sorting'}, {'language': 'ja', 'name': 'ソート', 'short': 'ソート'}], 'aliases': []}, {'key': 'sweeping', 'isMeta': False, 'bojTagId': 106, 'problemCount': 469, 'displayNames': [{'language': 'ko', 'name': '스위핑', 'short': '스위핑'}, {'language': 'en', 'name': 'sweeping', 'short': 'sweeping'}, {'language': 'ja', 'name': '平面走査', 'short': '平面走査'}], 'aliases': [{'alias': '라인 스위핑'}]}, {'key': 'two_pointer', 'isMeta': False, 'bojTagId': 80, 'problemCount': 380, 'displayNames': [{'language': 'ko', 'name': '두 포인터', 'short': '두 포인터'}, {'language': 'en', 'name': 'two-pointer', 'short': 'two-pointer'}, {'language': 'ja', 'name': '尺取り法', 'short': '尺取り'}], 'aliases': [{'alias': '투포인터'}, {'alias': '인치웜'}, {'alias': 'inchworm'}, {'alias': 'twopointer'}]}]",{}
24984,"Because, Art!","[{'language': 'en', 'languageDisplayName': 'en', 'title': 'Because, Art!', 'isOriginal': True}]",True,False,8,21,4,False,False,False,1.125,True,"[{'key': 'fft', 'isMeta': False, 'bojTagId': 28, 'problemCount': 126, 'displayNames': [{'language': 'ko', 'name': '고속 푸리에 변환', 'short': '고속 푸리에 변환'}, {'language': 'en', 'name': 'fast fourier transform', 'short': 'fft'}, {'language': 'ja', 'name': '高速フーリエ変換', 'short': 'fft'}], 'aliases': [{'alias': '푸리에변환'}, {'alias': '컨볼루션'}, {'alias': 'convolution'}]}, {'key': 'greedy', 'isMeta': False, 'bojTagId': 33, 'problemCount': 2504, 'displayNames': [{'language': 'ko', 'name': '그리디 알고리즘', 'short': '그리디 알고리즘'}, {'language': 'en', 'name': 'greedy', 'short': 'greedy'}, {'language': 'ja', 'name': '貪欲法', 'short': '貪欲法'}], 'aliases': [{'alias': '탐욕법'}]}, {'key': 'math', 'isMeta': False, 'bojTagId': 124, 'problemCount': 6275, 'displayNames': [{'language': 'ko', 'name': '수학', 'short': '수학'}, {'language': 'en', 'name': 'mathematics', 'short': 'math'}, {'language': 'ja', 'name': '数学', 'short': '数学'}], 'aliases': []}]",{}
24985,Cyclists versus Clouds,"[{'language': 'en', 'languageDisplayName': 'en', 'title': 'Cyclists versus Clouds', 'isOriginal': True}]",True,False,4,23,3,False,False,False,1.0,True,"[{'key': 'bfs', 'isMeta': False, 'bojTagId': 126, 'problemCount': 969, 'displayNames': [{'language': 'ko', 'name': '너비 우선 탐색', 'short': '너비 우선 탐색'}, {'language': 'en', 'name': 'breadth-first search', 'short': 'bfs'}, {'language': 'ja', 'name': '幅優先検索', 'short': 'bfs'}], 'aliases': [{'alias': 'breadthfirst'}, {'alias': 'breadth first'}]}, {'key': 'geometry', 'isMeta': False, 'bojTagId': 100, 'problemCount': 1482, 'displayNames': [{'language': 'ko', 'name': '기하학', 'short': '기하학'}, {'language': 'en', 'name': 'geometry', 'short': 'geom'}, {'language': 'ja', 'name': '幾何学', 'short': '幾何'}], 'aliases': []}, {'key': 'graphs', 'isMeta': False, 'bojTagId': 7, 'problemCount': 3637, 'displayNames': [{'language': 'ko', 'name': '그래프 이론', 'short': '그래프 이론'}, {'language': 'en', 'name': 'graph theory', 'short': 'graph'}, {'language': 'ja', 'name': 'グラフ理論', 'short': 'グラフ'}], 'aliases': [{'alias': '그래프이론'}, {'alias': '그래프'}]}, {'key': 'graph_traversal', 'isMeta': False, 'bojTagId': 11, 'problemCount': 1983, 'displayNames': [{'language': 'ko', 'name': '그래프 탐색', 'short': '그래프 탐색'}, {'language': 'en', 'name': 'graph traversal', 'short': 'traversal'}, {'language': 'ja', 'name': 'グラフの探索', 'short': '横断'}], 'aliases': [{'alias': 'bfs'}, {'alias': 'dfs'}]}, {'key': 'greedy', 'isMeta': False, 'bojTagId': 33, 'problemCount': 2504, 'displayNames': [{'language': 'ko', 'name': '그리디 알고리즘', 'short': '그리디 알고리즘'}, {'language': 'en', 'name': 'greedy', 'short': 'greedy'}, {'language': 'ja', 'name': '貪欲法', 'short': '貪欲法'}], 'aliases': [{'alias': '탐욕법'}]}, {'key': 'implementation', 'isMeta': False, 'bojTagId': 102, 'problemCount': 5468, 'displayNames': [{'language': 'ko', 'name': '구현', 'short': '구현'}, {'language': 'en', 'name': 'implementation', 'short': 'impl'}, {'language': 'ja', 'name': '実装', 'short': 'impl'}], 'aliases': []}, {'key': 'shortest_path', 'isMeta': False, 'bojTagId': 215, 'problemCount': 760, 'displayNames': [{'language': 'ko', 'name': '최단 경로', 'short': '최단 경로'}, {'language': 'en', 'name': 'shortest path', 'short': 'shortest path'}, {'language': 'ja', 'name': '最短経路', 'short': '最短経路'}], 'aliases': []}]",{}
24986,Daily Turnovers,"[{'language': 'en', 'languageDisplayName': 'en', 'title': 'Daily Turnovers', 'isOriginal': True}]",True,False,5,23,3,False,False,False,2.4,True,"[{'key': 'data_structures', 'isMeta': False, 'bojTagId': 175, 'problemCount': 3772, 'displayNames': [{'language': 'ko', 'name': '자료 구조', 'short': '자료 구조'}, {'language': 'en', 'name': 'data structures', 'short': 'ds'}, {'language': 'ja', 'name': 'データ構造', 'short': 'ds'}], 'aliases': [{'alias': '자료구조'}, {'alias': '자구'}]}, {'key': 'dp', 'isMeta': False, 'bojTagId': 25, 'problemCount': 3982, 'displayNames': [{'language': 'ko', 'name': '다이나믹 프로그래밍', 'short': '다이나믹 프로그래밍'}, {'language': 'en', 'name': 'dynamic programming', 'short': 'dp'}, {'language': 'ja', 'name': '動的計画法', 'short': 'dp'}], 'aliases': [{'alias': '동적계획법'}, {'alias': '동적 계획법'}, {'alias': '다이나믹프로그래밍'}]}, {'key': 'lazyprop', 'isMeta': False, 'bojTagId': 66, 'problemCount': 300, 'displayNames': [{'language': 'ko', 'name': '느리게 갱신되는 세그먼트 트리', 'short': '느리게 갱신되는 세그먼트 트리'}, {'language': 'en', 'name': 'segment tree with lazy propagation', 'short': 'lazyprop'}, {'language': 'ja', 'name': '遅延評価セグメント木', 'short': '遅延評価セグ木'}], 'aliases': [{'alias': '레이지'}, {'alias': '레이지프로퍼게이션'}, {'alias': '레이지프로파게이션'}, {'alias': '구간트리'}, {'alias': 'fenwick'}, {'alias': '펜윅'}]}, {'key': 'prefix_sum', 'isMeta': False, 'bojTagId': 139, 'problemCount': 953, 'displayNames': [{'language': 'ko', 'name': '누적 합', 'short': '누적 합'}, {'language': 'en', 'name': 'prefix sum', 'short': 'prefix sum'}, {'language': 'ja', 'name': '累積和', 'short': '累積和'}], 'aliases': [{'alias': '구간합'}, {'alias': '부분합'}, {'alias': 'rangesum'}]}, {'key': 'segtree', 'isMeta': False, 'bojTagId': 65, 'problemCount': 1289, 'displayNames': [{'language': 'ko', 'name': '세그먼트 트리', 'short': '세그먼트 트리'}, {'language': 'en', 'name': 'segment tree', 'short': 'segtree'}, {'language': 'ja', 'name': 'セグメント木', 'short': 'セグ木'}], 'aliases': [{'alias': '구간트리'}, {'alias': '세그트리'}, {'alias': 'fenwick'}, {'alias': '펜윅'}]}, {'key': 'sparse_table', 'isMeta': False, 'bojTagId': 84, 'problemCount': 138, 'displayNames': [{'language': 'ko', 'name': '희소 배열', 'short': '희소 배열'}, {'language': 'en', 'name': 'sparse table', 'short': 'sparse table'}, {'language': 'ja', 'name': 'sparse table', 'short': 'sparse table'}], 'aliases': [{'alias': '스파스어레이'}, {'alias': 'sparse table'}]}, {'key': 'sweeping', 'isMeta': False, 'bojTagId': 106, 'problemCount': 469, 'displayNames': [{'language': 'ko', 'name': '스위핑', 'short': '스위핑'}, {'language': 'en', 'name': 'sweeping', 'short': 'sweeping'}, {'language': 'ja', 'name': '平面走査', 'short': '平面走査'}], 'aliases': [{'alias': '라인 스위핑'}]}]",{}
24987,Expedition Plans,"[{'language': 'en', 'languageDisplayName': 'en', 'title': 'Expedition Plans', 'isOriginal': True}]",True,False,3,22,1,False,False,False,2.3333,True,"[{'key': 'binary_search', 'isMeta': False, 'bojTagId': 12, 'problemCount': 1206, 'displayNames': [{'language': 'ko', 'name': '이분 탐색', 'short': '이분 탐색'}, {'language': 'en', 'name': 'binary search', 'short': 'binary search'}, {'language': 'ja', 'name': '二分探索', 'short': '二分探索'}], 'aliases': [{'alias': '이분탐색'}, {'alias': '이진탐색'}]}, {'key': 'data_structures', 'isMeta': False, 'bojTagId': 175, 'problemCount': 3772, 'displayNames': [{'language': 'ko', 'name': '자료 구조', 'short': '자료 구조'}, {'language': 'en', 'name': 'data structures', 'short': 'ds'}, {'language': 'ja', 'name': 'データ構造', 'short': 'ds'}], 'aliases': [{'alias': '자료구조'}, {'alias': '자구'}]}, {'key': 'dp', 'isMeta': False, 'bojTagId': 25, 'problemCount': 3982, 'displayNames': [{'language': 'ko', 'name': '다이나믹 프로그래밍', 'short': '다이나믹 프로그래밍'}, {'language': 'en', 'name': 'dynamic programming', 'short': 'dp'}, {'language': 'ja', 'name': '動的計画法', 'short': 'dp'}], 'aliases': [{'alias': '동적계획법'}, {'alias': '동적 계획법'}, {'alias': '다이나믹프로그래밍'}]}, {'key': 'segtree', 'isMeta': False, 'bojTagId': 65, 'problemCount': 1289, 'displayNames': [{'language': 'ko', 'name': '세그먼트 트리', 'short': '세그먼트 트리'}, {'language': 'en', 'name': 'segment tree', 'short': 'segtree'}, {'language': 'ja', 'name': 'セグメント木', 'short': 'セグ木'}], 'aliases': [{'alias': '구간트리'}, {'alias': '세그트리'}, {'alias': 'fenwick'}, {'alias': '펜윅'}]}]",{}
24988,Fields Division,"[{'language': 'en', 'languageDisplayName': 'en', 'title': 'Fields Division', 'isOriginal': True}]",True,False,29,11,4,False,False,False,1.6207,True,"[{'key': 'dfs', 'isMeta': False, 'bojTagId': 127, 'problemCount': 807, 'displayNames': [{'language': 'ko', 'name': '깊이 우선 탐색', 'short': '깊이 우선 탐색'}, {'language': 'en', 'name': 'depth-first search', 'short': 'dfs'}, {'language': 'ja', 'name': '深さ優先探索', 'short': 'dfs'}], 'aliases': [{'alias': 'depth first'}, {'alias': 'depthfirst'}]}, {'key': 'graphs', 'isMeta': False, 'bojTagId': 7, 'problemCount': 3637, 'displayNames': [{'language': 'ko', 'name': '그래프 이론', 'short': '그래프 이론'}, {'language': 'en', 'name': 'graph theory', 'short': 'graph'}, {'language': 'ja', 'name': 'グラフ理論', 'short': 'グラフ'}], 'aliases': [{'alias': '그래프이론'}, {'alias': '그래프'}]}, {'key': 'graph_traversal', 'isMeta': False, 'bojTagId': 11, 'problemCount': 1983, 'displayNames': [{'language': 'ko', 'name': '그래프 탐색', 'short': '그래프 탐색'}, {'language': 'en', 'name': 'graph traversal', 'short': 'traversal'}, {'language': 'ja', 'name': 'グラフの探索', 'short': '横断'}], 'aliases': [{'alias': 'bfs'}, {'alias': 'dfs'}]}]",{}
24989,Generator Tree,"[{'language': 'en', 'languageDisplayName': 'en', 'title': 'Generator Tree', 'isOriginal': True}]",True,False,4,26,1,False,False,False,1.25,True,"[{'key': 'centroid', 'isMeta': False, 'bojTagId': 188, 'problemCount': 96, 'displayNames': [{'language': 'en', 'name': 'centroid', 'short': 'centroid'}, {'language': 'ko', 'name': '센트로이드', 'short': '센트로이드'}, {'language': 'ja', 'name': 'centroid', 'short': 'centroid'}], 'aliases': []}, {'key': 'data_structures', 'isMeta': False, 'bojTagId': 175, 'problemCount': 3772, 'displayNames': [{'language': 'ko', 'name': '자료 구조', 'short': '자료 구조'}, {'language': 'en', 'name': 'data structures', 'short': 'ds'}, {'language': 'ja', 'name': 'データ構造', 'short': 'ds'}], 'aliases': [{'alias': '자료구조'}, {'alias': '자구'}]}, {'key': 'implementation', 'isMeta': False, 'bojTagId': 102, 'problemCount': 5468, 'displayNames': [{'language': 'ko', 'name': '구현', 'short': '구현'}, {'language': 'en', 'name': 'implementation', 'short': 'impl'}, {'language': 'ja', 'name': '実装', 'short': 'impl'}], 'aliases': []}, {'key': 'trees', 'isMeta': False, 'bojTagId': 120, 'problemCount': 1384, 'displayNames': [{'language': 'ko', 'name': '트리', 'short': '트리'}, {'language': 'en', 'name': 'tree', 'short': 'tree'}, {'language': 'ja', 'name': '木', 'short': '木'}], 'aliases': [{'alias': 'trees'}]}, {'key': 'tree_isomorphism', 'isMeta': False, 'bojTagId': 145, 'problemCount': 22, 'displayNames': [{'language': 'ko', 'name': '트리 동형 사상', 'short': '트리 동형 사상'}, {'language': 'en', 'name': 'tree isomorphism', 'short': 'tree isomorphism'}, {'language': 'ja', 'name': '木の同型性判定', 'short': '木の同型性判定'}], 'aliases': [{'alias': 'graph isomorphism'}, {'alias': 'isomorphism'}, {'alias': 'topology'}, {'alias': '아이소모피즘'}, {'alias': '위상'}]}]",{}
24990,Hamilton - The Musical,"[{'language': 'en', 'languageDisplayName': 'en', 'title': 'Hamilton - The Musical', 'isOriginal': True}]",True,False,14,22,6,False,False,False,3.2143,True,"[{'key': 'hungarian', 'isMeta': False, 'bojTagId': 36, 'problemCount': 20, 'displayNames': [{'language': 'ko', 'name': '헝가리안', 'short': '헝가리안'}, {'language': 'en', 'name': 'hungarian', 'short': 'hungarian'}, {'language': 'ja', 'name': 'hungarian', 'short': 'hungarian'}], 'aliases': [{'alias': '헝가리안'}, {'alias': 'assignment problem'}, {'alias': 'weighted bipartite matching'}]}]",{}
24991,Invested Money,"[{'language': 'en', 'languageDisplayName': 'en', 'title': 'Invested Money', 'isOriginal': True}]",True,False,14,12,3,False,False,False,1.8571,True,"[{'key': 'implementation', 'isMeta': False, 'bojTagId': 102, 'problemCount': 5468, 'displayNames': [{'language': 'ko', 'name': '구현', 'short': '구현'}, {'language': 'en', 'name': 'implementation', 'short': 'impl'}, {'language': 'ja', 'name': '実装', 'short': 'impl'}], 'aliases': []}, {'key': 'simulation', 'isMeta': False, 'bojTagId': 141, 'problemCount': 1066, 'displayNames': [{'language': 'ko', 'name': '시뮬레이션', 'short': '시뮬레이션'}, {'language': 'en', 'name': 'simulation', 'short': 'simulation'}, {'language': 'ja', 'name': 'シミュレーション', 'short': 'シミュレーション'}], 'aliases': []}]",{}
24992,Joining Pairs,"[{'language': 'en', 'languageDisplayName': 'en', 'title': 'Joining Pairs', 'isOriginal': True}]",True,False,46,18,13,False,False,False,1.9565,True,"[{'key': 'data_structures', 'isMeta': False, 'bojTagId': 175, 'problemCount': 3772, 'displayNames': [{'language': 'ko', 'name': '자료 구조', 'short': '자료 구조'}, {'language': 'en', 'name': 'data structures', 'short': 'ds'}, {'language': 'ja', 'name': 'データ構造', 'short': 'ds'}], 'aliases': [{'alias': '자료구조'}, {'alias': '자구'}]}, {'key': 'geometry', 'isMeta': False, 'bojTagId': 100, 'problemCount': 1482, 'displayNames': [{'language': 'ko', 'name': '기하학', 'short': '기하학'}, {'language': 'en', 'name': 'geometry', 'short': 'geom'}, {'language': 'ja', 'name': '幾何学', 'short': '幾何'}], 'aliases': []}, {'key': 'stack', 'isMeta': False, 'bojTagId': 71, 'problemCount': 372, 'displayNames': [{'language': 'ko', 'name': '스택', 'short': '스택'}, {'language': 'en', 'name': 'stack', 'short': 'stack'}, {'language': 'ja', 'name': 'スタック', 'short': 'スタック'}], 'aliases': []}]",{}
24993,KIARA is a Recursive Acronym,"[{'language': 'en', 'languageDisplayName': 'en', 'title': 'KIARA is a Recursive Acronym', 'isOriginal': True}]",True,False,77,5,15,False,False,False,2.026,True,"[{'key': 'implementation', 'isMeta': False, 'bojTagId': 102, 'problemCount': 5468, 'displayNames': [{'language': 'ko', 'name': '구현', 'short': '구현'}, {'language': 'en', 'name': 'implementation', 'short': 'impl'}, {'language': 'ja', 'name': '実装', 'short': 'impl'}], 'aliases': []}, {'key': 'string', 'isMeta': False, 'bojTagId': 158, 'problemCount': 2357, 'displayNames': [{'language': 'ko', 'name': '문자열', 'short': '문자열'}, {'language': 'en', 'name': 'string', 'short': 'string'}, {'language': 'ja', 'name': '文字列', 'short': '文字列'}], 'aliases': [{'alias': '스트링'}]}]",{}
24994,Leaving Yharnam,"[{'language': 'en', 'languageDisplayName': 'en', 'title': 'Leaving Yharnam', 'isOriginal': True}]",True,False,6,19,2,False,False,False,1.3333,True,"[{'key': 'combinatorics', 'isMeta': False, 'bojTagId': 6, 'problemCount': 895, 'displayNames': [{'language': 'ko', 'name': '조합론', 'short': '조합론'}, {'language': 'en', 'name': 'combinatorics', 'short': 'combinatorics'}, {'language': 'ja', 'name': '組み合わせ', 'short': '組み合わせ'}], 'aliases': [{'alias': 'combination'}, {'alias': 'permutation'}, {'alias': 'probability'}, {'alias': '확률'}, {'alias': '순열'}]}, {'key': 'implementation', 'isMeta': False, 'bojTagId': 102, 'problemCount': 5468, 'displayNames': [{'language': 'ko', 'name': '구현', 'short': '구현'}, {'language': 'en', 'name': 'implementation', 'short': 'impl'}, {'language': 'ja', 'name': '実装', 'short': 'impl'}], 'aliases': []}, {'key': 'math', 'isMeta': False, 'bojTagId': 124, 'problemCount': 6275, 'displayNames': [{'language': 'ko', 'name': '수학', 'short': '수학'}, {'language': 'en', 'name': 'mathematics', 'short': 'math'}, {'language': 'ja', 'name': '数学', 'short': '数学'}], 'aliases': []}]",{}
24995,Most Ordered Way,"[{'language': 'en', 'languageDisplayName': 'en', 'title': 'Most Ordered Way', 'isOriginal': True}]",True,False,21,19,6,False,False,False,2.0,True,"[{'key': 'greedy', 'isMeta': False, 'bojTagId': 33, 'problemCount': 2504, 'displayNames': [{'language': 'ko', 'name': '그리디 알고리즘', 'short': '그리디 알고리즘'}, {'language': 'en', 'name': 'greedy', 'short': 'greedy'}, {'language': 'ja', 'name': '貪欲法', 'short': '貪欲法'}], 'aliases': [{'alias': '탐욕법'}]}, {'key': 'sorting', 'isMeta': False, 'bojTagId': 97, 'problemCount': 1833, 'displayNames': [{'language': 'ko', 'name': '정렬', 'short': '정렬'}, {'language': 'en', 'name': 'sorting', 'short': 'sorting'}, {'language': 'ja', 'name': 'ソート', 'short': 'ソート'}], 'aliases': []}]",{}
24996,Album of Numbers,"[{'language': 'en', 'languageDisplayName': 'en', 'title': 'Album of Numbers', 'isOriginal': True}]",True,False,1,0,0,False,False,False,1.0,True,[],{}
24997,Well Off,"[{'language': 'en', 'languageDisplayName': 'en', 'title': 'Well Off', 'isOriginal': True}]",True,False,4,0,0,False,False,False,1.25,True,[],{}
24998,Accurate Shots (8Mb TL!),"[{'language': 'en', 'languageDisplayName': 'en', 'title': 'Accurate Shots (8Mb TL!)', 'isOriginal': True}]",True,False,2,0,0,False,False,False,6.5,True,[],{}
24999,Prom,"[{'language': 'en', 'languageDisplayName': 'en', 'title': 'Prom', 'isOriginal': True}]",True,False,24,8,5,False,False,False,1.3333,True,"[{'key': 'binary_search', 'isMeta': False, 'bojTagId': 12, 'problemCount': 1206, 'displayNames': [{'language': 'ko', 'name': '이분 탐색', 'short': '이분 탐색'}, {'language': 'en', 'name': 'binary search', 'short': 'binary search'}, {'language': 'ja', 'name': '二分探索', 'short': '二分探索'}], 'aliases': [{'alias': '이분탐색'}, {'alias': '이진탐색'}]}, {'key': 'sorting', 'isMeta': False, 'bojTagId': 97, 'problemCount': 1833, 'displayNames': [{'language': 'ko', 'name': '정렬', 'short': '정렬'}, {'language': 'en', 'name': 'sorting', 'short': 'sorting'}, {'language': 'ja', 'name': 'ソート', 'short': 'ソート'}], 'aliases': []}]",{}
