problemId,titleKo,titles,isSolvable,isPartial,acceptedUserCount,level,votedUserCount,sprout,givesNoRating,isLevelLocked,averageTries,official,tags,metadata
27200,Loop around Lake,"[{'language': 'en', 'languageDisplayName': 'en', 'title': 'Loop around Lake', 'isOriginal': True}]",True,False,5,23,2,False,False,False,1.2,True,"[{'key': 'bfs', 'isMeta': False, 'bojTagId': 126, 'problemCount': 969, 'displayNames': [{'language': 'ko', 'name': '너비 우선 탐색', 'short': '너비 우선 탐색'}, {'language': 'en', 'name': 'breadth-first search', 'short': 'bfs'}, {'language': 'ja', 'name': '幅優先検索', 'short': 'bfs'}], 'aliases': [{'alias': 'breadthfirst'}, {'alias': 'breadth first'}]}, {'key': 'graphs', 'isMeta': False, 'bojTagId': 7, 'problemCount': 3637, 'displayNames': [{'language': 'ko', 'name': '그래프 이론', 'short': '그래프 이론'}, {'language': 'en', 'name': 'graph theory', 'short': 'graph'}, {'language': 'ja', 'name': 'グラフ理論', 'short': 'グラフ'}], 'aliases': [{'alias': '그래프이론'}, {'alias': '그래프'}]}, {'key': 'graph_traversal', 'isMeta': False, 'bojTagId': 11, 'problemCount': 1983, 'displayNames': [{'language': 'ko', 'name': '그래프 탐색', 'short': '그래프 탐색'}, {'language': 'en', 'name': 'graph traversal', 'short': 'traversal'}, {'language': 'ja', 'name': 'グラフの探索', 'short': '横断'}], 'aliases': [{'alias': 'bfs'}, {'alias': 'dfs'}]}]",{}
27201,One-dimensional Game,"[{'language': 'en', 'languageDisplayName': 'en', 'title': 'One-dimensional Game', 'isOriginal': True}]",True,False,1,23,1,False,False,False,1.0,True,"[{'key': 'data_structures', 'isMeta': False, 'bojTagId': 175, 'problemCount': 3772, 'displayNames': [{'language': 'ko', 'name': '자료 구조', 'short': '자료 구조'}, {'language': 'en', 'name': 'data structures', 'short': 'ds'}, {'language': 'ja', 'name': 'データ構造', 'short': 'ds'}], 'aliases': [{'alias': '자료구조'}, {'alias': '자구'}]}, {'key': 'divide_and_conquer', 'isMeta': False, 'bojTagId': 24, 'problemCount': 412, 'displayNames': [{'language': 'ko', 'name': '분할 정복', 'short': '분할 정복'}, {'language': 'en', 'name': 'divide and conquer', 'short': 'd&c'}, {'language': 'ja', 'name': '分割統治法', 'short': '分割統治法'}], 'aliases': [{'alias': 'dnc'}]}, {'key': 'segtree', 'isMeta': False, 'bojTagId': 65, 'problemCount': 1289, 'displayNames': [{'language': 'ko', 'name': '세그먼트 트리', 'short': '세그먼트 트리'}, {'language': 'en', 'name': 'segment tree', 'short': 'segtree'}, {'language': 'ja', 'name': 'セグメント木', 'short': 'セグ木'}], 'aliases': [{'alias': '구간트리'}, {'alias': '세그트리'}, {'alias': 'fenwick'}, {'alias': '펜윅'}]}, {'key': 'sweeping', 'isMeta': False, 'bojTagId': 106, 'problemCount': 469, 'displayNames': [{'language': 'ko', 'name': '스위핑', 'short': '스위핑'}, {'language': 'en', 'name': 'sweeping', 'short': 'sweeping'}, {'language': 'ja', 'name': '平面走査', 'short': '平面走査'}], 'aliases': [{'alias': '라인 스위핑'}]}]",{}
27202,Soviet Kindergarden,"[{'language': 'en', 'languageDisplayName': 'en', 'title': 'Soviet Kindergarden', 'isOriginal': True}]",True,False,1,21,1,False,False,False,1.0,True,"[{'key': 'ad_hoc', 'isMeta': False, 'bojTagId': 109, 'problemCount': 1448, 'displayNames': [{'language': 'ko', 'name': '애드 혹', 'short': '애드 혹'}, {'language': 'en', 'name': 'ad-hoc', 'short': 'ad-hoc'}, {'language': 'ja', 'name': 'アドホック', 'short': 'アドホック'}], 'aliases': []}, {'key': 'case_work', 'isMeta': False, 'bojTagId': 137, 'problemCount': 856, 'displayNames': [{'language': 'ko', 'name': '많은 조건 분기', 'short': '많은 조건 분기'}, {'language': 'en', 'name': 'case work', 'short': 'case work'}, {'language': 'ja', 'name': 'ケースワーク', 'short': 'ケースワーク'}], 'aliases': [{'alias': '케이스'}, {'alias': '케이스워크'}, {'alias': '케이스 워크'}]}, {'key': 'graphs', 'isMeta': False, 'bojTagId': 7, 'problemCount': 3637, 'displayNames': [{'language': 'ko', 'name': '그래프 이론', 'short': '그래프 이론'}, {'language': 'en', 'name': 'graph theory', 'short': 'graph'}, {'language': 'ja', 'name': 'グラフ理論', 'short': 'グラフ'}], 'aliases': [{'alias': '그래프이론'}, {'alias': '그래프'}]}, {'key': 'implementation', 'isMeta': False, 'bojTagId': 102, 'problemCount': 5468, 'displayNames': [{'language': 'ko', 'name': '구현', 'short': '구현'}, {'language': 'en', 'name': 'implementation', 'short': 'impl'}, {'language': 'ja', 'name': '実装', 'short': 'impl'}], 'aliases': []}]",{}
27203,Pyramid Construction,"[{'language': 'en', 'languageDisplayName': 'en', 'title': 'Pyramid Construction', 'isOriginal': True}]",True,False,0,0,0,False,False,False,0.0,True,[],{}
27204,The Fortress Defense,"[{'language': 'en', 'languageDisplayName': 'en', 'title': 'The Fortress Defense', 'isOriginal': True}]",True,False,2,20,2,False,False,False,2.0,True,"[{'key': 'combinatorics', 'isMeta': False, 'bojTagId': 6, 'problemCount': 895, 'displayNames': [{'language': 'ko', 'name': '조합론', 'short': '조합론'}, {'language': 'en', 'name': 'combinatorics', 'short': 'combinatorics'}, {'language': 'ja', 'name': '組み合わせ', 'short': '組み合わせ'}], 'aliases': [{'alias': 'combination'}, {'alias': 'permutation'}, {'alias': 'probability'}, {'alias': '확률'}, {'alias': '순열'}]}, {'key': 'dp', 'isMeta': False, 'bojTagId': 25, 'problemCount': 3982, 'displayNames': [{'language': 'ko', 'name': '다이나믹 프로그래밍', 'short': '다이나믹 프로그래밍'}, {'language': 'en', 'name': 'dynamic programming', 'short': 'dp'}, {'language': 'ja', 'name': '動的計画法', 'short': 'dp'}], 'aliases': [{'alias': '동적계획법'}, {'alias': '동적 계획법'}, {'alias': '다이나믹프로그래밍'}]}, {'key': 'math', 'isMeta': False, 'bojTagId': 124, 'problemCount': 6275, 'displayNames': [{'language': 'ko', 'name': '수학', 'short': '수학'}, {'language': 'en', 'name': 'mathematics', 'short': 'math'}, {'language': 'ja', 'name': '数学', 'short': '数学'}], 'aliases': []}, {'key': 'prefix_sum', 'isMeta': False, 'bojTagId': 139, 'problemCount': 953, 'displayNames': [{'language': 'ko', 'name': '누적 합', 'short': '누적 합'}, {'language': 'en', 'name': 'prefix sum', 'short': 'prefix sum'}, {'language': 'ja', 'name': '累積和', 'short': '累積和'}], 'aliases': [{'alias': '구간합'}, {'alias': '부분합'}, {'alias': 'rangesum'}]}]",{}
27205,Wires Puzzle,"[{'language': 'en', 'languageDisplayName': 'en', 'title': 'Wires Puzzle', 'isOriginal': True}]",True,False,4,17,2,False,False,False,1.75,True,"[{'key': 'graphs', 'isMeta': False, 'bojTagId': 7, 'problemCount': 3637, 'displayNames': [{'language': 'ko', 'name': '그래프 이론', 'short': '그래프 이론'}, {'language': 'en', 'name': 'graph theory', 'short': 'graph'}, {'language': 'ja', 'name': 'グラフ理論', 'short': 'グラフ'}], 'aliases': [{'alias': '그래프이론'}, {'alias': '그래프'}]}]",{}
27206,Relay,"[{'language': 'en', 'languageDisplayName': 'en', 'title': 'Relay', 'isOriginal': True}]",True,False,20,14,7,False,False,False,1.3,True,"[{'key': 'data_structures', 'isMeta': False, 'bojTagId': 175, 'problemCount': 3772, 'displayNames': [{'language': 'ko', 'name': '자료 구조', 'short': '자료 구조'}, {'language': 'en', 'name': 'data structures', 'short': 'ds'}, {'language': 'ja', 'name': 'データ構造', 'short': 'ds'}], 'aliases': [{'alias': '자료구조'}, {'alias': '자구'}]}, {'key': 'priority_queue', 'isMeta': False, 'bojTagId': 59, 'problemCount': 421, 'displayNames': [{'language': 'ko', 'name': '우선순위 큐', 'short': '우선순위 큐'}, {'language': 'en', 'name': 'priority queue', 'short': 'priority queue'}, {'language': 'ja', 'name': '優先度付きキュー', 'short': '優先度付きキュー'}], 'aliases': [{'alias': 'heap'}, {'alias': '힙'}]}, {'key': 'sorting', 'isMeta': False, 'bojTagId': 97, 'problemCount': 1833, 'displayNames': [{'language': 'ko', 'name': '정렬', 'short': '정렬'}, {'language': 'en', 'name': 'sorting', 'short': 'sorting'}, {'language': 'ja', 'name': 'ソート', 'short': 'ソート'}], 'aliases': []}]",{}
27207,JOIG Tour,"[{'language': 'en', 'languageDisplayName': 'en', 'title': 'JOIG Tour', 'isOriginal': True}]",True,False,17,16,10,False,False,False,1.2353,True,"[{'key': 'binary_search', 'isMeta': False, 'bojTagId': 12, 'problemCount': 1206, 'displayNames': [{'language': 'ko', 'name': '이분 탐색', 'short': '이분 탐색'}, {'language': 'en', 'name': 'binary search', 'short': 'binary search'}, {'language': 'ja', 'name': '二分探索', 'short': '二分探索'}], 'aliases': [{'alias': '이분탐색'}, {'alias': '이진탐색'}]}, {'key': 'bruteforcing', 'isMeta': False, 'bojTagId': 125, 'problemCount': 2158, 'displayNames': [{'language': 'ko', 'name': '브루트포스 알고리즘', 'short': '브루트포스 알고리즘'}, {'language': 'en', 'name': 'bruteforcing', 'short': 'bruteforce'}, {'language': 'ja', 'name': '全探索', 'short': '全探索'}], 'aliases': [{'alias': '완전탐색'}, {'alias': '완전 탐색'}, {'alias': '브루트포스'}, {'alias': 'bruteforce'}, {'alias': 'brute force'}, {'alias': '완탐'}]}, {'key': 'greedy', 'isMeta': False, 'bojTagId': 33, 'problemCount': 2504, 'displayNames': [{'language': 'ko', 'name': '그리디 알고리즘', 'short': '그리디 알고리즘'}, {'language': 'en', 'name': 'greedy', 'short': 'greedy'}, {'language': 'ja', 'name': '貪欲法', 'short': '貪欲法'}], 'aliases': [{'alias': '탐욕법'}]}]",{}
27208,Melons,"[{'language': 'en', 'languageDisplayName': 'en', 'title': 'Melons', 'isOriginal': True}]",True,False,14,14,4,False,False,False,1.4286,True,"[{'key': 'binary_search', 'isMeta': False, 'bojTagId': 12, 'problemCount': 1206, 'displayNames': [{'language': 'ko', 'name': '이분 탐색', 'short': '이분 탐색'}, {'language': 'en', 'name': 'binary search', 'short': 'binary search'}, {'language': 'ja', 'name': '二分探索', 'short': '二分探索'}], 'aliases': [{'alias': '이분탐색'}, {'alias': '이진탐색'}]}, {'key': 'dp', 'isMeta': False, 'bojTagId': 25, 'problemCount': 3982, 'displayNames': [{'language': 'ko', 'name': '다이나믹 프로그래밍', 'short': '다이나믹 프로그래밍'}, {'language': 'en', 'name': 'dynamic programming', 'short': 'dp'}, {'language': 'ja', 'name': '動的計画法', 'short': 'dp'}], 'aliases': [{'alias': '동적계획법'}, {'alias': '동적 계획법'}, {'alias': '다이나믹프로그래밍'}]}, {'key': 'prefix_sum', 'isMeta': False, 'bojTagId': 139, 'problemCount': 953, 'displayNames': [{'language': 'ko', 'name': '누적 합', 'short': '누적 합'}, {'language': 'en', 'name': 'prefix sum', 'short': 'prefix sum'}, {'language': 'ja', 'name': '累積和', 'short': '累積和'}], 'aliases': [{'alias': '구간합'}, {'alias': '부분합'}, {'alias': 'rangesum'}]}, {'key': 'two_pointer', 'isMeta': False, 'bojTagId': 80, 'problemCount': 380, 'displayNames': [{'language': 'ko', 'name': '두 포인터', 'short': '두 포인터'}, {'language': 'en', 'name': 'two-pointer', 'short': 'two-pointer'}, {'language': 'ja', 'name': '尺取り法', 'short': '尺取り'}], 'aliases': [{'alias': '투포인터'}, {'alias': '인치웜'}, {'alias': 'inchworm'}, {'alias': 'twopointer'}]}]",{}
27209,Airport,"[{'language': 'en', 'languageDisplayName': 'en', 'title': 'Airport', 'isOriginal': True}]",True,False,15,19,6,False,False,False,2.8667,True,"[{'key': 'data_structures', 'isMeta': False, 'bojTagId': 175, 'problemCount': 3772, 'displayNames': [{'language': 'ko', 'name': '자료 구조', 'short': '자료 구조'}, {'language': 'en', 'name': 'data structures', 'short': 'ds'}, {'language': 'ja', 'name': 'データ構造', 'short': 'ds'}], 'aliases': [{'alias': '자료구조'}, {'alias': '자구'}]}, {'key': 'greedy', 'isMeta': False, 'bojTagId': 33, 'problemCount': 2504, 'displayNames': [{'language': 'ko', 'name': '그리디 알고리즘', 'short': '그리디 알고리즘'}, {'language': 'en', 'name': 'greedy', 'short': 'greedy'}, {'language': 'ja', 'name': '貪欲法', 'short': '貪欲法'}], 'aliases': [{'alias': '탐욕법'}]}, {'key': 'tree_set', 'isMeta': False, 'bojTagId': 74, 'problemCount': 488, 'displayNames': [{'language': 'ko', 'name': '트리를 사용한 집합과 맵', 'short': '트리를 사용한 집합과 맵'}, {'language': 'en', 'name': 'set / map by trees', 'short': 'treeset'}, {'language': 'ja', 'name': '木によるセット・マップ', 'short': 'treeset'}], 'aliases': [{'alias': '집합'}, {'alias': '맵'}, {'alias': '셋'}, {'alias': '딕셔너리'}, {'alias': 'dictionary'}, {'alias': 'map'}, {'alias': 'set'}, {'alias': 'bbst'}, {'alias': '트리'}, {'alias': 'tree'}]}]",{}
27210,신을 모시는 사당,"[{'language': 'ko', 'languageDisplayName': 'ko', 'title': '신을 모시는 사당', 'isOriginal': True}]",True,False,507,11,47,False,False,False,2.359,True,"[{'key': 'dp', 'isMeta': False, 'bojTagId': 25, 'problemCount': 3982, 'displayNames': [{'language': 'ko', 'name': '다이나믹 프로그래밍', 'short': '다이나믹 프로그래밍'}, {'language': 'en', 'name': 'dynamic programming', 'short': 'dp'}, {'language': 'ja', 'name': '動的計画法', 'short': 'dp'}], 'aliases': [{'alias': '동적계획법'}, {'alias': '동적 계획법'}, {'alias': '다이나믹프로그래밍'}]}, {'key': 'prefix_sum', 'isMeta': False, 'bojTagId': 139, 'problemCount': 953, 'displayNames': [{'language': 'ko', 'name': '누적 합', 'short': '누적 합'}, {'language': 'en', 'name': 'prefix sum', 'short': 'prefix sum'}, {'language': 'ja', 'name': '累積和', 'short': '累積和'}], 'aliases': [{'alias': '구간합'}, {'alias': '부분합'}, {'alias': 'rangesum'}]}]",{}
27211,도넛 행성,"[{'language': 'ko', 'languageDisplayName': 'ko', 'title': '도넛 행성', 'isOriginal': True}]",True,False,567,11,45,False,False,False,1.4797,True,"[{'key': 'bfs', 'isMeta': False, 'bojTagId': 126, 'problemCount': 969, 'displayNames': [{'language': 'ko', 'name': '너비 우선 탐색', 'short': '너비 우선 탐색'}, {'language': 'en', 'name': 'breadth-first search', 'short': 'bfs'}, {'language': 'ja', 'name': '幅優先検索', 'short': 'bfs'}], 'aliases': [{'alias': 'breadthfirst'}, {'alias': 'breadth first'}]}, {'key': 'graphs', 'isMeta': False, 'bojTagId': 7, 'problemCount': 3637, 'displayNames': [{'language': 'ko', 'name': '그래프 이론', 'short': '그래프 이론'}, {'language': 'en', 'name': 'graph theory', 'short': 'graph'}, {'language': 'ja', 'name': 'グラフ理論', 'short': 'グラフ'}], 'aliases': [{'alias': '그래프이론'}, {'alias': '그래프'}]}, {'key': 'graph_traversal', 'isMeta': False, 'bojTagId': 11, 'problemCount': 1983, 'displayNames': [{'language': 'ko', 'name': '그래프 탐색', 'short': '그래프 탐색'}, {'language': 'en', 'name': 'graph traversal', 'short': 'traversal'}, {'language': 'ja', 'name': 'グラフの探索', 'short': '横断'}], 'aliases': [{'alias': 'bfs'}, {'alias': 'dfs'}]}]",{}
27212,미팅,"[{'language': 'ko', 'languageDisplayName': 'ko', 'title': '미팅', 'isOriginal': True}]",True,False,147,13,19,False,False,False,2.5578,True,"[{'key': 'dp', 'isMeta': False, 'bojTagId': 25, 'problemCount': 3982, 'displayNames': [{'language': 'ko', 'name': '다이나믹 프로그래밍', 'short': '다이나믹 프로그래밍'}, {'language': 'en', 'name': 'dynamic programming', 'short': 'dp'}, {'language': 'ja', 'name': '動的計画法', 'short': 'dp'}], 'aliases': [{'alias': '동적계획법'}, {'alias': '동적 계획법'}, {'alias': '다이나믹프로그래밍'}]}]",{}
27213,Граничные клетки,"[{'language': 'ru', 'languageDisplayName': 'ru', 'title': 'Граничные клетки', 'isOriginal': True}]",True,False,503,2,60,False,False,False,2.2843,True,"[{'key': 'arithmetic', 'isMeta': False, 'bojTagId': 121, 'problemCount': 1097, 'displayNames': [{'language': 'ko', 'name': '사칙연산', 'short': '사칙연산'}, {'language': 'en', 'name': 'arithmetic', 'short': 'arithmetic'}, {'language': 'ja', 'name': '算数', 'short': '算数'}], 'aliases': [{'alias': '덧셈'}, {'alias': '뺄셈'}, {'alias': '곱셈'}, {'alias': '나눗셈'}, {'alias': '더하기'}, {'alias': '빼기'}, {'alias': '곱하기'}, {'alias': '나누기'}]}, {'key': 'math', 'isMeta': False, 'bojTagId': 124, 'problemCount': 6275, 'displayNames': [{'language': 'ko', 'name': '수학', 'short': '수학'}, {'language': 'en', 'name': 'mathematics', 'short': 'math'}, {'language': 'ja', 'name': '数学', 'short': '数学'}], 'aliases': []}]",{}
27214,Сетка,"[{'language': 'ru', 'languageDisplayName': 'ru', 'title': 'Сетка', 'isOriginal': True}]",True,False,47,4,8,False,False,False,1.1702,True,"[{'key': 'implementation', 'isMeta': False, 'bojTagId': 102, 'problemCount': 5468, 'displayNames': [{'language': 'ko', 'name': '구현', 'short': '구현'}, {'language': 'en', 'name': 'implementation', 'short': 'impl'}, {'language': 'ja', 'name': '実装', 'short': 'impl'}], 'aliases': []}, {'key': 'math', 'isMeta': False, 'bojTagId': 124, 'problemCount': 6275, 'displayNames': [{'language': 'ko', 'name': '수학', 'short': '수학'}, {'language': 'en', 'name': 'mathematics', 'short': 'math'}, {'language': 'ja', 'name': '数学', 'short': '数学'}], 'aliases': []}, {'key': 'string', 'isMeta': False, 'bojTagId': 158, 'problemCount': 2357, 'displayNames': [{'language': 'ko', 'name': '문자열', 'short': '문자열'}, {'language': 'en', 'name': 'string', 'short': 'string'}, {'language': 'ja', 'name': '文字列', 'short': '文字列'}], 'aliases': [{'alias': '스트링'}]}]",{}
27215,Непохожие числа,"[{'language': 'ru', 'languageDisplayName': 'ru', 'title': 'Непохожие числа', 'isOriginal': True}]",True,False,47,4,9,False,False,False,2.234,True,"[{'key': 'arithmetic', 'isMeta': False, 'bojTagId': 121, 'problemCount': 1097, 'displayNames': [{'language': 'ko', 'name': '사칙연산', 'short': '사칙연산'}, {'language': 'en', 'name': 'arithmetic', 'short': 'arithmetic'}, {'language': 'ja', 'name': '算数', 'short': '算数'}], 'aliases': [{'alias': '덧셈'}, {'alias': '뺄셈'}, {'alias': '곱셈'}, {'alias': '나눗셈'}, {'alias': '더하기'}, {'alias': '빼기'}, {'alias': '곱하기'}, {'alias': '나누기'}]}, {'key': 'implementation', 'isMeta': False, 'bojTagId': 102, 'problemCount': 5468, 'displayNames': [{'language': 'ko', 'name': '구현', 'short': '구현'}, {'language': 'en', 'name': 'implementation', 'short': 'impl'}, {'language': 'ja', 'name': '実装', 'short': 'impl'}], 'aliases': []}, {'key': 'math', 'isMeta': False, 'bojTagId': 124, 'problemCount': 6275, 'displayNames': [{'language': 'ko', 'name': '수학', 'short': '수학'}, {'language': 'en', 'name': 'mathematics', 'short': 'math'}, {'language': 'ja', 'name': '数学', 'short': '数学'}], 'aliases': []}, {'key': 'number_theory', 'isMeta': False, 'bojTagId': 95, 'problemCount': 1419, 'displayNames': [{'language': 'ko', 'name': '정수론', 'short': '정수론'}, {'language': 'en', 'name': 'number theory', 'short': 'number theory'}, {'language': 'ja', 'name': '整数論', 'short': '整数論'}], 'aliases': []}]",{}
27216,Хаотические разбиения,"[{'language': 'ru', 'languageDisplayName': 'ru', 'title': 'Хаотические разбиения', 'isOriginal': True}]",True,False,8,10,1,False,False,False,1.375,True,"[{'key': 'backtracking', 'isMeta': False, 'bojTagId': 5, 'problemCount': 531, 'displayNames': [{'language': 'ko', 'name': '백트래킹', 'short': '백트래킹'}, {'language': 'en', 'name': 'backtracking', 'short': 'backtrack'}, {'language': 'ja', 'name': 'バックトラック法', 'short': 'バックトラック'}], 'aliases': [{'alias': '백트래킹'}, {'alias': '퇴각검색'}, {'alias': '퇴각 검색'}]}, {'key': 'bruteforcing', 'isMeta': False, 'bojTagId': 125, 'problemCount': 2158, 'displayNames': [{'language': 'ko', 'name': '브루트포스 알고리즘', 'short': '브루트포스 알고리즘'}, {'language': 'en', 'name': 'bruteforcing', 'short': 'bruteforce'}, {'language': 'ja', 'name': '全探索', 'short': '全探索'}], 'aliases': [{'alias': '완전탐색'}, {'alias': '완전 탐색'}, {'alias': '브루트포스'}, {'alias': 'bruteforce'}, {'alias': 'brute force'}, {'alias': '완탐'}]}]",{}
27217,Кратные отрезки,"[{'language': 'ru', 'languageDisplayName': 'ru', 'title': 'Кратные отрезки', 'isOriginal': True}]",True,False,9,13,2,False,False,False,1.2222,True,"[{'key': 'prefix_sum', 'isMeta': False, 'bojTagId': 139, 'problemCount': 953, 'displayNames': [{'language': 'ko', 'name': '누적 합', 'short': '누적 합'}, {'language': 'en', 'name': 'prefix sum', 'short': 'prefix sum'}, {'language': 'ja', 'name': '累積和', 'short': '累積和'}], 'aliases': [{'alias': '구간합'}, {'alias': '부분합'}, {'alias': 'rangesum'}]}]",{}
27218,Генераторы квадратов,"[{'language': 'ru', 'languageDisplayName': 'ru', 'title': 'Генераторы квадратов', 'isOriginal': True}]",True,False,1,0,0,False,False,False,1.0,True,[],{}
27219,Робинзон Крузо,"[{'language': 'ru', 'languageDisplayName': 'ru', 'title': 'Робинзон Крузо', 'isOriginal': True}]",True,False,1655,1,81,False,False,False,1.2199,True,"[{'key': 'arithmetic', 'isMeta': False, 'bojTagId': 121, 'problemCount': 1097, 'displayNames': [{'language': 'ko', 'name': '사칙연산', 'short': '사칙연산'}, {'language': 'en', 'name': 'arithmetic', 'short': 'arithmetic'}, {'language': 'ja', 'name': '算数', 'short': '算数'}], 'aliases': [{'alias': '덧셈'}, {'alias': '뺄셈'}, {'alias': '곱셈'}, {'alias': '나눗셈'}, {'alias': '더하기'}, {'alias': '빼기'}, {'alias': '곱하기'}, {'alias': '나누기'}]}, {'key': 'implementation', 'isMeta': False, 'bojTagId': 102, 'problemCount': 5468, 'displayNames': [{'language': 'ko', 'name': '구현', 'short': '구현'}, {'language': 'en', 'name': 'implementation', 'short': 'impl'}, {'language': 'ja', 'name': '実装', 'short': 'impl'}], 'aliases': []}, {'key': 'math', 'isMeta': False, 'bojTagId': 124, 'problemCount': 6275, 'displayNames': [{'language': 'ko', 'name': '수학', 'short': '수학'}, {'language': 'en', 'name': 'mathematics', 'short': 'math'}, {'language': 'ja', 'name': '数学', 'short': '数学'}], 'aliases': []}]",{}
27220,Ромб,"[{'language': 'ru', 'languageDisplayName': 'ru', 'title': 'Ромб', 'isOriginal': True}]",True,False,46,4,10,False,False,False,1.4783,True,"[{'key': 'arithmetic', 'isMeta': False, 'bojTagId': 121, 'problemCount': 1097, 'displayNames': [{'language': 'ko', 'name': '사칙연산', 'short': '사칙연산'}, {'language': 'en', 'name': 'arithmetic', 'short': 'arithmetic'}, {'language': 'ja', 'name': '算数', 'short': '算数'}], 'aliases': [{'alias': '덧셈'}, {'alias': '뺄셈'}, {'alias': '곱셈'}, {'alias': '나눗셈'}, {'alias': '더하기'}, {'alias': '빼기'}, {'alias': '곱하기'}, {'alias': '나누기'}]}, {'key': 'implementation', 'isMeta': False, 'bojTagId': 102, 'problemCount': 5468, 'displayNames': [{'language': 'ko', 'name': '구현', 'short': '구현'}, {'language': 'en', 'name': 'implementation', 'short': 'impl'}, {'language': 'ja', 'name': '実装', 'short': 'impl'}], 'aliases': []}, {'key': 'math', 'isMeta': False, 'bojTagId': 124, 'problemCount': 6275, 'displayNames': [{'language': 'ko', 'name': '수학', 'short': '수학'}, {'language': 'en', 'name': 'mathematics', 'short': 'math'}, {'language': 'ja', 'name': '数学', 'short': '数学'}], 'aliases': []}]",{}
27221,Соседние цвета,"[{'language': 'ru', 'languageDisplayName': 'ru', 'title': 'Соседние цвета', 'isOriginal': True}]",True,False,10,7,3,False,False,False,1.3,True,"[{'key': 'bruteforcing', 'isMeta': False, 'bojTagId': 125, 'problemCount': 2158, 'displayNames': [{'language': 'ko', 'name': '브루트포스 알고리즘', 'short': '브루트포스 알고리즘'}, {'language': 'en', 'name': 'bruteforcing', 'short': 'bruteforce'}, {'language': 'ja', 'name': '全探索', 'short': '全探索'}], 'aliases': [{'alias': '완전탐색'}, {'alias': '완전 탐색'}, {'alias': '브루트포스'}, {'alias': 'bruteforce'}, {'alias': 'brute force'}, {'alias': '완탐'}]}, {'key': 'data_structures', 'isMeta': False, 'bojTagId': 175, 'problemCount': 3772, 'displayNames': [{'language': 'ko', 'name': '자료 구조', 'short': '자료 구조'}, {'language': 'en', 'name': 'data structures', 'short': 'ds'}, {'language': 'ja', 'name': 'データ構造', 'short': 'ds'}], 'aliases': [{'alias': '자료구조'}, {'alias': '자구'}]}, {'key': 'hash_set', 'isMeta': False, 'bojTagId': 136, 'problemCount': 626, 'displayNames': [{'language': 'ko', 'name': '해시를 사용한 집합과 맵', 'short': '해시를 사용한 집합과 맵'}, {'language': 'en', 'name': 'set / map by hashing', 'short': 'hashset'}, {'language': 'ja', 'name': 'ハッシュ化によるセット・マップ', 'short': 'hashset'}], 'aliases': [{'alias': '집합'}, {'alias': '맵'}, {'alias': '셋'}, {'alias': '딕셔너리'}, {'alias': 'dictionary'}, {'alias': 'map'}, {'alias': 'set'}, {'alias': '해싱'}, {'alias': 'hashing'}, {'alias': 'dict'}]}, {'key': 'implementation', 'isMeta': False, 'bojTagId': 102, 'problemCount': 5468, 'displayNames': [{'language': 'ko', 'name': '구현', 'short': '구현'}, {'language': 'en', 'name': 'implementation', 'short': 'impl'}, {'language': 'ja', 'name': '実装', 'short': 'impl'}], 'aliases': []}, {'key': 'string', 'isMeta': False, 'bojTagId': 158, 'problemCount': 2357, 'displayNames': [{'language': 'ko', 'name': '문자열', 'short': '문자열'}, {'language': 'en', 'name': 'string', 'short': 'string'}, {'language': 'ja', 'name': '文字列', 'short': '文字列'}], 'aliases': [{'alias': '스트링'}]}, {'key': 'tree_set', 'isMeta': False, 'bojTagId': 74, 'problemCount': 488, 'displayNames': [{'language': 'ko', 'name': '트리를 사용한 집합과 맵', 'short': '트리를 사용한 집합과 맵'}, {'language': 'en', 'name': 'set / map by trees', 'short': 'treeset'}, {'language': 'ja', 'name': '木によるセット・マップ', 'short': 'treeset'}], 'aliases': [{'alias': '집합'}, {'alias': '맵'}, {'alias': '셋'}, {'alias': '딕셔너리'}, {'alias': 'dictionary'}, {'alias': 'map'}, {'alias': 'set'}, {'alias': 'bbst'}, {'alias': '트리'}, {'alias': 'tree'}]}]",{}
27222,Штангист,"[{'language': 'ru', 'languageDisplayName': 'ru', 'title': 'Штангист', 'isOriginal': True}]",True,False,2,0,0,False,False,False,1.0,True,[],{}
27223,Простое произведение,"[{'language': 'ru', 'languageDisplayName': 'ru', 'title': 'Простое произведение', 'isOriginal': True}]",True,False,4,11,1,False,False,False,1.25,True,"[{'key': 'backtracking', 'isMeta': False, 'bojTagId': 5, 'problemCount': 531, 'displayNames': [{'language': 'ko', 'name': '백트래킹', 'short': '백트래킹'}, {'language': 'en', 'name': 'backtracking', 'short': 'backtrack'}, {'language': 'ja', 'name': 'バックトラック法', 'short': 'バックトラック'}], 'aliases': [{'alias': '백트래킹'}, {'alias': '퇴각검색'}, {'alias': '퇴각 검색'}]}, {'key': 'math', 'isMeta': False, 'bojTagId': 124, 'problemCount': 6275, 'displayNames': [{'language': 'ko', 'name': '수학', 'short': '수학'}, {'language': 'en', 'name': 'mathematics', 'short': 'math'}, {'language': 'ja', 'name': '数学', 'short': '数学'}], 'aliases': []}, {'key': 'number_theory', 'isMeta': False, 'bojTagId': 95, 'problemCount': 1419, 'displayNames': [{'language': 'ko', 'name': '정수론', 'short': '정수론'}, {'language': 'en', 'name': 'number theory', 'short': 'number theory'}, {'language': 'ja', 'name': '整数論', 'short': '整数論'}], 'aliases': []}]",{}
27224,Викторина,"[{'language': 'ru', 'languageDisplayName': 'ru', 'title': 'Викторина', 'isOriginal': True}]",True,False,6,12,3,False,False,False,1.0,True,"[{'key': 'binary_search', 'isMeta': False, 'bojTagId': 12, 'problemCount': 1206, 'displayNames': [{'language': 'ko', 'name': '이분 탐색', 'short': '이분 탐색'}, {'language': 'en', 'name': 'binary search', 'short': 'binary search'}, {'language': 'ja', 'name': '二分探索', 'short': '二分探索'}], 'aliases': [{'alias': '이분탐색'}, {'alias': '이진탐색'}]}, {'key': 'parametric_search', 'isMeta': False, 'bojTagId': 170, 'problemCount': 368, 'displayNames': [{'language': 'ko', 'name': '매개 변수 탐색', 'short': '매개 변수 탐색'}, {'language': 'en', 'name': 'parametric search', 'short': 'parametric search'}, {'language': 'ja', 'name': 'parametric search', 'short': 'parametric search'}], 'aliases': [{'alias': '파라메트릭'}]}, {'key': 'prefix_sum', 'isMeta': False, 'bojTagId': 139, 'problemCount': 953, 'displayNames': [{'language': 'ko', 'name': '누적 합', 'short': '누적 합'}, {'language': 'en', 'name': 'prefix sum', 'short': 'prefix sum'}, {'language': 'ja', 'name': '累積和', 'short': '累積和'}], 'aliases': [{'alias': '구간합'}, {'alias': '부분합'}, {'alias': 'rangesum'}]}, {'key': 'sliding_window', 'isMeta': False, 'bojTagId': 68, 'problemCount': 103, 'displayNames': [{'language': 'ko', 'name': '슬라이딩 윈도우', 'short': '슬라이딩 윈도우'}, {'language': 'en', 'name': 'sliding window', 'short': 'sliding window'}, {'language': 'ja', 'name': 'スライディングウィンドウ', 'short': 'スライディングウィンドウ'}], 'aliases': [{'alias': '슬라이딩윈도'}]}, {'key': 'ternary_search', 'isMeta': False, 'bojTagId': 101, 'problemCount': 93, 'displayNames': [{'language': 'ko', 'name': '삼분 탐색', 'short': '삼분 탐색'}, {'language': 'en', 'name': 'ternary search', 'short': 'ternary search'}, {'language': 'ja', 'name': '三分探索', 'short': '三分探索'}], 'aliases': []}]",{}
27225,Класс,"[{'language': 'ru', 'languageDisplayName': 'ru', 'title': 'Класс', 'isOriginal': True}]",True,False,139,3,16,False,False,False,1.4892,True,"[{'key': 'arithmetic', 'isMeta': False, 'bojTagId': 121, 'problemCount': 1097, 'displayNames': [{'language': 'ko', 'name': '사칙연산', 'short': '사칙연산'}, {'language': 'en', 'name': 'arithmetic', 'short': 'arithmetic'}, {'language': 'ja', 'name': '算数', 'short': '算数'}], 'aliases': [{'alias': '덧셈'}, {'alias': '뺄셈'}, {'alias': '곱셈'}, {'alias': '나눗셈'}, {'alias': '더하기'}, {'alias': '빼기'}, {'alias': '곱하기'}, {'alias': '나누기'}]}, {'key': 'math', 'isMeta': False, 'bojTagId': 124, 'problemCount': 6275, 'displayNames': [{'language': 'ko', 'name': '수학', 'short': '수학'}, {'language': 'en', 'name': 'mathematics', 'short': 'math'}, {'language': 'ja', 'name': '数学', 'short': '数学'}], 'aliases': []}]",{}
27226,Лестница из чисел,"[{'language': 'ru', 'languageDisplayName': 'ru', 'title': 'Лестница из чисел', 'isOriginal': True}]",True,False,44,4,8,False,False,False,1.9091,True,"[{'key': 'arithmetic', 'isMeta': False, 'bojTagId': 121, 'problemCount': 1097, 'displayNames': [{'language': 'ko', 'name': '사칙연산', 'short': '사칙연산'}, {'language': 'en', 'name': 'arithmetic', 'short': 'arithmetic'}, {'language': 'ja', 'name': '算数', 'short': '算数'}], 'aliases': [{'alias': '덧셈'}, {'alias': '뺄셈'}, {'alias': '곱셈'}, {'alias': '나눗셈'}, {'alias': '더하기'}, {'alias': '빼기'}, {'alias': '곱하기'}, {'alias': '나누기'}]}, {'key': 'implementation', 'isMeta': False, 'bojTagId': 102, 'problemCount': 5468, 'displayNames': [{'language': 'ko', 'name': '구현', 'short': '구현'}, {'language': 'en', 'name': 'implementation', 'short': 'impl'}, {'language': 'ja', 'name': '実装', 'short': 'impl'}], 'aliases': []}, {'key': 'math', 'isMeta': False, 'bojTagId': 124, 'problemCount': 6275, 'displayNames': [{'language': 'ko', 'name': '수학', 'short': '수학'}, {'language': 'en', 'name': 'mathematics', 'short': 'math'}, {'language': 'ja', 'name': '数学', 'short': '数学'}], 'aliases': []}]",{}
27227,Дивизионы,"[{'language': 'ru', 'languageDisplayName': 'ru', 'title': 'Дивизионы', 'isOriginal': True}]",True,False,51,4,12,False,False,False,1.6275,True,"[{'key': 'implementation', 'isMeta': False, 'bojTagId': 102, 'problemCount': 5468, 'displayNames': [{'language': 'ko', 'name': '구현', 'short': '구현'}, {'language': 'en', 'name': 'implementation', 'short': 'impl'}, {'language': 'ja', 'name': '実装', 'short': 'impl'}], 'aliases': []}]",{}
27228,"Пары, свободные от квадратов","[{'language': 'ru', 'languageDisplayName': 'ru', 'title': 'Пары, свободные от квадратов', 'isOriginal': True}]",True,False,1,0,0,False,False,False,2.0,True,[],{}
27229,Сумма,"[{'language': 'ru', 'languageDisplayName': 'ru', 'title': 'Сумма', 'isOriginal': True}]",True,False,0,0,0,False,False,False,0.0,True,[],{}
27230,Не подпоследовательность,"[{'language': 'ru', 'languageDisplayName': 'ru', 'title': 'Не подпоследовательность', 'isOriginal': True}]",True,False,0,0,0,False,False,False,0.0,True,[],{}
27231,2023년이 기대되는 이유,"[{'language': 'ko', 'languageDisplayName': 'ko', 'title': '2023년이 기대되는 이유', 'isOriginal': True}]",True,False,233,11,42,False,False,False,2.412,True,"[{'key': 'backtracking', 'isMeta': False, 'bojTagId': 5, 'problemCount': 531, 'displayNames': [{'language': 'ko', 'name': '백트래킹', 'short': '백트래킹'}, {'language': 'en', 'name': 'backtracking', 'short': 'backtrack'}, {'language': 'ja', 'name': 'バックトラック法', 'short': 'バックトラック'}], 'aliases': [{'alias': '백트래킹'}, {'alias': '퇴각검색'}, {'alias': '퇴각 검색'}]}, {'key': 'bruteforcing', 'isMeta': False, 'bojTagId': 125, 'problemCount': 2158, 'displayNames': [{'language': 'ko', 'name': '브루트포스 알고리즘', 'short': '브루트포스 알고리즘'}, {'language': 'en', 'name': 'bruteforcing', 'short': 'bruteforce'}, {'language': 'ja', 'name': '全探索', 'short': '全探索'}], 'aliases': [{'alias': '완전탐색'}, {'alias': '완전 탐색'}, {'alias': '브루트포스'}, {'alias': 'bruteforce'}, {'alias': 'brute force'}, {'alias': '완탐'}]}]",{}
27232,청소,"[{'language': 'ko', 'languageDisplayName': 'ko', 'title': '청소', 'isOriginal': True}]",True,False,107,15,33,False,False,False,1.785,True,"[{'key': 'data_structures', 'isMeta': False, 'bojTagId': 175, 'problemCount': 3772, 'displayNames': [{'language': 'ko', 'name': '자료 구조', 'short': '자료 구조'}, {'language': 'en', 'name': 'data structures', 'short': 'ds'}, {'language': 'ja', 'name': 'データ構造', 'short': 'ds'}], 'aliases': [{'alias': '자료구조'}, {'alias': '자구'}]}, {'key': 'sliding_window', 'isMeta': False, 'bojTagId': 68, 'problemCount': 103, 'displayNames': [{'language': 'ko', 'name': '슬라이딩 윈도우', 'short': '슬라이딩 윈도우'}, {'language': 'en', 'name': 'sliding window', 'short': 'sliding window'}, {'language': 'ja', 'name': 'スライディングウィンドウ', 'short': 'スライディングウィンドウ'}], 'aliases': [{'alias': '슬라이딩윈도'}]}, {'key': 'tree_set', 'isMeta': False, 'bojTagId': 74, 'problemCount': 488, 'displayNames': [{'language': 'ko', 'name': '트리를 사용한 집합과 맵', 'short': '트리를 사용한 집합과 맵'}, {'language': 'en', 'name': 'set / map by trees', 'short': 'treeset'}, {'language': 'ja', 'name': '木によるセット・マップ', 'short': 'treeset'}], 'aliases': [{'alias': '집합'}, {'alias': '맵'}, {'alias': '셋'}, {'alias': '딕셔너리'}, {'alias': 'dictionary'}, {'alias': 'map'}, {'alias': 'set'}, {'alias': 'bbst'}, {'alias': '트리'}, {'alias': 'tree'}]}]",{}
27233,카드 플러리쉬,"[{'language': 'ko', 'languageDisplayName': 'ko', 'title': '카드 플러리쉬', 'isOriginal': True}]",True,False,51,20,25,False,False,False,2.2941,True,"[{'key': 'ad_hoc', 'isMeta': False, 'bojTagId': 109, 'problemCount': 1448, 'displayNames': [{'language': 'ko', 'name': '애드 혹', 'short': '애드 혹'}, {'language': 'en', 'name': 'ad-hoc', 'short': 'ad-hoc'}, {'language': 'ja', 'name': 'アドホック', 'short': 'アドホック'}], 'aliases': []}, {'key': 'constructive', 'isMeta': False, 'bojTagId': 128, 'problemCount': 986, 'displayNames': [{'language': 'ko', 'name': '해 구성하기', 'short': '해 구성하기'}, {'language': 'en', 'name': 'constructive', 'short': 'constructive'}, {'language': 'ja', 'name': '構成的', 'short': '構成的'}], 'aliases': [{'alias': 'constructive'}, {'alias': '컨스트럭티브'}, {'alias': '구성적'}]}]",{}
27234,컵 쌓기,"[{'language': 'ko', 'languageDisplayName': 'ko', 'title': '컵 쌓기', 'isOriginal': True}]",True,False,40,19,13,False,False,False,1.425,True,"[{'key': 'combinatorics', 'isMeta': False, 'bojTagId': 6, 'problemCount': 895, 'displayNames': [{'language': 'ko', 'name': '조합론', 'short': '조합론'}, {'language': 'en', 'name': 'combinatorics', 'short': 'combinatorics'}, {'language': 'ja', 'name': '組み合わせ', 'short': '組み合わせ'}], 'aliases': [{'alias': 'combination'}, {'alias': 'permutation'}, {'alias': 'probability'}, {'alias': '확률'}, {'alias': '순열'}]}, {'key': 'dp', 'isMeta': False, 'bojTagId': 25, 'problemCount': 3982, 'displayNames': [{'language': 'ko', 'name': '다이나믹 프로그래밍', 'short': '다이나믹 프로그래밍'}, {'language': 'en', 'name': 'dynamic programming', 'short': 'dp'}, {'language': 'ja', 'name': '動的計画法', 'short': 'dp'}], 'aliases': [{'alias': '동적계획법'}, {'alias': '동적 계획법'}, {'alias': '다이나믹프로그래밍'}]}, {'key': 'math', 'isMeta': False, 'bojTagId': 124, 'problemCount': 6275, 'displayNames': [{'language': 'ko', 'name': '수학', 'short': '수학'}, {'language': 'en', 'name': 'mathematics', 'short': 'math'}, {'language': 'ja', 'name': '数学', 'short': '数学'}], 'aliases': []}]",{}
27235,줄넘기,"[{'language': 'ko', 'languageDisplayName': 'ko', 'title': '줄넘기', 'isOriginal': True}]",True,False,5,22,4,False,False,False,2.6,True,"[{'key': 'geometry', 'isMeta': False, 'bojTagId': 100, 'problemCount': 1482, 'displayNames': [{'language': 'ko', 'name': '기하학', 'short': '기하학'}, {'language': 'en', 'name': 'geometry', 'short': 'geom'}, {'language': 'ja', 'name': '幾何学', 'short': '幾何'}], 'aliases': []}, {'key': 'line_intersection', 'isMeta': False, 'bojTagId': 42, 'problemCount': 117, 'displayNames': [{'language': 'ko', 'name': '선분 교차 판정', 'short': '선분 교차 판정'}, {'language': 'en', 'name': 'line segment intersection check', 'short': 'line segment intersection check'}, {'language': 'ja', 'name': '直線の交点', 'short': '直線の交点'}], 'aliases': []}, {'key': 'sweeping', 'isMeta': False, 'bojTagId': 106, 'problemCount': 469, 'displayNames': [{'language': 'ko', 'name': '스위핑', 'short': '스위핑'}, {'language': 'en', 'name': 'sweeping', 'short': 'sweeping'}, {'language': 'ja', 'name': '平面走査', 'short': '平面走査'}], 'aliases': [{'alias': '라인 스위핑'}]}]",{}
27236,신도시 개발,"[{'language': 'ko', 'languageDisplayName': 'ko', 'title': '신도시 개발', 'isOriginal': True}]",True,False,7,22,3,False,False,False,3.1429,True,"[{'key': 'ad_hoc', 'isMeta': False, 'bojTagId': 109, 'problemCount': 1448, 'displayNames': [{'language': 'ko', 'name': '애드 혹', 'short': '애드 혹'}, {'language': 'en', 'name': 'ad-hoc', 'short': 'ad-hoc'}, {'language': 'ja', 'name': 'アドホック', 'short': 'アドホック'}], 'aliases': []}, {'key': 'case_work', 'isMeta': False, 'bojTagId': 137, 'problemCount': 856, 'displayNames': [{'language': 'ko', 'name': '많은 조건 분기', 'short': '많은 조건 분기'}, {'language': 'en', 'name': 'case work', 'short': 'case work'}, {'language': 'ja', 'name': 'ケースワーク', 'short': 'ケースワーク'}], 'aliases': [{'alias': '케이스'}, {'alias': '케이스워크'}, {'alias': '케이스 워크'}]}, {'key': 'data_structures', 'isMeta': False, 'bojTagId': 175, 'problemCount': 3772, 'displayNames': [{'language': 'ko', 'name': '자료 구조', 'short': '자료 구조'}, {'language': 'en', 'name': 'data structures', 'short': 'ds'}, {'language': 'ja', 'name': 'データ構造', 'short': 'ds'}], 'aliases': [{'alias': '자료구조'}, {'alias': '자구'}]}, {'key': 'greedy', 'isMeta': False, 'bojTagId': 33, 'problemCount': 2504, 'displayNames': [{'language': 'ko', 'name': '그리디 알고리즘', 'short': '그리디 알고리즘'}, {'language': 'en', 'name': 'greedy', 'short': 'greedy'}, {'language': 'ja', 'name': '貪欲法', 'short': '貪欲法'}], 'aliases': [{'alias': '탐욕법'}]}, {'key': 'prefix_sum', 'isMeta': False, 'bojTagId': 139, 'problemCount': 953, 'displayNames': [{'language': 'ko', 'name': '누적 합', 'short': '누적 합'}, {'language': 'en', 'name': 'prefix sum', 'short': 'prefix sum'}, {'language': 'ja', 'name': '累積和', 'short': '累積和'}], 'aliases': [{'alias': '구간합'}, {'alias': '부분합'}, {'alias': 'rangesum'}]}, {'key': 'queue', 'isMeta': False, 'bojTagId': 72, 'problemCount': 66, 'displayNames': [{'language': 'ko', 'name': '큐', 'short': '큐'}, {'language': 'en', 'name': 'queue', 'short': 'queue'}, {'language': 'ja', 'name': 'キュー', 'short': 'キュー'}], 'aliases': []}, {'key': 'sliding_window', 'isMeta': False, 'bojTagId': 68, 'problemCount': 103, 'displayNames': [{'language': 'ko', 'name': '슬라이딩 윈도우', 'short': '슬라이딩 윈도우'}, {'language': 'en', 'name': 'sliding window', 'short': 'sliding window'}, {'language': 'ja', 'name': 'スライディングウィンドウ', 'short': 'スライディングウィンドウ'}], 'aliases': [{'alias': '슬라이딩윈도'}]}, {'key': 'two_pointer', 'isMeta': False, 'bojTagId': 80, 'problemCount': 380, 'displayNames': [{'language': 'ko', 'name': '두 포인터', 'short': '두 포인터'}, {'language': 'en', 'name': 'two-pointer', 'short': 'two-pointer'}, {'language': 'ja', 'name': '尺取り法', 'short': '尺取り'}], 'aliases': [{'alias': '투포인터'}, {'alias': '인치웜'}, {'alias': 'inchworm'}, {'alias': 'twopointer'}]}]",{}
27237,정밀지도 제작,"[{'language': 'ko', 'languageDisplayName': 'ko', 'title': '정밀지도 제작', 'isOriginal': True}]",True,False,6,25,3,False,False,False,1.6667,True,"[{'key': 'binary_search', 'isMeta': False, 'bojTagId': 12, 'problemCount': 1206, 'displayNames': [{'language': 'ko', 'name': '이분 탐색', 'short': '이분 탐색'}, {'language': 'en', 'name': 'binary search', 'short': 'binary search'}, {'language': 'ja', 'name': '二分探索', 'short': '二分探索'}], 'aliases': [{'alias': '이분탐색'}, {'alias': '이진탐색'}]}, {'key': 'data_structures', 'isMeta': False, 'bojTagId': 175, 'problemCount': 3772, 'displayNames': [{'language': 'ko', 'name': '자료 구조', 'short': '자료 구조'}, {'language': 'en', 'name': 'data structures', 'short': 'ds'}, {'language': 'ja', 'name': 'データ構造', 'short': 'ds'}], 'aliases': [{'alias': '자료구조'}, {'alias': '자구'}]}, {'key': 'disjoint_set', 'isMeta': False, 'bojTagId': 81, 'problemCount': 469, 'displayNames': [{'language': 'ko', 'name': '분리 집합', 'short': '분리 집합'}, {'language': 'en', 'name': 'disjoint set', 'short': 'dsu'}, {'language': 'ja', 'name': '素集合データ構造', 'short': '素集合データ構造'}], 'aliases': [{'alias': 'union'}, {'alias': 'find'}, {'alias': '유니온'}, {'alias': '파인드'}, {'alias': 'dsu'}]}, {'key': 'divide_and_conquer', 'isMeta': False, 'bojTagId': 24, 'problemCount': 412, 'displayNames': [{'language': 'ko', 'name': '분할 정복', 'short': '분할 정복'}, {'language': 'en', 'name': 'divide and conquer', 'short': 'd&c'}, {'language': 'ja', 'name': '分割統治法', 'short': '分割統治法'}], 'aliases': [{'alias': 'dnc'}]}, {'key': 'graphs', 'isMeta': False, 'bojTagId': 7, 'problemCount': 3637, 'displayNames': [{'language': 'ko', 'name': '그래프 이론', 'short': '그래프 이론'}, {'language': 'en', 'name': 'graph theory', 'short': 'graph'}, {'language': 'ja', 'name': 'グラフ理論', 'short': 'グラフ'}], 'aliases': [{'alias': '그래프이론'}, {'alias': '그래프'}]}, {'key': 'link_cut_tree', 'isMeta': False, 'bojTagId': 98, 'problemCount': 22, 'displayNames': [{'language': 'ko', 'name': '링크/컷 트리', 'short': '링크/컷 트리'}, {'language': 'en', 'name': 'link/cut tree', 'short': 'link/cut tree'}, {'language': 'ja', 'name': 'link/cut tree', 'short': 'link/cut tree'}], 'aliases': [{'alias': 'link cut tree'}, {'alias': 'linkcuttree'}, {'alias': '링크컷'}]}, {'key': 'parametric_search', 'isMeta': False, 'bojTagId': 170, 'problemCount': 368, 'displayNames': [{'language': 'ko', 'name': '매개 변수 탐색', 'short': '매개 변수 탐색'}, {'language': 'en', 'name': 'parametric search', 'short': 'parametric search'}, {'language': 'ja', 'name': 'parametric search', 'short': 'parametric search'}], 'aliases': [{'alias': '파라메트릭'}]}, {'key': 'queue', 'isMeta': False, 'bojTagId': 72, 'problemCount': 66, 'displayNames': [{'language': 'ko', 'name': '큐', 'short': '큐'}, {'language': 'en', 'name': 'queue', 'short': 'queue'}, {'language': 'ja', 'name': 'キュー', 'short': 'キュー'}], 'aliases': []}, {'key': 'trees', 'isMeta': False, 'bojTagId': 120, 'problemCount': 1384, 'displayNames': [{'language': 'ko', 'name': '트리', 'short': '트리'}, {'language': 'en', 'name': 'tree', 'short': 'tree'}, {'language': 'ja', 'name': '木', 'short': '木'}], 'aliases': [{'alias': 'trees'}]}, {'key': 'two_pointer', 'isMeta': False, 'bojTagId': 80, 'problemCount': 380, 'displayNames': [{'language': 'ko', 'name': '두 포인터', 'short': '두 포인터'}, {'language': 'en', 'name': 'two-pointer', 'short': 'two-pointer'}, {'language': 'ja', 'name': '尺取り法', 'short': '尺取り'}], 'aliases': [{'alias': '투포인터'}, {'alias': '인치웜'}, {'alias': 'inchworm'}, {'alias': 'twopointer'}]}]",{}
27238,편지 배달 2,"[{'language': 'ko', 'languageDisplayName': 'ko', 'title': '편지 배달 2', 'isOriginal': True}]",True,False,3,24,3,False,False,False,1.0,True,"[{'key': 'ad_hoc', 'isMeta': False, 'bojTagId': 109, 'problemCount': 1448, 'displayNames': [{'language': 'ko', 'name': '애드 혹', 'short': '애드 혹'}, {'language': 'en', 'name': 'ad-hoc', 'short': 'ad-hoc'}, {'language': 'ja', 'name': 'アドホック', 'short': 'アドホック'}], 'aliases': []}, {'key': 'data_structures', 'isMeta': False, 'bojTagId': 175, 'problemCount': 3772, 'displayNames': [{'language': 'ko', 'name': '자료 구조', 'short': '자료 구조'}, {'language': 'en', 'name': 'data structures', 'short': 'ds'}, {'language': 'ja', 'name': 'データ構造', 'short': 'ds'}], 'aliases': [{'alias': '자료구조'}, {'alias': '자구'}]}, {'key': 'pst', 'isMeta': False, 'bojTagId': 55, 'problemCount': 46, 'displayNames': [{'language': 'ko', 'name': '퍼시스턴트 세그먼트 트리', 'short': '퍼시스턴트 세그먼트 트리'}, {'language': 'en', 'name': 'persistent segment tree', 'short': 'pst'}, {'language': 'ja', 'name': '永続セグメント木', 'short': '永続セグ木'}], 'aliases': [{'alias': '퍼시스턴트구간트리'}, {'alias': '구간트리'}, {'alias': '퍼시스턴트세그트리'}]}, {'key': 'segtree', 'isMeta': False, 'bojTagId': 65, 'problemCount': 1289, 'displayNames': [{'language': 'ko', 'name': '세그먼트 트리', 'short': '세그먼트 트리'}, {'language': 'en', 'name': 'segment tree', 'short': 'segtree'}, {'language': 'ja', 'name': 'セグメント木', 'short': 'セグ木'}], 'aliases': [{'alias': '구간트리'}, {'alias': '세그트리'}, {'alias': 'fenwick'}, {'alias': '펜윅'}]}, {'key': 'stack', 'isMeta': False, 'bojTagId': 71, 'problemCount': 372, 'displayNames': [{'language': 'ko', 'name': '스택', 'short': '스택'}, {'language': 'en', 'name': 'stack', 'short': 'stack'}, {'language': 'ja', 'name': 'スタック', 'short': 'スタック'}], 'aliases': []}]",{}
27239,Шахматная доска,"[{'language': 'ru', 'languageDisplayName': 'ru', 'title': 'Шахматная доска', 'isOriginal': True}]",True,False,501,2,48,False,False,False,1.4731,True,"[{'key': 'arithmetic', 'isMeta': False, 'bojTagId': 121, 'problemCount': 1097, 'displayNames': [{'language': 'ko', 'name': '사칙연산', 'short': '사칙연산'}, {'language': 'en', 'name': 'arithmetic', 'short': 'arithmetic'}, {'language': 'ja', 'name': '算数', 'short': '算数'}], 'aliases': [{'alias': '덧셈'}, {'alias': '뺄셈'}, {'alias': '곱셈'}, {'alias': '나눗셈'}, {'alias': '더하기'}, {'alias': '빼기'}, {'alias': '곱하기'}, {'alias': '나누기'}]}, {'key': 'implementation', 'isMeta': False, 'bojTagId': 102, 'problemCount': 5468, 'displayNames': [{'language': 'ko', 'name': '구현', 'short': '구현'}, {'language': 'en', 'name': 'implementation', 'short': 'impl'}, {'language': 'ja', 'name': '実装', 'short': 'impl'}], 'aliases': []}, {'key': 'math', 'isMeta': False, 'bojTagId': 124, 'problemCount': 6275, 'displayNames': [{'language': 'ko', 'name': '수학', 'short': '수학'}, {'language': 'en', 'name': 'mathematics', 'short': 'math'}, {'language': 'ja', 'name': '数学', 'short': '数学'}], 'aliases': []}]",{}
27240,Электричка,"[{'language': 'ru', 'languageDisplayName': 'ru', 'title': 'Электричка', 'isOriginal': True}]",True,False,2,0,0,False,False,False,2.5,True,[],{}
27241,Размещения без крутых спусков,"[{'language': 'ru', 'languageDisplayName': 'ru', 'title': 'Размещения без крутых спусков', 'isOriginal': True}]",True,False,1,0,0,False,False,False,1.0,True,[],{}
27242,Против постулата Бертрана,"[{'language': 'ru', 'languageDisplayName': 'ru', 'title': 'Против постулата Бертрана', 'isOriginal': True}]",True,False,7,10,2,False,False,False,1.5714,True,"[{'key': 'implementation', 'isMeta': False, 'bojTagId': 102, 'problemCount': 5468, 'displayNames': [{'language': 'ko', 'name': '구현', 'short': '구현'}, {'language': 'en', 'name': 'implementation', 'short': 'impl'}, {'language': 'ja', 'name': '実装', 'short': 'impl'}], 'aliases': []}, {'key': 'math', 'isMeta': False, 'bojTagId': 124, 'problemCount': 6275, 'displayNames': [{'language': 'ko', 'name': '수학', 'short': '수학'}, {'language': 'en', 'name': 'mathematics', 'short': 'math'}, {'language': 'ja', 'name': '数学', 'short': '数学'}], 'aliases': []}, {'key': 'number_theory', 'isMeta': False, 'bojTagId': 95, 'problemCount': 1419, 'displayNames': [{'language': 'ko', 'name': '정수론', 'short': '정수론'}, {'language': 'en', 'name': 'number theory', 'short': 'number theory'}, {'language': 'ja', 'name': '整数論', 'short': '整数論'}], 'aliases': []}, {'key': 'primality_test', 'isMeta': False, 'bojTagId': 9, 'problemCount': 318, 'displayNames': [{'language': 'ko', 'name': '소수 판정', 'short': '소수 판정'}, {'language': 'en', 'name': 'primality test', 'short': 'primality test'}, {'language': 'ja', 'name': '素数性テスト', 'short': '素数性テスト'}], 'aliases': [{'alias': '소수'}, {'alias': '소수판별'}, {'alias': '소수판정'}, {'alias': 'prime'}]}, {'key': 'sieve', 'isMeta': False, 'bojTagId': 67, 'problemCount': 197, 'displayNames': [{'language': 'ko', 'name': '에라토스테네스의 체', 'short': '에라토스테네스의 체'}, {'language': 'en', 'name': 'sieve of eratosthenes', 'short': 'eratosthenes'}, {'language': 'ja', 'name': 'エラトステネスの篩', 'short': 'エラトステネス'}], 'aliases': [{'alias': 'sieve'}, {'alias': '에라체'}, {'alias': '소수'}, {'alias': 'prime'}]}]",{}
27243,Двоичные единицы,"[{'language': 'ru', 'languageDisplayName': 'ru', 'title': 'Двоичные единицы', 'isOriginal': True}]",True,False,1,0,0,False,False,False,1.0,True,[],{}
27244,Монотонная подпоследовательность,"[{'language': 'ru', 'languageDisplayName': 'ru', 'title': 'Монотонная подпоследовательность', 'isOriginal': True}]",True,False,9,16,6,False,False,False,3.5556,True,"[{'key': 'ad_hoc', 'isMeta': False, 'bojTagId': 109, 'problemCount': 1448, 'displayNames': [{'language': 'ko', 'name': '애드 혹', 'short': '애드 혹'}, {'language': 'en', 'name': 'ad-hoc', 'short': 'ad-hoc'}, {'language': 'ja', 'name': 'アドホック', 'short': 'アドホック'}], 'aliases': []}, {'key': 'constructive', 'isMeta': False, 'bojTagId': 128, 'problemCount': 986, 'displayNames': [{'language': 'ko', 'name': '해 구성하기', 'short': '해 구성하기'}, {'language': 'en', 'name': 'constructive', 'short': 'constructive'}, {'language': 'ja', 'name': '構成的', 'short': '構成的'}], 'aliases': [{'alias': 'constructive'}, {'alias': '컨스트럭티브'}, {'alias': '구성적'}]}, {'key': 'greedy', 'isMeta': False, 'bojTagId': 33, 'problemCount': 2504, 'displayNames': [{'language': 'ko', 'name': '그리디 알고리즘', 'short': '그리디 알고리즘'}, {'language': 'en', 'name': 'greedy', 'short': 'greedy'}, {'language': 'ja', 'name': '貪欲法', 'short': '貪欲法'}], 'aliases': [{'alias': '탐욕법'}]}]",{}
27245,Комната,"[{'language': 'ru', 'languageDisplayName': 'ru', 'title': 'Комната', 'isOriginal': True}]",True,False,473,2,51,False,False,False,1.8414,True,"[{'key': 'arithmetic', 'isMeta': False, 'bojTagId': 121, 'problemCount': 1097, 'displayNames': [{'language': 'ko', 'name': '사칙연산', 'short': '사칙연산'}, {'language': 'en', 'name': 'arithmetic', 'short': 'arithmetic'}, {'language': 'ja', 'name': '算数', 'short': '算数'}], 'aliases': [{'alias': '덧셈'}, {'alias': '뺄셈'}, {'alias': '곱셈'}, {'alias': '나눗셈'}, {'alias': '더하기'}, {'alias': '빼기'}, {'alias': '곱하기'}, {'alias': '나누기'}]}, {'key': 'math', 'isMeta': False, 'bojTagId': 124, 'problemCount': 6275, 'displayNames': [{'language': 'ko', 'name': '수학', 'short': '수학'}, {'language': 'en', 'name': 'mathematics', 'short': 'math'}, {'language': 'ja', 'name': '数学', 'short': '数学'}], 'aliases': []}]",{}
27246,Различные квадраты,"[{'language': 'ru', 'languageDisplayName': 'ru', 'title': 'Различные квадраты', 'isOriginal': True}]",True,False,121,3,18,False,False,False,1.8264,True,"[{'key': 'arithmetic', 'isMeta': False, 'bojTagId': 121, 'problemCount': 1097, 'displayNames': [{'language': 'ko', 'name': '사칙연산', 'short': '사칙연산'}, {'language': 'en', 'name': 'arithmetic', 'short': 'arithmetic'}, {'language': 'ja', 'name': '算数', 'short': '算数'}], 'aliases': [{'alias': '덧셈'}, {'alias': '뺄셈'}, {'alias': '곱셈'}, {'alias': '나눗셈'}, {'alias': '더하기'}, {'alias': '빼기'}, {'alias': '곱하기'}, {'alias': '나누기'}]}, {'key': 'implementation', 'isMeta': False, 'bojTagId': 102, 'problemCount': 5468, 'displayNames': [{'language': 'ko', 'name': '구현', 'short': '구현'}, {'language': 'en', 'name': 'implementation', 'short': 'impl'}, {'language': 'ja', 'name': '実装', 'short': 'impl'}], 'aliases': []}, {'key': 'math', 'isMeta': False, 'bojTagId': 124, 'problemCount': 6275, 'displayNames': [{'language': 'ko', 'name': '수학', 'short': '수학'}, {'language': 'en', 'name': 'mathematics', 'short': 'math'}, {'language': 'ja', 'name': '数学', 'short': '数学'}], 'aliases': []}]",{}
27247,Спираль,"[{'language': 'ru', 'languageDisplayName': 'ru', 'title': 'Спираль', 'isOriginal': True}]",True,False,1,0,0,False,False,False,1.0,True,[],{}
27248,Без неподвижных точек,"[{'language': 'ru', 'languageDisplayName': 'ru', 'title': 'Без неподвижных точек', 'isOriginal': True}]",True,False,13,10,4,False,False,False,2.6154,True,"[{'key': 'backtracking', 'isMeta': False, 'bojTagId': 5, 'problemCount': 531, 'displayNames': [{'language': 'ko', 'name': '백트래킹', 'short': '백트래킹'}, {'language': 'en', 'name': 'backtracking', 'short': 'backtrack'}, {'language': 'ja', 'name': 'バックトラック法', 'short': 'バックトラック'}], 'aliases': [{'alias': '백트래킹'}, {'alias': '퇴각검색'}, {'alias': '퇴각 검색'}]}, {'key': 'bruteforcing', 'isMeta': False, 'bojTagId': 125, 'problemCount': 2158, 'displayNames': [{'language': 'ko', 'name': '브루트포스 알고리즘', 'short': '브루트포스 알고리즘'}, {'language': 'en', 'name': 'bruteforcing', 'short': 'bruteforce'}, {'language': 'ja', 'name': '全探索', 'short': '全探索'}], 'aliases': [{'alias': '완전탐색'}, {'alias': '완전 탐색'}, {'alias': '브루트포스'}, {'alias': 'bruteforce'}, {'alias': 'brute force'}, {'alias': '완탐'}]}]",{}
27249,Наибольший общий делитель,"[{'language': 'ru', 'languageDisplayName': 'ru', 'title': 'Наибольший общий делитель', 'isOriginal': True}]",True,False,5,0,0,False,False,False,1.0,True,[],{}
27250,Эквивалентные строки,"[{'language': 'ru', 'languageDisplayName': 'ru', 'title': 'Эквивалентные строки', 'isOriginal': True}]",True,False,1,0,0,False,False,False,1.0,True,[],{}
27251,Звездочки,"[{'language': 'ru', 'languageDisplayName': 'ru', 'title': 'Звездочки', 'isOriginal': True}]",True,False,146,3,20,False,False,False,2.2671,True,"[{'key': 'implementation', 'isMeta': False, 'bojTagId': 102, 'problemCount': 5468, 'displayNames': [{'language': 'ko', 'name': '구현', 'short': '구현'}, {'language': 'en', 'name': 'implementation', 'short': 'impl'}, {'language': 'ja', 'name': '実装', 'short': 'impl'}], 'aliases': []}]",{}
27252,Пути Дика,"[{'language': 'ru', 'languageDisplayName': 'ru', 'title': 'Пути Дика', 'isOriginal': True}]",True,False,27,5,5,False,False,False,1.1111,True,"[{'key': 'implementation', 'isMeta': False, 'bojTagId': 102, 'problemCount': 5468, 'displayNames': [{'language': 'ko', 'name': '구현', 'short': '구현'}, {'language': 'en', 'name': 'implementation', 'short': 'impl'}, {'language': 'ja', 'name': '実装', 'short': 'impl'}], 'aliases': []}]",{}
27253,Конфеты для первоклассников,"[{'language': 'ru', 'languageDisplayName': 'ru', 'title': 'Конфеты для первоклассников', 'isOriginal': True}]",True,False,1,0,0,False,False,False,1.0,True,[],{}
27254,Фибоначчиевы суммы,"[{'language': 'ru', 'languageDisplayName': 'ru', 'title': 'Фибоначчиевы суммы', 'isOriginal': True}]",True,False,13,11,3,False,False,False,1.0769,True,"[{'key': 'backtracking', 'isMeta': False, 'bojTagId': 5, 'problemCount': 531, 'displayNames': [{'language': 'ko', 'name': '백트래킹', 'short': '백트래킹'}, {'language': 'en', 'name': 'backtracking', 'short': 'backtrack'}, {'language': 'ja', 'name': 'バックトラック法', 'short': 'バックトラック'}], 'aliases': [{'alias': '백트래킹'}, {'alias': '퇴각검색'}, {'alias': '퇴각 검색'}]}, {'key': 'bruteforcing', 'isMeta': False, 'bojTagId': 125, 'problemCount': 2158, 'displayNames': [{'language': 'ko', 'name': '브루트포스 알고리즘', 'short': '브루트포스 알고리즘'}, {'language': 'en', 'name': 'bruteforcing', 'short': 'bruteforce'}, {'language': 'ja', 'name': '全探索', 'short': '全探索'}], 'aliases': [{'alias': '완전탐색'}, {'alias': '완전 탐색'}, {'alias': '브루트포스'}, {'alias': 'bruteforce'}, {'alias': 'brute force'}, {'alias': '완탐'}]}]",{}
27255,Призы,"[{'language': 'ru', 'languageDisplayName': 'ru', 'title': 'Призы', 'isOriginal': True}]",True,False,1,0,0,False,False,False,1.0,True,[],{}
27256,Новое слово,"[{'language': 'ru', 'languageDisplayName': 'ru', 'title': 'Новое слово', 'isOriginal': True}]",True,False,1,0,0,False,False,False,1.0,True,[],{}
27257,Любитель нулей,"[{'language': 'ru', 'languageDisplayName': 'ru', 'title': 'Любитель нулей', 'isOriginal': True}]",True,False,458,2,45,False,False,False,1.6725,True,"[{'key': 'arithmetic', 'isMeta': False, 'bojTagId': 121, 'problemCount': 1097, 'displayNames': [{'language': 'ko', 'name': '사칙연산', 'short': '사칙연산'}, {'language': 'en', 'name': 'arithmetic', 'short': 'arithmetic'}, {'language': 'ja', 'name': '算数', 'short': '算数'}], 'aliases': [{'alias': '덧셈'}, {'alias': '뺄셈'}, {'alias': '곱셈'}, {'alias': '나눗셈'}, {'alias': '더하기'}, {'alias': '빼기'}, {'alias': '곱하기'}, {'alias': '나누기'}]}, {'key': 'implementation', 'isMeta': False, 'bojTagId': 102, 'problemCount': 5468, 'displayNames': [{'language': 'ko', 'name': '구현', 'short': '구현'}, {'language': 'en', 'name': 'implementation', 'short': 'impl'}, {'language': 'ja', 'name': '実装', 'short': 'impl'}], 'aliases': []}, {'key': 'math', 'isMeta': False, 'bojTagId': 124, 'problemCount': 6275, 'displayNames': [{'language': 'ko', 'name': '수학', 'short': '수학'}, {'language': 'en', 'name': 'mathematics', 'short': 'math'}, {'language': 'ja', 'name': '数学', 'short': '数学'}], 'aliases': []}, {'key': 'string', 'isMeta': False, 'bojTagId': 158, 'problemCount': 2357, 'displayNames': [{'language': 'ko', 'name': '문자열', 'short': '문자열'}, {'language': 'en', 'name': 'string', 'short': 'string'}, {'language': 'ja', 'name': '文字列', 'short': '文字列'}], 'aliases': [{'alias': '스트링'}]}]",{}
27258,Дроби,"[{'language': 'ru', 'languageDisplayName': 'ru', 'title': 'Дроби', 'isOriginal': True}]",True,False,31,5,5,False,False,False,1.3548,True,"[{'key': 'euclidean', 'isMeta': False, 'bojTagId': 26, 'problemCount': 187, 'displayNames': [{'language': 'ko', 'name': '유클리드 호제법', 'short': '유클리드 호제법'}, {'language': 'en', 'name': 'euclidean algorithm', 'short': 'euclidean algorithm'}, {'language': 'ja', 'name': 'ユークリッドの互除法', 'short': 'ユークリッドの互除法'}], 'aliases': [{'alias': '유클리드알고리즘'}]}, {'key': 'implementation', 'isMeta': False, 'bojTagId': 102, 'problemCount': 5468, 'displayNames': [{'language': 'ko', 'name': '구현', 'short': '구현'}, {'language': 'en', 'name': 'implementation', 'short': 'impl'}, {'language': 'ja', 'name': '実装', 'short': 'impl'}], 'aliases': []}, {'key': 'math', 'isMeta': False, 'bojTagId': 124, 'problemCount': 6275, 'displayNames': [{'language': 'ko', 'name': '수학', 'short': '수학'}, {'language': 'en', 'name': 'mathematics', 'short': 'math'}, {'language': 'ja', 'name': '数学', 'short': '数学'}], 'aliases': []}, {'key': 'number_theory', 'isMeta': False, 'bojTagId': 95, 'problemCount': 1419, 'displayNames': [{'language': 'ko', 'name': '정수론', 'short': '정수론'}, {'language': 'en', 'name': 'number theory', 'short': 'number theory'}, {'language': 'ja', 'name': '整数論', 'short': '整数論'}], 'aliases': []}, {'key': 'sorting', 'isMeta': False, 'bojTagId': 97, 'problemCount': 1833, 'displayNames': [{'language': 'ko', 'name': '정렬', 'short': '정렬'}, {'language': 'en', 'name': 'sorting', 'short': 'sorting'}, {'language': 'ja', 'name': 'ソート', 'short': 'ソート'}], 'aliases': []}]",{}
27259,Разноцветные диагонали,"[{'language': 'ru', 'languageDisplayName': 'ru', 'title': 'Разноцветные диагонали', 'isOriginal': True}]",True,False,23,5,3,False,False,False,1.2609,True,"[{'key': 'bruteforcing', 'isMeta': False, 'bojTagId': 125, 'problemCount': 2158, 'displayNames': [{'language': 'ko', 'name': '브루트포스 알고리즘', 'short': '브루트포스 알고리즘'}, {'language': 'en', 'name': 'bruteforcing', 'short': 'bruteforce'}, {'language': 'ja', 'name': '全探索', 'short': '全探索'}], 'aliases': [{'alias': '완전탐색'}, {'alias': '완전 탐색'}, {'alias': '브루트포스'}, {'alias': 'bruteforce'}, {'alias': 'brute force'}, {'alias': '완탐'}]}, {'key': 'implementation', 'isMeta': False, 'bojTagId': 102, 'problemCount': 5468, 'displayNames': [{'language': 'ko', 'name': '구현', 'short': '구현'}, {'language': 'en', 'name': 'implementation', 'short': 'impl'}, {'language': 'ja', 'name': '実装', 'short': 'impl'}], 'aliases': []}, {'key': 'math', 'isMeta': False, 'bojTagId': 124, 'problemCount': 6275, 'displayNames': [{'language': 'ko', 'name': '수학', 'short': '수학'}, {'language': 'en', 'name': 'mathematics', 'short': 'math'}, {'language': 'ja', 'name': '数学', 'short': '数学'}], 'aliases': []}]",{}
27260,Красивые перестановки,"[{'language': 'ru', 'languageDisplayName': 'ru', 'title': 'Красивые перестановки', 'isOriginal': True}]",True,False,14,8,4,False,False,False,1.0714,True,"[{'key': 'bruteforcing', 'isMeta': False, 'bojTagId': 125, 'problemCount': 2158, 'displayNames': [{'language': 'ko', 'name': '브루트포스 알고리즘', 'short': '브루트포스 알고리즘'}, {'language': 'en', 'name': 'bruteforcing', 'short': 'bruteforce'}, {'language': 'ja', 'name': '全探索', 'short': '全探索'}], 'aliases': [{'alias': '완전탐색'}, {'alias': '완전 탐색'}, {'alias': '브루트포스'}, {'alias': 'bruteforce'}, {'alias': 'brute force'}, {'alias': '완탐'}]}]",{}
27261,Номера по диагонали,"[{'language': 'ru', 'languageDisplayName': 'ru', 'title': 'Номера по диагонали', 'isOriginal': True}]",True,False,4,12,1,False,False,False,2.25,True,"[{'key': 'math', 'isMeta': False, 'bojTagId': 124, 'problemCount': 6275, 'displayNames': [{'language': 'ko', 'name': '수학', 'short': '수학'}, {'language': 'en', 'name': 'mathematics', 'short': 'math'}, {'language': 'ja', 'name': '数学', 'short': '数学'}], 'aliases': []}]",{}
27262,Лифт,"[{'language': 'ru', 'languageDisplayName': 'ru', 'title': 'Лифт', 'isOriginal': True}]",True,False,512,2,50,False,False,False,1.2324,True,"[{'key': 'arithmetic', 'isMeta': False, 'bojTagId': 121, 'problemCount': 1097, 'displayNames': [{'language': 'ko', 'name': '사칙연산', 'short': '사칙연산'}, {'language': 'en', 'name': 'arithmetic', 'short': 'arithmetic'}, {'language': 'ja', 'name': '算数', 'short': '算数'}], 'aliases': [{'alias': '덧셈'}, {'alias': '뺄셈'}, {'alias': '곱셈'}, {'alias': '나눗셈'}, {'alias': '더하기'}, {'alias': '빼기'}, {'alias': '곱하기'}, {'alias': '나누기'}]}, {'key': 'math', 'isMeta': False, 'bojTagId': 124, 'problemCount': 6275, 'displayNames': [{'language': 'ko', 'name': '수학', 'short': '수학'}, {'language': 'en', 'name': 'mathematics', 'short': 'math'}, {'language': 'ja', 'name': '数学', 'short': '数学'}], 'aliases': []}]",{}
27263,Древний английский,"[{'language': 'ru', 'languageDisplayName': 'ru', 'title': 'Древний английский', 'isOriginal': True}]",True,False,23,5,4,False,False,False,2.9565,True,"[{'key': 'implementation', 'isMeta': False, 'bojTagId': 102, 'problemCount': 5468, 'displayNames': [{'language': 'ko', 'name': '구현', 'short': '구현'}, {'language': 'en', 'name': 'implementation', 'short': 'impl'}, {'language': 'ja', 'name': '実装', 'short': 'impl'}], 'aliases': []}, {'key': 'string', 'isMeta': False, 'bojTagId': 158, 'problemCount': 2357, 'displayNames': [{'language': 'ko', 'name': '문자열', 'short': '문자열'}, {'language': 'en', 'name': 'string', 'short': 'string'}, {'language': 'ja', 'name': '文字列', 'short': '文字列'}], 'aliases': [{'alias': '스트링'}]}]",{}
27264,Два подарка,"[{'language': 'ru', 'languageDisplayName': 'ru', 'title': 'Два подарка', 'isOriginal': True}]",True,False,19,8,6,False,False,False,2.4737,True,"[{'key': 'binary_search', 'isMeta': False, 'bojTagId': 12, 'problemCount': 1206, 'displayNames': [{'language': 'ko', 'name': '이분 탐색', 'short': '이분 탐색'}, {'language': 'en', 'name': 'binary search', 'short': 'binary search'}, {'language': 'ja', 'name': '二分探索', 'short': '二分探索'}], 'aliases': [{'alias': '이분탐색'}, {'alias': '이진탐색'}]}, {'key': 'sorting', 'isMeta': False, 'bojTagId': 97, 'problemCount': 1833, 'displayNames': [{'language': 'ko', 'name': '정렬', 'short': '정렬'}, {'language': 'en', 'name': 'sorting', 'short': 'sorting'}, {'language': 'ja', 'name': 'ソート', 'short': 'ソート'}], 'aliases': []}, {'key': 'two_pointer', 'isMeta': False, 'bojTagId': 80, 'problemCount': 380, 'displayNames': [{'language': 'ko', 'name': '두 포인터', 'short': '두 포인터'}, {'language': 'en', 'name': 'two-pointer', 'short': 'two-pointer'}, {'language': 'ja', 'name': '尺取り法', 'short': '尺取り'}], 'aliases': [{'alias': '투포인터'}, {'alias': '인치웜'}, {'alias': 'inchworm'}, {'alias': 'twopointer'}]}]",{}
27265,Турнир ФХЛ,"[{'language': 'ru', 'languageDisplayName': 'ru', 'title': 'Турнир ФХЛ', 'isOriginal': True}]",True,False,1,0,0,False,False,False,4.0,True,[],{}
27266,Реформы в королевстве,"[{'language': 'ru', 'languageDisplayName': 'ru', 'title': 'Реформы в королевстве', 'isOriginal': True}]",True,False,0,0,0,False,False,False,0.0,True,[],{}
27267,Сравнение комнат,"[{'language': 'ru', 'languageDisplayName': 'ru', 'title': 'Сравнение комнат', 'isOriginal': True}]",True,False,550,2,51,False,False,False,1.16,True,"[{'key': 'arithmetic', 'isMeta': False, 'bojTagId': 121, 'problemCount': 1097, 'displayNames': [{'language': 'ko', 'name': '사칙연산', 'short': '사칙연산'}, {'language': 'en', 'name': 'arithmetic', 'short': 'arithmetic'}, {'language': 'ja', 'name': '算数', 'short': '算数'}], 'aliases': [{'alias': '덧셈'}, {'alias': '뺄셈'}, {'alias': '곱셈'}, {'alias': '나눗셈'}, {'alias': '더하기'}, {'alias': '빼기'}, {'alias': '곱하기'}, {'alias': '나누기'}]}, {'key': 'math', 'isMeta': False, 'bojTagId': 124, 'problemCount': 6275, 'displayNames': [{'language': 'ko', 'name': '수학', 'short': '수학'}, {'language': 'en', 'name': 'mathematics', 'short': 'math'}, {'language': 'ja', 'name': '数学', 'short': '数学'}], 'aliases': []}]",{}
27268,Рамки,"[{'language': 'ru', 'languageDisplayName': 'ru', 'title': 'Рамки', 'isOriginal': True}]",True,False,51,4,8,False,False,False,1.1373,True,"[{'key': 'implementation', 'isMeta': False, 'bojTagId': 102, 'problemCount': 5468, 'displayNames': [{'language': 'ko', 'name': '구현', 'short': '구현'}, {'language': 'en', 'name': 'implementation', 'short': 'impl'}, {'language': 'ja', 'name': '実装', 'short': 'impl'}], 'aliases': []}, {'key': 'simulation', 'isMeta': False, 'bojTagId': 141, 'problemCount': 1066, 'displayNames': [{'language': 'ko', 'name': '시뮬레이션', 'short': '시뮬레이션'}, {'language': 'en', 'name': 'simulation', 'short': 'simulation'}, {'language': 'ja', 'name': 'シミュレーション', 'short': 'シミュレーション'}], 'aliases': []}, {'key': 'string', 'isMeta': False, 'bojTagId': 158, 'problemCount': 2357, 'displayNames': [{'language': 'ko', 'name': '문자열', 'short': '문자열'}, {'language': 'en', 'name': 'string', 'short': 'string'}, {'language': 'ja', 'name': '文字列', 'short': '文字列'}], 'aliases': [{'alias': '스트링'}]}]",{}
27269,Урок физкультуры,"[{'language': 'ru', 'languageDisplayName': 'ru', 'title': 'Урок физкультуры', 'isOriginal': True}]",True,False,45,5,4,False,False,False,1.2889,True,"[{'key': 'implementation', 'isMeta': False, 'bojTagId': 102, 'problemCount': 5468, 'displayNames': [{'language': 'ko', 'name': '구현', 'short': '구현'}, {'language': 'en', 'name': 'implementation', 'short': 'impl'}, {'language': 'ja', 'name': '実装', 'short': 'impl'}], 'aliases': []}, {'key': 'sorting', 'isMeta': False, 'bojTagId': 97, 'problemCount': 1833, 'displayNames': [{'language': 'ko', 'name': '정렬', 'short': '정렬'}, {'language': 'en', 'name': 'sorting', 'short': 'sorting'}, {'language': 'ja', 'name': 'ソート', 'short': 'ソート'}], 'aliases': []}]",{}
27270,Интересные разбиения,"[{'language': 'ru', 'languageDisplayName': 'ru', 'title': 'Интересные разбиения', 'isOriginal': True}]",True,False,8,10,1,False,False,False,1.0,True,"[{'key': 'backtracking', 'isMeta': False, 'bojTagId': 5, 'problemCount': 531, 'displayNames': [{'language': 'ko', 'name': '백트래킹', 'short': '백트래킹'}, {'language': 'en', 'name': 'backtracking', 'short': 'backtrack'}, {'language': 'ja', 'name': 'バックトラック法', 'short': 'バックトラック'}], 'aliases': [{'alias': '백트래킹'}, {'alias': '퇴각검색'}, {'alias': '퇴각 검색'}]}]",{}
27271,Сумма минимумов,"[{'language': 'ru', 'languageDisplayName': 'ru', 'title': 'Сумма минимумов', 'isOriginal': True}]",True,False,0,0,0,False,False,False,0.0,True,[],{}
27272,Пары,"[{'language': 'ru', 'languageDisplayName': 'ru', 'title': 'Пары', 'isOriginal': True}]",True,False,160,3,19,False,False,False,1.2625,True,"[{'key': 'arithmetic', 'isMeta': False, 'bojTagId': 121, 'problemCount': 1097, 'displayNames': [{'language': 'ko', 'name': '사칙연산', 'short': '사칙연산'}, {'language': 'en', 'name': 'arithmetic', 'short': 'arithmetic'}, {'language': 'ja', 'name': '算数', 'short': '算数'}], 'aliases': [{'alias': '덧셈'}, {'alias': '뺄셈'}, {'alias': '곱셈'}, {'alias': '나눗셈'}, {'alias': '더하기'}, {'alias': '빼기'}, {'alias': '곱하기'}, {'alias': '나누기'}]}, {'key': 'greedy', 'isMeta': False, 'bojTagId': 33, 'problemCount': 2504, 'displayNames': [{'language': 'ko', 'name': '그리디 알고리즘', 'short': '그리디 알고리즘'}, {'language': 'en', 'name': 'greedy', 'short': 'greedy'}, {'language': 'ja', 'name': '貪欲法', 'short': '貪欲法'}], 'aliases': [{'alias': '탐욕법'}]}, {'key': 'math', 'isMeta': False, 'bojTagId': 124, 'problemCount': 6275, 'displayNames': [{'language': 'ko', 'name': '수학', 'short': '수학'}, {'language': 'en', 'name': 'mathematics', 'short': 'math'}, {'language': 'ja', 'name': '数学', 'short': '数学'}], 'aliases': []}]",{}
27273,Число делителей,"[{'language': 'ru', 'languageDisplayName': 'ru', 'title': 'Число делителей', 'isOriginal': True}]",True,False,23,7,5,False,False,False,1.3043,True,"[{'key': 'math', 'isMeta': False, 'bojTagId': 124, 'problemCount': 6275, 'displayNames': [{'language': 'ko', 'name': '수학', 'short': '수학'}, {'language': 'en', 'name': 'mathematics', 'short': 'math'}, {'language': 'ja', 'name': '数学', 'short': '数学'}], 'aliases': []}, {'key': 'number_theory', 'isMeta': False, 'bojTagId': 95, 'problemCount': 1419, 'displayNames': [{'language': 'ko', 'name': '정수론', 'short': '정수론'}, {'language': 'en', 'name': 'number theory', 'short': 'number theory'}, {'language': 'ja', 'name': '整数論', 'short': '整数論'}], 'aliases': []}, {'key': 'primality_test', 'isMeta': False, 'bojTagId': 9, 'problemCount': 318, 'displayNames': [{'language': 'ko', 'name': '소수 판정', 'short': '소수 판정'}, {'language': 'en', 'name': 'primality test', 'short': 'primality test'}, {'language': 'ja', 'name': '素数性テスト', 'short': '素数性テスト'}], 'aliases': [{'alias': '소수'}, {'alias': '소수판별'}, {'alias': '소수판정'}, {'alias': 'prime'}]}]",{}
27274,Сумма,"[{'language': 'ru', 'languageDisplayName': 'ru', 'title': 'Сумма', 'isOriginal': True}]",True,False,17,11,1,False,False,False,1.2353,True,"[{'key': 'arbitrary_precision', 'isMeta': False, 'bojTagId': 117, 'problemCount': 256, 'displayNames': [{'language': 'ko', 'name': '임의 정밀도 / 큰 수 연산', 'short': '임의 정밀도 / 큰 수 연산'}, {'language': 'en', 'name': 'arbitrary precision / big integers', 'short': 'arbitrary precision / big integers'}, {'language': 'ja', 'name': '高精度または大きな数の演算', 'short': '高精度または大きな数の演算'}], 'aliases': [{'alias': '빅인티저'}, {'alias': '빅데시멀'}, {'alias': 'biginteger'}, {'alias': 'bigdecimal'}]}, {'key': 'dp', 'isMeta': False, 'bojTagId': 25, 'problemCount': 3982, 'displayNames': [{'language': 'ko', 'name': '다이나믹 프로그래밍', 'short': '다이나믹 프로그래밍'}, {'language': 'en', 'name': 'dynamic programming', 'short': 'dp'}, {'language': 'ja', 'name': '動的計画法', 'short': 'dp'}], 'aliases': [{'alias': '동적계획법'}, {'alias': '동적 계획법'}, {'alias': '다이나믹프로그래밍'}]}, {'key': 'knapsack', 'isMeta': False, 'bojTagId': 148, 'problemCount': 252, 'displayNames': [{'language': 'ko', 'name': '배낭 문제', 'short': '배낭 문제'}, {'language': 'en', 'name': 'knapsack', 'short': 'knapsack'}, {'language': 'ja', 'name': 'ナップサック問題', 'short': 'ナップサック'}], 'aliases': [{'alias': '냅색'}]}]",{}
27275,Баскетбол,"[{'language': 'ru', 'languageDisplayName': 'ru', 'title': 'Баскетбол', 'isOriginal': True}]",True,False,0,0,0,False,False,False,0.0,True,[],{}
27276,Робот,"[{'language': 'ru', 'languageDisplayName': 'ru', 'title': 'Робот', 'isOriginal': True}]",True,False,0,0,0,False,False,False,0.0,True,[],{}
27277,장기자랑,"[{'language': 'ko', 'languageDisplayName': 'ko', 'title': '장기자랑', 'isOriginal': True}]",True,False,269,10,28,False,False,False,1.5204,True,"[{'key': 'greedy', 'isMeta': False, 'bojTagId': 33, 'problemCount': 2504, 'displayNames': [{'language': 'ko', 'name': '그리디 알고리즘', 'short': '그리디 알고리즘'}, {'language': 'en', 'name': 'greedy', 'short': 'greedy'}, {'language': 'ja', 'name': '貪欲法', 'short': '貪欲法'}], 'aliases': [{'alias': '탐욕법'}]}, {'key': 'sorting', 'isMeta': False, 'bojTagId': 97, 'problemCount': 1833, 'displayNames': [{'language': 'ko', 'name': '정렬', 'short': '정렬'}, {'language': 'en', 'name': 'sorting', 'short': 'sorting'}, {'language': 'ja', 'name': 'ソート', 'short': 'ソート'}], 'aliases': []}]",{}
27278,영내순환버스,"[{'language': 'ko', 'languageDisplayName': 'ko', 'title': '영내순환버스', 'isOriginal': True}]",True,False,82,10,16,False,False,False,2.1098,True,"[{'key': 'math', 'isMeta': False, 'bojTagId': 124, 'problemCount': 6275, 'displayNames': [{'language': 'ko', 'name': '수학', 'short': '수학'}, {'language': 'en', 'name': 'mathematics', 'short': 'math'}, {'language': 'ja', 'name': '数学', 'short': '数学'}], 'aliases': []}, {'key': 'prefix_sum', 'isMeta': False, 'bojTagId': 139, 'problemCount': 953, 'displayNames': [{'language': 'ko', 'name': '누적 합', 'short': '누적 합'}, {'language': 'en', 'name': 'prefix sum', 'short': 'prefix sum'}, {'language': 'ja', 'name': '累積和', 'short': '累積和'}], 'aliases': [{'alias': '구간합'}, {'alias': '부분합'}, {'alias': 'rangesum'}]}]",{}
27279,조사전달,"[{'language': 'ko', 'languageDisplayName': 'ko', 'title': '조사전달', 'isOriginal': True}]",True,False,92,12,9,False,False,False,2.4457,True,"[{'key': 'greedy', 'isMeta': False, 'bojTagId': 33, 'problemCount': 2504, 'displayNames': [{'language': 'ko', 'name': '그리디 알고리즘', 'short': '그리디 알고리즘'}, {'language': 'en', 'name': 'greedy', 'short': 'greedy'}, {'language': 'ja', 'name': '貪欲法', 'short': '貪欲法'}], 'aliases': [{'alias': '탐욕법'}]}, {'key': 'sorting', 'isMeta': False, 'bojTagId': 97, 'problemCount': 1833, 'displayNames': [{'language': 'ko', 'name': '정렬', 'short': '정렬'}, {'language': 'en', 'name': 'sorting', 'short': 'sorting'}, {'language': 'ja', 'name': 'ソート', 'short': 'ソート'}], 'aliases': []}]",{}
27280,이기적인 목봉 체조 (Easy),"[{'language': 'ko', 'languageDisplayName': 'ko', 'title': '이기적인 목봉 체조 (Easy)', 'isOriginal': True}]",True,False,70,13,16,False,False,False,2.7571,True,"[{'key': 'dp', 'isMeta': False, 'bojTagId': 25, 'problemCount': 3982, 'displayNames': [{'language': 'ko', 'name': '다이나믹 프로그래밍', 'short': '다이나믹 프로그래밍'}, {'language': 'en', 'name': 'dynamic programming', 'short': 'dp'}, {'language': 'ja', 'name': '動的計画法', 'short': 'dp'}], 'aliases': [{'alias': '동적계획법'}, {'alias': '동적 계획법'}, {'alias': '다이나믹프로그래밍'}]}]",{}
27281,운전병의 딜레마,"[{'language': 'ko', 'languageDisplayName': 'ko', 'title': '운전병의 딜레마', 'isOriginal': True}]",True,False,60,15,24,False,False,False,4.35,True,"[{'key': 'binary_search', 'isMeta': False, 'bojTagId': 12, 'problemCount': 1206, 'displayNames': [{'language': 'ko', 'name': '이분 탐색', 'short': '이분 탐색'}, {'language': 'en', 'name': 'binary search', 'short': 'binary search'}, {'language': 'ja', 'name': '二分探索', 'short': '二分探索'}], 'aliases': [{'alias': '이분탐색'}, {'alias': '이진탐색'}]}, {'key': 'dijkstra', 'isMeta': False, 'bojTagId': 22, 'problemCount': 573, 'displayNames': [{'language': 'ko', 'name': '데이크스트라', 'short': '데이크스트라'}, {'language': 'en', 'name': ""dijkstra's"", 'short': ""dijkstra's""}, {'language': 'ja', 'name': 'ダイクストラ法', 'short': 'ダイクストラ法'}], 'aliases': [{'alias': '다익'}, {'alias': '다익스트라'}, {'alias': '데이크스트라'}]}, {'key': 'graphs', 'isMeta': False, 'bojTagId': 7, 'problemCount': 3637, 'displayNames': [{'language': 'ko', 'name': '그래프 이론', 'short': '그래프 이론'}, {'language': 'en', 'name': 'graph theory', 'short': 'graph'}, {'language': 'ja', 'name': 'グラフ理論', 'short': 'グラフ'}], 'aliases': [{'alias': '그래프이론'}, {'alias': '그래프'}]}, {'key': 'parametric_search', 'isMeta': False, 'bojTagId': 170, 'problemCount': 368, 'displayNames': [{'language': 'ko', 'name': '매개 변수 탐색', 'short': '매개 변수 탐색'}, {'language': 'en', 'name': 'parametric search', 'short': 'parametric search'}, {'language': 'ja', 'name': 'parametric search', 'short': 'parametric search'}], 'aliases': [{'alias': '파라메트릭'}]}, {'key': 'shortest_path', 'isMeta': False, 'bojTagId': 215, 'problemCount': 760, 'displayNames': [{'language': 'ko', 'name': '최단 경로', 'short': '최단 경로'}, {'language': 'en', 'name': 'shortest path', 'short': 'shortest path'}, {'language': 'ja', 'name': '最短経路', 'short': '最短経路'}], 'aliases': []}]",{}
27282,체육 대회,"[{'language': 'ko', 'languageDisplayName': 'ko', 'title': '체육 대회', 'isOriginal': True}]",True,False,13,17,6,False,False,False,1.9231,True,"[{'key': 'bruteforcing', 'isMeta': False, 'bojTagId': 125, 'problemCount': 2158, 'displayNames': [{'language': 'ko', 'name': '브루트포스 알고리즘', 'short': '브루트포스 알고리즘'}, {'language': 'en', 'name': 'bruteforcing', 'short': 'bruteforce'}, {'language': 'ja', 'name': '全探索', 'short': '全探索'}], 'aliases': [{'alias': '완전탐색'}, {'alias': '완전 탐색'}, {'alias': '브루트포스'}, {'alias': 'bruteforce'}, {'alias': 'brute force'}, {'alias': '완탐'}]}, {'key': 'case_work', 'isMeta': False, 'bojTagId': 137, 'problemCount': 856, 'displayNames': [{'language': 'ko', 'name': '많은 조건 분기', 'short': '많은 조건 분기'}, {'language': 'en', 'name': 'case work', 'short': 'case work'}, {'language': 'ja', 'name': 'ケースワーク', 'short': 'ケースワーク'}], 'aliases': [{'alias': '케이스'}, {'alias': '케이스워크'}, {'alias': '케이스 워크'}]}, {'key': 'combinatorics', 'isMeta': False, 'bojTagId': 6, 'problemCount': 895, 'displayNames': [{'language': 'ko', 'name': '조합론', 'short': '조합론'}, {'language': 'en', 'name': 'combinatorics', 'short': 'combinatorics'}, {'language': 'ja', 'name': '組み合わせ', 'short': '組み合わせ'}], 'aliases': [{'alias': 'combination'}, {'alias': 'permutation'}, {'alias': 'probability'}, {'alias': '확률'}, {'alias': '순열'}]}, {'key': 'math', 'isMeta': False, 'bojTagId': 124, 'problemCount': 6275, 'displayNames': [{'language': 'ko', 'name': '수학', 'short': '수학'}, {'language': 'en', 'name': 'mathematics', 'short': 'math'}, {'language': 'ja', 'name': '数学', 'short': '数学'}], 'aliases': []}]",{}
27283,MVP 투표,"[{'language': 'ko', 'languageDisplayName': 'ko', 'title': 'MVP 투표', 'isOriginal': True}]",True,False,11,21,5,False,False,False,2.0909,True,"[{'key': 'case_work', 'isMeta': False, 'bojTagId': 137, 'problemCount': 856, 'displayNames': [{'language': 'ko', 'name': '많은 조건 분기', 'short': '많은 조건 분기'}, {'language': 'en', 'name': 'case work', 'short': 'case work'}, {'language': 'ja', 'name': 'ケースワーク', 'short': 'ケースワーク'}], 'aliases': [{'alias': '케이스'}, {'alias': '케이스워크'}, {'alias': '케이스 워크'}]}, {'key': 'dp', 'isMeta': False, 'bojTagId': 25, 'problemCount': 3982, 'displayNames': [{'language': 'ko', 'name': '다이나믹 프로그래밍', 'short': '다이나믹 프로그래밍'}, {'language': 'en', 'name': 'dynamic programming', 'short': 'dp'}, {'language': 'ja', 'name': '動的計画法', 'short': 'dp'}], 'aliases': [{'alias': '동적계획법'}, {'alias': '동적 계획법'}, {'alias': '다이나믹프로그래밍'}]}, {'key': 'dp_tree', 'isMeta': False, 'bojTagId': 92, 'problemCount': 409, 'displayNames': [{'language': 'ko', 'name': '트리에서의 다이나믹 프로그래밍', 'short': '트리에서의 다이나믹 프로그래밍'}, {'language': 'en', 'name': 'dynamic programming on trees', 'short': 'tree dp'}, {'language': 'ja', 'name': '木上の動的計画法', 'short': 'tree dp'}], 'aliases': [{'alias': '트리dp'}]}, {'key': 'graphs', 'isMeta': False, 'bojTagId': 7, 'problemCount': 3637, 'displayNames': [{'language': 'ko', 'name': '그래프 이론', 'short': '그래프 이론'}, {'language': 'en', 'name': 'graph theory', 'short': 'graph'}, {'language': 'ja', 'name': 'グラフ理論', 'short': 'グラフ'}], 'aliases': [{'alias': '그래프이론'}, {'alias': '그래프'}]}, {'key': 'graph_traversal', 'isMeta': False, 'bojTagId': 11, 'problemCount': 1983, 'displayNames': [{'language': 'ko', 'name': '그래프 탐색', 'short': '그래프 탐색'}, {'language': 'en', 'name': 'graph traversal', 'short': 'traversal'}, {'language': 'ja', 'name': 'グラフの探索', 'short': '横断'}], 'aliases': [{'alias': 'bfs'}, {'alias': 'dfs'}]}, {'key': 'implementation', 'isMeta': False, 'bojTagId': 102, 'problemCount': 5468, 'displayNames': [{'language': 'ko', 'name': '구현', 'short': '구현'}, {'language': 'en', 'name': 'implementation', 'short': 'impl'}, {'language': 'ja', 'name': '実装', 'short': 'impl'}], 'aliases': []}, {'key': 'trees', 'isMeta': False, 'bojTagId': 120, 'problemCount': 1384, 'displayNames': [{'language': 'ko', 'name': '트리', 'short': '트리'}, {'language': 'en', 'name': 'tree', 'short': 'tree'}, {'language': 'ja', 'name': '木', 'short': '木'}], 'aliases': [{'alias': 'trees'}]}]",{}
27284,이기적인 목봉 체조 (Hard),"[{'language': 'ko', 'languageDisplayName': 'ko', 'title': '이기적인 목봉 체조 (Hard)', 'isOriginal': True}]",True,False,21,21,5,False,False,False,3.2381,True,"[{'key': 'data_structures', 'isMeta': False, 'bojTagId': 175, 'problemCount': 3772, 'displayNames': [{'language': 'ko', 'name': '자료 구조', 'short': '자료 구조'}, {'language': 'en', 'name': 'data structures', 'short': 'ds'}, {'language': 'ja', 'name': 'データ構造', 'short': 'ds'}], 'aliases': [{'alias': '자료구조'}, {'alias': '자구'}]}, {'key': 'dp', 'isMeta': False, 'bojTagId': 25, 'problemCount': 3982, 'displayNames': [{'language': 'ko', 'name': '다이나믹 프로그래밍', 'short': '다이나믹 프로그래밍'}, {'language': 'en', 'name': 'dynamic programming', 'short': 'dp'}, {'language': 'ja', 'name': '動的計画法', 'short': 'dp'}], 'aliases': [{'alias': '동적계획법'}, {'alias': '동적 계획법'}, {'alias': '다이나믹프로그래밍'}]}, {'key': 'segtree', 'isMeta': False, 'bojTagId': 65, 'problemCount': 1289, 'displayNames': [{'language': 'ko', 'name': '세그먼트 트리', 'short': '세그먼트 트리'}, {'language': 'en', 'name': 'segment tree', 'short': 'segtree'}, {'language': 'ja', 'name': 'セグメント木', 'short': 'セグ木'}], 'aliases': [{'alias': '구간트리'}, {'alias': '세그트리'}, {'alias': 'fenwick'}, {'alias': '펜윅'}]}, {'key': 'stack', 'isMeta': False, 'bojTagId': 71, 'problemCount': 372, 'displayNames': [{'language': 'ko', 'name': '스택', 'short': '스택'}, {'language': 'en', 'name': 'stack', 'short': 'stack'}, {'language': 'ja', 'name': 'スタック', 'short': 'スタック'}], 'aliases': []}]",{}
27285,L-Board,"[{'language': 'en', 'languageDisplayName': 'en', 'title': 'L-Board', 'isOriginal': True}]",True,False,20,12,4,False,False,False,3.75,True,"[{'key': 'dp', 'isMeta': False, 'bojTagId': 25, 'problemCount': 3982, 'displayNames': [{'language': 'ko', 'name': '다이나믹 프로그래밍', 'short': '다이나믹 프로그래밍'}, {'language': 'en', 'name': 'dynamic programming', 'short': 'dp'}, {'language': 'ja', 'name': '動的計画法', 'short': 'dp'}], 'aliases': [{'alias': '동적계획법'}, {'alias': '동적 계획법'}, {'alias': '다이나믹프로그래밍'}]}, {'key': 'greedy', 'isMeta': False, 'bojTagId': 33, 'problemCount': 2504, 'displayNames': [{'language': 'ko', 'name': '그리디 알고리즘', 'short': '그리디 알고리즘'}, {'language': 'en', 'name': 'greedy', 'short': 'greedy'}, {'language': 'ja', 'name': '貪欲法', 'short': '貪欲法'}], 'aliases': [{'alias': '탐욕법'}]}]",{}
27286,Tree Cutting,"[{'language': 'en', 'languageDisplayName': 'en', 'title': 'Tree Cutting', 'isOriginal': True}]",True,False,16,19,6,False,False,False,1.8125,True,"[{'key': 'dp', 'isMeta': False, 'bojTagId': 25, 'problemCount': 3982, 'displayNames': [{'language': 'ko', 'name': '다이나믹 프로그래밍', 'short': '다이나믹 프로그래밍'}, {'language': 'en', 'name': 'dynamic programming', 'short': 'dp'}, {'language': 'ja', 'name': '動的計画法', 'short': 'dp'}], 'aliases': [{'alias': '동적계획법'}, {'alias': '동적 계획법'}, {'alias': '다이나믹프로그래밍'}]}, {'key': 'dp_tree', 'isMeta': False, 'bojTagId': 92, 'problemCount': 409, 'displayNames': [{'language': 'ko', 'name': '트리에서의 다이나믹 프로그래밍', 'short': '트리에서의 다이나믹 프로그래밍'}, {'language': 'en', 'name': 'dynamic programming on trees', 'short': 'tree dp'}, {'language': 'ja', 'name': '木上の動的計画法', 'short': 'tree dp'}], 'aliases': [{'alias': '트리dp'}]}, {'key': 'trees', 'isMeta': False, 'bojTagId': 120, 'problemCount': 1384, 'displayNames': [{'language': 'ko', 'name': '트리', 'short': '트리'}, {'language': 'en', 'name': 'tree', 'short': 'tree'}, {'language': 'ja', 'name': '木', 'short': '木'}], 'aliases': [{'alias': 'trees'}]}]",{}
27287,Dragonfly,"[{'language': 'en', 'languageDisplayName': 'en', 'title': 'Dragonfly', 'isOriginal': True}]",True,False,6,23,2,False,False,False,1.6667,True,"[{'key': 'binary_search', 'isMeta': False, 'bojTagId': 12, 'problemCount': 1206, 'displayNames': [{'language': 'ko', 'name': '이분 탐색', 'short': '이분 탐색'}, {'language': 'en', 'name': 'binary search', 'short': 'binary search'}, {'language': 'ja', 'name': '二分探索', 'short': '二分探索'}], 'aliases': [{'alias': '이분탐색'}, {'alias': '이진탐색'}]}, {'key': 'data_structures', 'isMeta': False, 'bojTagId': 175, 'problemCount': 3772, 'displayNames': [{'language': 'ko', 'name': '자료 구조', 'short': '자료 구조'}, {'language': 'en', 'name': 'data structures', 'short': 'ds'}, {'language': 'ja', 'name': 'データ構造', 'short': 'ds'}], 'aliases': [{'alias': '자료구조'}, {'alias': '자구'}]}, {'key': 'euler_tour_technique', 'isMeta': False, 'bojTagId': 150, 'problemCount': 96, 'displayNames': [{'language': 'ko', 'name': '오일러 경로 테크닉', 'short': '오일러 경로 테크닉'}, {'language': 'en', 'name': 'euler tour technique', 'short': 'ett'}, {'language': 'ja', 'name': 'オイラーツアー', 'short': 'ett'}], 'aliases': []}, {'key': 'lazyprop', 'isMeta': False, 'bojTagId': 66, 'problemCount': 300, 'displayNames': [{'language': 'ko', 'name': '느리게 갱신되는 세그먼트 트리', 'short': '느리게 갱신되는 세그먼트 트리'}, {'language': 'en', 'name': 'segment tree with lazy propagation', 'short': 'lazyprop'}, {'language': 'ja', 'name': '遅延評価セグメント木', 'short': '遅延評価セグ木'}], 'aliases': [{'alias': '레이지'}, {'alias': '레이지프로퍼게이션'}, {'alias': '레이지프로파게이션'}, {'alias': '구간트리'}, {'alias': 'fenwick'}, {'alias': '펜윅'}]}, {'key': 'pbs', 'isMeta': False, 'bojTagId': 54, 'problemCount': 34, 'displayNames': [{'language': 'ko', 'name': '병렬 이분 탐색', 'short': '병렬 이분 탐색'}, {'language': 'en', 'name': 'parallel binary search', 'short': 'pbs'}, {'language': 'ja', 'name': 'parallel binary search', 'short': 'pbs'}], 'aliases': []}, {'key': 'segtree', 'isMeta': False, 'bojTagId': 65, 'problemCount': 1289, 'displayNames': [{'language': 'ko', 'name': '세그먼트 트리', 'short': '세그먼트 트리'}, {'language': 'en', 'name': 'segment tree', 'short': 'segtree'}, {'language': 'ja', 'name': 'セグメント木', 'short': 'セグ木'}], 'aliases': [{'alias': '구간트리'}, {'alias': '세그트리'}, {'alias': 'fenwick'}, {'alias': '펜윅'}]}, {'key': 'trees', 'isMeta': False, 'bojTagId': 120, 'problemCount': 1384, 'displayNames': [{'language': 'ko', 'name': '트리', 'short': '트리'}, {'language': 'en', 'name': 'tree', 'short': 'tree'}, {'language': 'ja', 'name': '木', 'short': '木'}], 'aliases': [{'alias': 'trees'}]}]",{}
27288,Voting Cities,"[{'language': 'en', 'languageDisplayName': 'en', 'title': 'Voting Cities', 'isOriginal': True}]",True,False,7,16,2,False,False,False,3.0,True,"[{'key': 'bitmask', 'isMeta': False, 'bojTagId': 14, 'problemCount': 717, 'displayNames': [{'language': 'ko', 'name': '비트마스킹', 'short': '비트마스킹'}, {'language': 'en', 'name': 'bitmask', 'short': 'bitmask'}, {'language': 'ja', 'name': 'ビット表現', 'short': 'ビット表現'}], 'aliases': [{'alias': '비트필드'}, {'alias': '비트마스크'}]}, {'key': 'dijkstra', 'isMeta': False, 'bojTagId': 22, 'problemCount': 573, 'displayNames': [{'language': 'ko', 'name': '데이크스트라', 'short': '데이크스트라'}, {'language': 'en', 'name': ""dijkstra's"", 'short': ""dijkstra's""}, {'language': 'ja', 'name': 'ダイクストラ法', 'short': 'ダイクストラ法'}], 'aliases': [{'alias': '다익'}, {'alias': '다익스트라'}, {'alias': '데이크스트라'}]}, {'key': 'dp', 'isMeta': False, 'bojTagId': 25, 'problemCount': 3982, 'displayNames': [{'language': 'ko', 'name': '다이나믹 프로그래밍', 'short': '다이나믹 프로그래밍'}, {'language': 'en', 'name': 'dynamic programming', 'short': 'dp'}, {'language': 'ja', 'name': '動的計画法', 'short': 'dp'}], 'aliases': [{'alias': '동적계획법'}, {'alias': '동적 계획법'}, {'alias': '다이나믹프로그래밍'}]}, {'key': 'graphs', 'isMeta': False, 'bojTagId': 7, 'problemCount': 3637, 'displayNames': [{'language': 'ko', 'name': '그래프 이론', 'short': '그래프 이론'}, {'language': 'en', 'name': 'graph theory', 'short': 'graph'}, {'language': 'ja', 'name': 'グラフ理論', 'short': 'グラフ'}], 'aliases': [{'alias': '그래프이론'}, {'alias': '그래프'}]}, {'key': 'shortest_path', 'isMeta': False, 'bojTagId': 215, 'problemCount': 760, 'displayNames': [{'language': 'ko', 'name': '최단 경로', 'short': '최단 경로'}, {'language': 'en', 'name': 'shortest path', 'short': 'shortest path'}, {'language': 'ja', 'name': '最短経路', 'short': '最短経路'}], 'aliases': []}]",{}
27289,Gym Badges,"[{'language': 'en', 'languageDisplayName': 'en', 'title': 'Gym Badges', 'isOriginal': True}]",True,False,20,22,6,False,False,False,2.9,True,"[{'key': 'data_structures', 'isMeta': False, 'bojTagId': 175, 'problemCount': 3772, 'displayNames': [{'language': 'ko', 'name': '자료 구조', 'short': '자료 구조'}, {'language': 'en', 'name': 'data structures', 'short': 'ds'}, {'language': 'ja', 'name': 'データ構造', 'short': 'ds'}], 'aliases': [{'alias': '자료구조'}, {'alias': '자구'}]}, {'key': 'dp', 'isMeta': False, 'bojTagId': 25, 'problemCount': 3982, 'displayNames': [{'language': 'ko', 'name': '다이나믹 프로그래밍', 'short': '다이나믹 프로그래밍'}, {'language': 'en', 'name': 'dynamic programming', 'short': 'dp'}, {'language': 'ja', 'name': '動的計画法', 'short': 'dp'}], 'aliases': [{'alias': '동적계획법'}, {'alias': '동적 계획법'}, {'alias': '다이나믹프로그래밍'}]}, {'key': 'greedy', 'isMeta': False, 'bojTagId': 33, 'problemCount': 2504, 'displayNames': [{'language': 'ko', 'name': '그리디 알고리즘', 'short': '그리디 알고리즘'}, {'language': 'en', 'name': 'greedy', 'short': 'greedy'}, {'language': 'ja', 'name': '貪欲法', 'short': '貪欲法'}], 'aliases': [{'alias': '탐욕법'}]}, {'key': 'priority_queue', 'isMeta': False, 'bojTagId': 59, 'problemCount': 421, 'displayNames': [{'language': 'ko', 'name': '우선순위 큐', 'short': '우선순위 큐'}, {'language': 'en', 'name': 'priority queue', 'short': 'priority queue'}, {'language': 'ja', 'name': '優先度付きキュー', 'short': '優先度付きキュー'}], 'aliases': [{'alias': 'heap'}, {'alias': '힙'}]}, {'key': 'slope_trick', 'isMeta': False, 'bojTagId': 157, 'problemCount': 26, 'displayNames': [{'language': 'ko', 'name': '함수 개형을 이용한 최적화', 'short': '함수 개형을 이용한 최적화'}, {'language': 'en', 'name': 'slope trick', 'short': 'slope trick'}, {'language': 'ja', 'name': 'slope trick', 'short': 'slope trick'}], 'aliases': [{'alias': '슬로프트릭'}, {'alias': '슬로프 트릭'}]}]",{}
27290,Towers,"[{'language': 'en', 'languageDisplayName': 'en', 'title': 'Towers', 'isOriginal': True}]",True,False,8,23,4,False,False,False,7.25,True,"[{'key': 'ad_hoc', 'isMeta': False, 'bojTagId': 109, 'problemCount': 1448, 'displayNames': [{'language': 'ko', 'name': '애드 혹', 'short': '애드 혹'}, {'language': 'en', 'name': 'ad-hoc', 'short': 'ad-hoc'}, {'language': 'ja', 'name': 'アドホック', 'short': 'アドホック'}], 'aliases': []}, {'key': 'constructive', 'isMeta': False, 'bojTagId': 128, 'problemCount': 986, 'displayNames': [{'language': 'ko', 'name': '해 구성하기', 'short': '해 구성하기'}, {'language': 'en', 'name': 'constructive', 'short': 'constructive'}, {'language': 'ja', 'name': '構成的', 'short': '構成的'}], 'aliases': [{'alias': 'constructive'}, {'alias': '컨스트럭티브'}, {'alias': '구성적'}]}, {'key': 'sorting', 'isMeta': False, 'bojTagId': 97, 'problemCount': 1833, 'displayNames': [{'language': 'ko', 'name': '정렬', 'short': '정렬'}, {'language': 'en', 'name': 'sorting', 'short': 'sorting'}, {'language': 'ja', 'name': 'ソート', 'short': 'ソート'}], 'aliases': []}, {'key': 'sweeping', 'isMeta': False, 'bojTagId': 106, 'problemCount': 469, 'displayNames': [{'language': 'ko', 'name': '스위핑', 'short': '스위핑'}, {'language': 'en', 'name': 'sweeping', 'short': 'sweeping'}, {'language': 'ja', 'name': '平面走査', 'short': '平面走査'}], 'aliases': [{'alias': '라인 스위핑'}]}]",{}
27291,Grapevine,"[{'language': 'en', 'languageDisplayName': 'en', 'title': 'Grapevine', 'isOriginal': True}]",True,False,7,23,2,False,False,False,4.2857,True,"[{'key': 'centroid', 'isMeta': False, 'bojTagId': 188, 'problemCount': 96, 'displayNames': [{'language': 'en', 'name': 'centroid', 'short': 'centroid'}, {'language': 'ko', 'name': '센트로이드', 'short': '센트로이드'}, {'language': 'ja', 'name': 'centroid', 'short': 'centroid'}], 'aliases': []}, {'key': 'centroid_decomposition', 'isMeta': False, 'bojTagId': 18, 'problemCount': 77, 'displayNames': [{'language': 'ko', 'name': '센트로이드 분할', 'short': '센트로이드 분할'}, {'language': 'en', 'name': 'centroid decomposition', 'short': 'centroid decomposition'}, {'language': 'ja', 'name': 'centroid decomposition', 'short': 'centroid decomposition'}], 'aliases': [{'alias': '센트로이드'}]}, {'key': 'data_structures', 'isMeta': False, 'bojTagId': 175, 'problemCount': 3772, 'displayNames': [{'language': 'ko', 'name': '자료 구조', 'short': '자료 구조'}, {'language': 'en', 'name': 'data structures', 'short': 'ds'}, {'language': 'ja', 'name': 'データ構造', 'short': 'ds'}], 'aliases': [{'alias': '자료구조'}, {'alias': '자구'}]}, {'key': 'divide_and_conquer', 'isMeta': False, 'bojTagId': 24, 'problemCount': 412, 'displayNames': [{'language': 'ko', 'name': '분할 정복', 'short': '분할 정복'}, {'language': 'en', 'name': 'divide and conquer', 'short': 'd&c'}, {'language': 'ja', 'name': '分割統治法', 'short': '分割統治法'}], 'aliases': [{'alias': 'dnc'}]}, {'key': 'euler_tour_technique', 'isMeta': False, 'bojTagId': 150, 'problemCount': 96, 'displayNames': [{'language': 'ko', 'name': '오일러 경로 테크닉', 'short': '오일러 경로 테크닉'}, {'language': 'en', 'name': 'euler tour technique', 'short': 'ett'}, {'language': 'ja', 'name': 'オイラーツアー', 'short': 'ett'}], 'aliases': []}, {'key': 'lazyprop', 'isMeta': False, 'bojTagId': 66, 'problemCount': 300, 'displayNames': [{'language': 'ko', 'name': '느리게 갱신되는 세그먼트 트리', 'short': '느리게 갱신되는 세그먼트 트리'}, {'language': 'en', 'name': 'segment tree with lazy propagation', 'short': 'lazyprop'}, {'language': 'ja', 'name': '遅延評価セグメント木', 'short': '遅延評価セグ木'}], 'aliases': [{'alias': '레이지'}, {'alias': '레이지프로퍼게이션'}, {'alias': '레이지프로파게이션'}, {'alias': '구간트리'}, {'alias': 'fenwick'}, {'alias': '펜윅'}]}, {'key': 'segtree', 'isMeta': False, 'bojTagId': 65, 'problemCount': 1289, 'displayNames': [{'language': 'ko', 'name': '세그먼트 트리', 'short': '세그먼트 트리'}, {'language': 'en', 'name': 'segment tree', 'short': 'segtree'}, {'language': 'ja', 'name': 'セグメント木', 'short': 'セグ木'}], 'aliases': [{'alias': '구간트리'}, {'alias': '세그트리'}, {'alias': 'fenwick'}, {'alias': '펜윅'}]}, {'key': 'trees', 'isMeta': False, 'bojTagId': 120, 'problemCount': 1384, 'displayNames': [{'language': 'ko', 'name': '트리', 'short': '트리'}, {'language': 'en', 'name': 'tree', 'short': 'tree'}, {'language': 'ja', 'name': '木', 'short': '木'}], 'aliases': [{'alias': 'trees'}]}]",{}
27292,Fruits,"[{'language': 'en', 'languageDisplayName': 'en', 'title': 'Fruits', 'isOriginal': True}]",True,False,3,26,1,False,False,False,3.3333,True,"[{'key': 'data_structures', 'isMeta': False, 'bojTagId': 175, 'problemCount': 3772, 'displayNames': [{'language': 'ko', 'name': '자료 구조', 'short': '자료 구조'}, {'language': 'en', 'name': 'data structures', 'short': 'ds'}, {'language': 'ja', 'name': 'データ構造', 'short': 'ds'}], 'aliases': [{'alias': '자료구조'}, {'alias': '자구'}]}, {'key': 'dp', 'isMeta': False, 'bojTagId': 25, 'problemCount': 3982, 'displayNames': [{'language': 'ko', 'name': '다이나믹 프로그래밍', 'short': '다이나믹 프로그래밍'}, {'language': 'en', 'name': 'dynamic programming', 'short': 'dp'}, {'language': 'ja', 'name': '動的計画法', 'short': 'dp'}], 'aliases': [{'alias': '동적계획법'}, {'alias': '동적 계획법'}, {'alias': '다이나믹프로그래밍'}]}]",{}
27293,거듭제곱의 합 2,"[{'language': 'ko', 'languageDisplayName': 'ko', 'title': '거듭제곱의 합 2', 'isOriginal': True}]",True,False,30,22,12,False,False,False,1.6667,True,"[{'key': 'combinatorics', 'isMeta': False, 'bojTagId': 6, 'problemCount': 895, 'displayNames': [{'language': 'ko', 'name': '조합론', 'short': '조합론'}, {'language': 'en', 'name': 'combinatorics', 'short': 'combinatorics'}, {'language': 'ja', 'name': '組み合わせ', 'short': '組み合わせ'}], 'aliases': [{'alias': 'combination'}, {'alias': 'permutation'}, {'alias': 'probability'}, {'alias': '확률'}, {'alias': '순열'}]}, {'key': 'exponentiation_by_squaring', 'isMeta': False, 'bojTagId': 39, 'problemCount': 276, 'displayNames': [{'language': 'ko', 'name': '분할 정복을 이용한 거듭제곱', 'short': '분할 정복을 이용한 거듭제곱'}, {'language': 'en', 'name': 'exponentiation by squaring', 'short': 'exponentiation by squaring'}, {'language': 'ja', 'name': '二乗法によるべき乗', 'short': '二乗法によるべき乗'}], 'aliases': [{'alias': '거듭제곱'}, {'alias': '제곱'}, {'alias': 'power'}, {'alias': 'square'}]}, {'key': 'kitamasa', 'isMeta': False, 'bojTagId': 112, 'problemCount': 12, 'displayNames': [{'language': 'ko', 'name': '키타마사', 'short': '키타마사'}, {'language': 'en', 'name': 'kitamasa', 'short': 'kitamasa'}, {'language': 'ja', 'name': 'きたまさ法', 'short': 'きたまさ法'}], 'aliases': []}, {'key': 'math', 'isMeta': False, 'bojTagId': 124, 'problemCount': 6275, 'displayNames': [{'language': 'ko', 'name': '수학', 'short': '수학'}, {'language': 'en', 'name': 'mathematics', 'short': 'math'}, {'language': 'ja', 'name': '数学', 'short': '数学'}], 'aliases': []}, {'key': 'number_theory', 'isMeta': False, 'bojTagId': 95, 'problemCount': 1419, 'displayNames': [{'language': 'ko', 'name': '정수론', 'short': '정수론'}, {'language': 'en', 'name': 'number theory', 'short': 'number theory'}, {'language': 'ja', 'name': '整数論', 'short': '整数論'}], 'aliases': []}, {'key': 'polynomial_interpolation', 'isMeta': False, 'bojTagId': 209, 'problemCount': 5, 'displayNames': [{'language': 'ko', 'name': '다항식 보간법', 'short': '다항식 보간법'}, {'language': 'en', 'name': 'polynomial interpolation', 'short': 'polynomial interpolation'}, {'language': 'ja', 'name': '多項式補間', 'short': '多項式補間'}], 'aliases': []}]",{}
27294,몇개고?,"[{'language': 'ko', 'languageDisplayName': 'ko', 'title': '몇개고?', 'isOriginal': True}]",True,False,4063,1,109,False,False,False,1.4243,True,"[{'key': 'implementation', 'isMeta': False, 'bojTagId': 102, 'problemCount': 5468, 'displayNames': [{'language': 'ko', 'name': '구현', 'short': '구현'}, {'language': 'en', 'name': 'implementation', 'short': 'impl'}, {'language': 'ja', 'name': '実装', 'short': 'impl'}], 'aliases': []}, {'key': 'math', 'isMeta': False, 'bojTagId': 124, 'problemCount': 6275, 'displayNames': [{'language': 'ko', 'name': '수학', 'short': '수학'}, {'language': 'en', 'name': 'mathematics', 'short': 'math'}, {'language': 'ja', 'name': '数学', 'short': '数学'}], 'aliases': []}]",{}
27295,선형 회귀는 너무 쉬워 1,"[{'language': 'ko', 'languageDisplayName': 'ko', 'title': '선형 회귀는 너무 쉬워 1', 'isOriginal': True}]",True,False,181,6,20,False,False,False,3.1713,True,"[{'key': 'euclidean', 'isMeta': False, 'bojTagId': 26, 'problemCount': 187, 'displayNames': [{'language': 'ko', 'name': '유클리드 호제법', 'short': '유클리드 호제법'}, {'language': 'en', 'name': 'euclidean algorithm', 'short': 'euclidean algorithm'}, {'language': 'ja', 'name': 'ユークリッドの互除法', 'short': 'ユークリッドの互除法'}], 'aliases': [{'alias': '유클리드알고리즘'}]}, {'key': 'math', 'isMeta': False, 'bojTagId': 124, 'problemCount': 6275, 'displayNames': [{'language': 'ko', 'name': '수학', 'short': '수학'}, {'language': 'en', 'name': 'mathematics', 'short': 'math'}, {'language': 'ja', 'name': '数学', 'short': '数学'}], 'aliases': []}, {'key': 'number_theory', 'isMeta': False, 'bojTagId': 95, 'problemCount': 1419, 'displayNames': [{'language': 'ko', 'name': '정수론', 'short': '정수론'}, {'language': 'en', 'name': 'number theory', 'short': 'number theory'}, {'language': 'ja', 'name': '整数論', 'short': '整数論'}], 'aliases': []}]",{}
27296,카탈란 마스터의 선분 그리기 게임,"[{'language': 'ko', 'languageDisplayName': 'ko', 'title': '카탈란 마스터의 선분 그리기 게임', 'isOriginal': True}]",True,False,141,11,22,False,False,False,1.9929,True,"[{'key': 'game_theory', 'isMeta': False, 'bojTagId': 140, 'problemCount': 357, 'displayNames': [{'language': 'ko', 'name': '게임 이론', 'short': '게임 이론'}, {'language': 'en', 'name': 'game theory', 'short': 'game theory'}, {'language': 'ja', 'name': 'ゲーム理論', 'short': 'ゲーム'}], 'aliases': [{'alias': '게임이론'}, {'alias': '님'}, {'alias': 'nim'}]}, {'key': 'geometry', 'isMeta': False, 'bojTagId': 100, 'problemCount': 1482, 'displayNames': [{'language': 'ko', 'name': '기하학', 'short': '기하학'}, {'language': 'en', 'name': 'geometry', 'short': 'geom'}, {'language': 'ja', 'name': '幾何学', 'short': '幾何'}], 'aliases': []}, {'key': 'math', 'isMeta': False, 'bojTagId': 124, 'problemCount': 6275, 'displayNames': [{'language': 'ko', 'name': '수학', 'short': '수학'}, {'language': 'en', 'name': 'mathematics', 'short': 'math'}, {'language': 'ja', 'name': '数学', 'short': '数学'}], 'aliases': []}]",{}
27297,맨해튼에서의 모임,"[{'language': 'ko', 'languageDisplayName': 'ko', 'title': '맨해튼에서의 모임', 'isOriginal': True}]",True,False,171,11,20,False,False,False,2.1754,True,"[{'key': 'math', 'isMeta': False, 'bojTagId': 124, 'problemCount': 6275, 'displayNames': [{'language': 'ko', 'name': '수학', 'short': '수학'}, {'language': 'en', 'name': 'mathematics', 'short': 'math'}, {'language': 'ja', 'name': '数学', 'short': '数学'}], 'aliases': []}, {'key': 'sorting', 'isMeta': False, 'bojTagId': 97, 'problemCount': 1833, 'displayNames': [{'language': 'ko', 'name': '정렬', 'short': '정렬'}, {'language': 'en', 'name': 'sorting', 'short': 'sorting'}, {'language': 'ja', 'name': 'ソート', 'short': 'ソート'}], 'aliases': []}]",{}
27298,디지털 XOR,"[{'language': 'ko', 'languageDisplayName': 'ko', 'title': '디지털 XOR', 'isOriginal': True}]",True,False,19,16,6,False,False,False,3.3684,True,"[{'key': 'arbitrary_precision', 'isMeta': False, 'bojTagId': 117, 'problemCount': 256, 'displayNames': [{'language': 'ko', 'name': '임의 정밀도 / 큰 수 연산', 'short': '임의 정밀도 / 큰 수 연산'}, {'language': 'en', 'name': 'arbitrary precision / big integers', 'short': 'arbitrary precision / big integers'}, {'language': 'ja', 'name': '高精度または大きな数の演算', 'short': '高精度または大きな数の演算'}], 'aliases': [{'alias': '빅인티저'}, {'alias': '빅데시멀'}, {'alias': 'biginteger'}, {'alias': 'bigdecimal'}]}, {'key': 'bruteforcing', 'isMeta': False, 'bojTagId': 125, 'problemCount': 2158, 'displayNames': [{'language': 'ko', 'name': '브루트포스 알고리즘', 'short': '브루트포스 알고리즘'}, {'language': 'en', 'name': 'bruteforcing', 'short': 'bruteforce'}, {'language': 'ja', 'name': '全探索', 'short': '全探索'}], 'aliases': [{'alias': '완전탐색'}, {'alias': '완전 탐색'}, {'alias': '브루트포스'}, {'alias': 'bruteforce'}, {'alias': 'brute force'}, {'alias': '완탐'}]}, {'key': 'greedy', 'isMeta': False, 'bojTagId': 33, 'problemCount': 2504, 'displayNames': [{'language': 'ko', 'name': '그리디 알고리즘', 'short': '그리디 알고리즘'}, {'language': 'en', 'name': 'greedy', 'short': 'greedy'}, {'language': 'ja', 'name': '貪欲法', 'short': '貪欲法'}], 'aliases': [{'alias': '탐욕법'}]}, {'key': 'implementation', 'isMeta': False, 'bojTagId': 102, 'problemCount': 5468, 'displayNames': [{'language': 'ko', 'name': '구현', 'short': '구현'}, {'language': 'en', 'name': 'implementation', 'short': 'impl'}, {'language': 'ja', 'name': '実装', 'short': 'impl'}], 'aliases': []}, {'key': 'math', 'isMeta': False, 'bojTagId': 124, 'problemCount': 6275, 'displayNames': [{'language': 'ko', 'name': '수학', 'short': '수학'}, {'language': 'en', 'name': 'mathematics', 'short': 'math'}, {'language': 'ja', 'name': '数学', 'short': '数学'}], 'aliases': []}, {'key': 'precomputation', 'isMeta': False, 'bojTagId': 172, 'problemCount': 204, 'displayNames': [{'language': 'ko', 'name': '런타임 전의 전처리', 'short': '런타임 전의 전처리'}, {'language': 'en', 'name': 'precomputation', 'short': 'precomputation'}, {'language': 'ja', 'name': '事前計算', 'short': '事前計算'}], 'aliases': [{'alias': 'lookup table'}, {'alias': 'db'}, {'alias': 'database'}]}]",{}
27299,헌내기 현철,"[{'language': 'ko', 'languageDisplayName': 'ko', 'title': '헌내기 현철', 'isOriginal': True}]",True,False,35,17,8,False,False,False,3.9143,True,"[{'key': 'arbitrary_precision', 'isMeta': False, 'bojTagId': 117, 'problemCount': 256, 'displayNames': [{'language': 'ko', 'name': '임의 정밀도 / 큰 수 연산', 'short': '임의 정밀도 / 큰 수 연산'}, {'language': 'en', 'name': 'arbitrary precision / big integers', 'short': 'arbitrary precision / big integers'}, {'language': 'ja', 'name': '高精度または大きな数の演算', 'short': '高精度または大きな数の演算'}], 'aliases': [{'alias': '빅인티저'}, {'alias': '빅데시멀'}, {'alias': 'biginteger'}, {'alias': 'bigdecimal'}]}, {'key': 'euler_phi', 'isMeta': False, 'bojTagId': 151, 'problemCount': 40, 'displayNames': [{'language': 'ko', 'name': '오일러 피 함수', 'short': '오일러 피 함수'}, {'language': 'en', 'name': 'euler totient function', 'short': 'euler phi function'}, {'language': 'ja', 'name': 'euler totient function', 'short': 'euler phi function'}], 'aliases': [{'alias': '오일러 파이'}, {'alias': '토션트'}, {'alias': 'eulerphi'}, {'alias': 'euler phi'}]}, {'key': 'exponentiation_by_squaring', 'isMeta': False, 'bojTagId': 39, 'problemCount': 276, 'displayNames': [{'language': 'ko', 'name': '분할 정복을 이용한 거듭제곱', 'short': '분할 정복을 이용한 거듭제곱'}, {'language': 'en', 'name': 'exponentiation by squaring', 'short': 'exponentiation by squaring'}, {'language': 'ja', 'name': '二乗法によるべき乗', 'short': '二乗法によるべき乗'}], 'aliases': [{'alias': '거듭제곱'}, {'alias': '제곱'}, {'alias': 'power'}, {'alias': 'square'}]}, {'key': 'flt', 'isMeta': False, 'bojTagId': 29, 'problemCount': 61, 'displayNames': [{'language': 'ko', 'name': '페르마의 소정리', 'short': '페르마의 소정리'}, {'language': 'en', 'name': ""fermat's little theorem"", 'short': ""fermat's little thm""}, {'language': 'ja', 'name': 'フェルマーの小定理', 'short': 'フェルマー'}], 'aliases': []}, {'key': 'math', 'isMeta': False, 'bojTagId': 124, 'problemCount': 6275, 'displayNames': [{'language': 'ko', 'name': '수학', 'short': '수학'}, {'language': 'en', 'name': 'mathematics', 'short': 'math'}, {'language': 'ja', 'name': '数学', 'short': '数学'}], 'aliases': []}, {'key': 'number_theory', 'isMeta': False, 'bojTagId': 95, 'problemCount': 1419, 'displayNames': [{'language': 'ko', 'name': '정수론', 'short': '정수론'}, {'language': 'en', 'name': 'number theory', 'short': 'number theory'}, {'language': 'ja', 'name': '整数論', 'short': '整数論'}], 'aliases': []}]",{}
