problemId,titleKo,titles,isSolvable,isPartial,acceptedUserCount,level,votedUserCount,sprout,givesNoRating,isLevelLocked,averageTries,official,tags,metadata
2000,책장제작,"[{'language': 'en', 'languageDisplayName': 'en', 'title': 'The Bookcase', 'isOriginal': True}, {'language': 'ko', 'languageDisplayName': 'ko', 'title': '책장제작', 'isOriginal': False}]",True,False,20,20,3,False,False,False,3.85,True,"[{'key': 'dp', 'isMeta': False, 'bojTagId': 25, 'problemCount': 3979, 'displayNames': [{'language': 'ko', 'name': '다이나믹 프로그래밍', 'short': '다이나믹 프로그래밍'}, {'language': 'en', 'name': 'dynamic programming', 'short': 'dp'}, {'language': 'ja', 'name': '動的計画法', 'short': 'dp'}], 'aliases': [{'alias': '동적계획법'}, {'alias': '동적 계획법'}, {'alias': '다이나믹프로그래밍'}]}, {'key': 'greedy', 'isMeta': False, 'bojTagId': 33, 'problemCount': 2504, 'displayNames': [{'language': 'ko', 'name': '그리디 알고리즘', 'short': '그리디 알고리즘'}, {'language': 'en', 'name': 'greedy', 'short': 'greedy'}, {'language': 'ja', 'name': '貪欲法', 'short': '貪欲法'}], 'aliases': [{'alias': '탐욕법'}]}, {'key': 'knapsack', 'isMeta': False, 'bojTagId': 148, 'problemCount': 252, 'displayNames': [{'language': 'ko', 'name': '배낭 문제', 'short': '배낭 문제'}, {'language': 'en', 'name': 'knapsack', 'short': 'knapsack'}, {'language': 'ja', 'name': 'ナップサック問題', 'short': 'ナップサック'}], 'aliases': [{'alias': '냅색'}]}]",{}
2001,보석 줍기,"[{'language': 'ko', 'languageDisplayName': 'ko', 'title': '보석 줍기', 'isOriginal': False}, {'language': 'en', 'languageDisplayName': 'en', 'title': 'Cave Cows 1', 'isOriginal': True}]",True,False,402,15,41,False,False,False,3.9502,True,"[{'key': 'bfs', 'isMeta': False, 'bojTagId': 126, 'problemCount': 967, 'displayNames': [{'language': 'ko', 'name': '너비 우선 탐색', 'short': '너비 우선 탐색'}, {'language': 'en', 'name': 'breadth-first search', 'short': 'bfs'}, {'language': 'ja', 'name': '幅優先検索', 'short': 'bfs'}], 'aliases': [{'alias': 'breadthfirst'}, {'alias': 'breadth first'}]}, {'key': 'bitmask', 'isMeta': False, 'bojTagId': 14, 'problemCount': 717, 'displayNames': [{'language': 'ko', 'name': '비트마스킹', 'short': '비트마스킹'}, {'language': 'en', 'name': 'bitmask', 'short': 'bitmask'}, {'language': 'ja', 'name': 'ビット表現', 'short': 'ビット表現'}], 'aliases': [{'alias': '비트필드'}, {'alias': '비트마스크'}]}, {'key': 'graphs', 'isMeta': False, 'bojTagId': 7, 'problemCount': 3630, 'displayNames': [{'language': 'ko', 'name': '그래프 이론', 'short': '그래프 이론'}, {'language': 'en', 'name': 'graph theory', 'short': 'graph'}, {'language': 'ja', 'name': 'グラフ理論', 'short': 'グラフ'}], 'aliases': [{'alias': '그래프이론'}, {'alias': '그래프'}]}, {'key': 'graph_traversal', 'isMeta': False, 'bojTagId': 11, 'problemCount': 1978, 'displayNames': [{'language': 'ko', 'name': '그래프 탐색', 'short': '그래프 탐색'}, {'language': 'en', 'name': 'graph traversal', 'short': 'traversal'}, {'language': 'ja', 'name': 'グラフの探索', 'short': '横断'}], 'aliases': [{'alias': 'bfs'}, {'alias': 'dfs'}]}]",{}
2002,추월,"[{'language': 'en', 'languageDisplayName': 'en', 'title': 'TUNNEL', 'isOriginal': True}, {'language': 'ko', 'languageDisplayName': 'ko', 'title': '추월', 'isOriginal': False}]",True,False,3266,10,77,False,False,False,2.2045,True,"[{'key': 'data_structures', 'isMeta': False, 'bojTagId': 175, 'problemCount': 3771, 'displayNames': [{'language': 'ko', 'name': '자료 구조', 'short': '자료 구조'}, {'language': 'en', 'name': 'data structures', 'short': 'ds'}, {'language': 'ja', 'name': 'データ構造', 'short': 'ds'}], 'aliases': [{'alias': '자료구조'}, {'alias': '자구'}]}, {'key': 'hash_set', 'isMeta': False, 'bojTagId': 136, 'problemCount': 626, 'displayNames': [{'language': 'ko', 'name': '해시를 사용한 집합과 맵', 'short': '해시를 사용한 집합과 맵'}, {'language': 'en', 'name': 'set / map by hashing', 'short': 'hashset'}, {'language': 'ja', 'name': 'ハッシュ化によるセット・マップ', 'short': 'hashset'}], 'aliases': [{'alias': '집합'}, {'alias': '맵'}, {'alias': '셋'}, {'alias': '딕셔너리'}, {'alias': 'dictionary'}, {'alias': 'map'}, {'alias': 'set'}, {'alias': '해싱'}, {'alias': 'hashing'}, {'alias': 'dict'}]}, {'key': 'implementation', 'isMeta': False, 'bojTagId': 102, 'problemCount': 5465, 'displayNames': [{'language': 'ko', 'name': '구현', 'short': '구현'}, {'language': 'en', 'name': 'implementation', 'short': 'impl'}, {'language': 'ja', 'name': '実装', 'short': 'impl'}], 'aliases': []}, {'key': 'string', 'isMeta': False, 'bojTagId': 158, 'problemCount': 2356, 'displayNames': [{'language': 'ko', 'name': '문자열', 'short': '문자열'}, {'language': 'en', 'name': 'string', 'short': 'string'}, {'language': 'ja', 'name': '文字列', 'short': '文字列'}], 'aliases': [{'alias': '스트링'}]}]",{}
2003,수들의 합 2,"[{'language': 'ko', 'languageDisplayName': 'ko', 'title': '수들의 합 2', 'isOriginal': True}]",True,False,19138,7,132,False,False,False,2.0711,True,"[{'key': 'bruteforcing', 'isMeta': False, 'bojTagId': 125, 'problemCount': 2158, 'displayNames': [{'language': 'ko', 'name': '브루트포스 알고리즘', 'short': '브루트포스 알고리즘'}, {'language': 'en', 'name': 'bruteforcing', 'short': 'bruteforce'}, {'language': 'ja', 'name': '全探索', 'short': '全探索'}], 'aliases': [{'alias': '완전탐색'}, {'alias': '완전 탐색'}, {'alias': '브루트포스'}, {'alias': 'bruteforce'}, {'alias': 'brute force'}, {'alias': '완탐'}]}, {'key': 'prefix_sum', 'isMeta': False, 'bojTagId': 139, 'problemCount': 949, 'displayNames': [{'language': 'ko', 'name': '누적 합', 'short': '누적 합'}, {'language': 'en', 'name': 'prefix sum', 'short': 'prefix sum'}, {'language': 'ja', 'name': '累積和', 'short': '累積和'}], 'aliases': [{'alias': '구간합'}, {'alias': '부분합'}, {'alias': 'rangesum'}]}, {'key': 'two_pointer', 'isMeta': False, 'bojTagId': 80, 'problemCount': 381, 'displayNames': [{'language': 'ko', 'name': '두 포인터', 'short': '두 포인터'}, {'language': 'en', 'name': 'two-pointer', 'short': 'two-pointer'}, {'language': 'ja', 'name': '尺取り法', 'short': '尺取り'}], 'aliases': [{'alias': '투포인터'}, {'alias': '인치웜'}, {'alias': 'inchworm'}, {'alias': 'twopointer'}]}]",{}
2004,조합 0의 개수,"[{'language': 'ko', 'languageDisplayName': 'ko', 'title': '조합 0의 개수', 'isOriginal': True}]",True,False,12391,9,80,False,False,False,3.475,True,"[{'key': 'math', 'isMeta': False, 'bojTagId': 124, 'problemCount': 6271, 'displayNames': [{'language': 'ko', 'name': '수학', 'short': '수학'}, {'language': 'en', 'name': 'mathematics', 'short': 'math'}, {'language': 'ja', 'name': '数学', 'short': '数学'}], 'aliases': []}, {'key': 'number_theory', 'isMeta': False, 'bojTagId': 95, 'problemCount': 1418, 'displayNames': [{'language': 'ko', 'name': '정수론', 'short': '정수론'}, {'language': 'en', 'name': 'number theory', 'short': 'number theory'}, {'language': 'ja', 'name': '整数論', 'short': '整数論'}], 'aliases': []}]",{}
2005,사발,"[{'language': 'en', 'languageDisplayName': 'en', 'title': 'Bowlstack', 'isOriginal': True}, {'language': 'ko', 'languageDisplayName': 'ko', 'title': '사발', 'isOriginal': False}]",True,False,13,17,4,False,False,False,3.0769,True,"[{'key': 'bruteforcing', 'isMeta': False, 'bojTagId': 125, 'problemCount': 2158, 'displayNames': [{'language': 'ko', 'name': '브루트포스 알고리즘', 'short': '브루트포스 알고리즘'}, {'language': 'en', 'name': 'bruteforcing', 'short': 'bruteforce'}, {'language': 'ja', 'name': '全探索', 'short': '全探索'}], 'aliases': [{'alias': '완전탐색'}, {'alias': '완전 탐색'}, {'alias': '브루트포스'}, {'alias': 'bruteforce'}, {'alias': 'brute force'}, {'alias': '완탐'}]}, {'key': 'case_work', 'isMeta': False, 'bojTagId': 137, 'problemCount': 855, 'displayNames': [{'language': 'ko', 'name': '많은 조건 분기', 'short': '많은 조건 분기'}, {'language': 'en', 'name': 'case work', 'short': 'case work'}, {'language': 'ja', 'name': 'ケースワーク', 'short': 'ケースワーク'}], 'aliases': [{'alias': '케이스'}, {'alias': '케이스워크'}, {'alias': '케이스 워크'}]}, {'key': 'dp', 'isMeta': False, 'bojTagId': 25, 'problemCount': 3979, 'displayNames': [{'language': 'ko', 'name': '다이나믹 프로그래밍', 'short': '다이나믹 프로그래밍'}, {'language': 'en', 'name': 'dynamic programming', 'short': 'dp'}, {'language': 'ja', 'name': '動的計画法', 'short': 'dp'}], 'aliases': [{'alias': '동적계획법'}, {'alias': '동적 계획법'}, {'alias': '다이나믹프로그래밍'}]}, {'key': 'geometry', 'isMeta': False, 'bojTagId': 100, 'problemCount': 1483, 'displayNames': [{'language': 'ko', 'name': '기하학', 'short': '기하학'}, {'language': 'en', 'name': 'geometry', 'short': 'geom'}, {'language': 'ja', 'name': '幾何学', 'short': '幾何'}], 'aliases': []}, {'key': 'line_intersection', 'isMeta': False, 'bojTagId': 42, 'problemCount': 117, 'displayNames': [{'language': 'ko', 'name': '선분 교차 판정', 'short': '선분 교차 판정'}, {'language': 'en', 'name': 'line segment intersection check', 'short': 'line segment intersection check'}, {'language': 'ja', 'name': '直線の交点', 'short': '直線の交点'}], 'aliases': []}, {'key': 'math', 'isMeta': False, 'bojTagId': 124, 'problemCount': 6271, 'displayNames': [{'language': 'ko', 'name': '수학', 'short': '수학'}, {'language': 'en', 'name': 'mathematics', 'short': 'math'}, {'language': 'ja', 'name': '数学', 'short': '数学'}], 'aliases': []}, {'key': 'recursion', 'isMeta': False, 'bojTagId': 62, 'problemCount': 227, 'displayNames': [{'language': 'ko', 'name': '재귀', 'short': '재귀'}, {'language': 'en', 'name': 'recursion', 'short': 'recursion'}, {'language': 'ja', 'name': '再帰', 'short': '再帰'}], 'aliases': []}]",{}
2006,Chemistry 101,"[{'language': 'en', 'languageDisplayName': 'en', 'title': 'Chemistry 101', 'isOriginal': True}]",True,False,22,12,3,False,False,False,2.0909,True,"[{'key': 'data_structures', 'isMeta': False, 'bojTagId': 175, 'problemCount': 3771, 'displayNames': [{'language': 'ko', 'name': '자료 구조', 'short': '자료 구조'}, {'language': 'en', 'name': 'data structures', 'short': 'ds'}, {'language': 'ja', 'name': 'データ構造', 'short': 'ds'}], 'aliases': [{'alias': '자료구조'}, {'alias': '자구'}]}, {'key': 'hash_set', 'isMeta': False, 'bojTagId': 136, 'problemCount': 626, 'displayNames': [{'language': 'ko', 'name': '해시를 사용한 집합과 맵', 'short': '해시를 사용한 집합과 맵'}, {'language': 'en', 'name': 'set / map by hashing', 'short': 'hashset'}, {'language': 'ja', 'name': 'ハッシュ化によるセット・マップ', 'short': 'hashset'}], 'aliases': [{'alias': '집합'}, {'alias': '맵'}, {'alias': '셋'}, {'alias': '딕셔너리'}, {'alias': 'dictionary'}, {'alias': 'map'}, {'alias': 'set'}, {'alias': '해싱'}, {'alias': 'hashing'}, {'alias': 'dict'}]}, {'key': 'implementation', 'isMeta': False, 'bojTagId': 102, 'problemCount': 5465, 'displayNames': [{'language': 'ko', 'name': '구현', 'short': '구현'}, {'language': 'en', 'name': 'implementation', 'short': 'impl'}, {'language': 'ja', 'name': '実装', 'short': 'impl'}], 'aliases': []}, {'key': 'parsing', 'isMeta': False, 'bojTagId': 96, 'problemCount': 453, 'displayNames': [{'language': 'ko', 'name': '파싱', 'short': '파싱'}, {'language': 'en', 'name': 'parsing', 'short': 'parsing'}, {'language': 'ja', 'name': 'パージング', 'short': 'パージング'}], 'aliases': []}, {'key': 'sorting', 'isMeta': False, 'bojTagId': 97, 'problemCount': 1827, 'displayNames': [{'language': 'ko', 'name': '정렬', 'short': '정렬'}, {'language': 'en', 'name': 'sorting', 'short': 'sorting'}, {'language': 'ja', 'name': 'ソート', 'short': 'ソート'}], 'aliases': []}, {'key': 'string', 'isMeta': False, 'bojTagId': 158, 'problemCount': 2356, 'displayNames': [{'language': 'ko', 'name': '문자열', 'short': '문자열'}, {'language': 'en', 'name': 'string', 'short': 'string'}, {'language': 'ja', 'name': '文字列', 'short': '文字列'}], 'aliases': [{'alias': '스트링'}]}]",{}
2007,수들의 합 3,"[{'language': 'ko', 'languageDisplayName': 'ko', 'title': '수들의 합 3', 'isOriginal': True}]",True,False,56,18,14,False,False,False,5.9643,True,"[{'key': 'ad_hoc', 'isMeta': False, 'bojTagId': 109, 'problemCount': 1447, 'displayNames': [{'language': 'ko', 'name': '애드 혹', 'short': '애드 혹'}, {'language': 'en', 'name': 'ad-hoc', 'short': 'ad-hoc'}, {'language': 'ja', 'name': 'アドホック', 'short': 'アドホック'}], 'aliases': []}, {'key': 'bruteforcing', 'isMeta': False, 'bojTagId': 125, 'problemCount': 2158, 'displayNames': [{'language': 'ko', 'name': '브루트포스 알고리즘', 'short': '브루트포스 알고리즘'}, {'language': 'en', 'name': 'bruteforcing', 'short': 'bruteforce'}, {'language': 'ja', 'name': '全探索', 'short': '全探索'}], 'aliases': [{'alias': '완전탐색'}, {'alias': '완전 탐색'}, {'alias': '브루트포스'}, {'alias': 'bruteforce'}, {'alias': 'brute force'}, {'alias': '완탐'}]}, {'key': 'data_structures', 'isMeta': False, 'bojTagId': 175, 'problemCount': 3771, 'displayNames': [{'language': 'ko', 'name': '자료 구조', 'short': '자료 구조'}, {'language': 'en', 'name': 'data structures', 'short': 'ds'}, {'language': 'ja', 'name': 'データ構造', 'short': 'ds'}], 'aliases': [{'alias': '자료구조'}, {'alias': '자구'}]}, {'key': 'math', 'isMeta': False, 'bojTagId': 124, 'problemCount': 6271, 'displayNames': [{'language': 'ko', 'name': '수학', 'short': '수학'}, {'language': 'en', 'name': 'mathematics', 'short': 'math'}, {'language': 'ja', 'name': '数学', 'short': '数学'}], 'aliases': []}, {'key': 'sorting', 'isMeta': False, 'bojTagId': 97, 'problemCount': 1827, 'displayNames': [{'language': 'ko', 'name': '정렬', 'short': '정렬'}, {'language': 'en', 'name': 'sorting', 'short': 'sorting'}, {'language': 'ja', 'name': 'ソート', 'short': 'ソート'}], 'aliases': []}]",{}
2008,사다리 게임,"[{'language': 'ko', 'languageDisplayName': 'ko', 'title': '사다리 게임', 'isOriginal': True}]",True,False,207,16,21,False,False,False,2.9227,True,"[{'key': 'dp', 'isMeta': False, 'bojTagId': 25, 'problemCount': 3979, 'displayNames': [{'language': 'ko', 'name': '다이나믹 프로그래밍', 'short': '다이나믹 프로그래밍'}, {'language': 'en', 'name': 'dynamic programming', 'short': 'dp'}, {'language': 'ja', 'name': '動的計画法', 'short': 'dp'}], 'aliases': [{'alias': '동적계획법'}, {'alias': '동적 계획법'}, {'alias': '다이나믹프로그래밍'}]}, {'key': 'graphs', 'isMeta': False, 'bojTagId': 7, 'problemCount': 3630, 'displayNames': [{'language': 'ko', 'name': '그래프 이론', 'short': '그래프 이론'}, {'language': 'en', 'name': 'graph theory', 'short': 'graph'}, {'language': 'ja', 'name': 'グラフ理論', 'short': 'グラフ'}], 'aliases': [{'alias': '그래프이론'}, {'alias': '그래프'}]}]",{}
2009,Minecraft,"[{'language': 'ko', 'languageDisplayName': 'ko', 'title': 'Minecraft', 'isOriginal': True}]",True,False,33,9,11,False,False,False,1.303,True,"[{'key': 'constructive', 'isMeta': False, 'bojTagId': 128, 'problemCount': 986, 'displayNames': [{'language': 'ko', 'name': '해 구성하기', 'short': '해 구성하기'}, {'language': 'en', 'name': 'constructive', 'short': 'constructive'}, {'language': 'ja', 'name': '構成的', 'short': '構成的'}], 'aliases': [{'alias': 'constructive'}, {'alias': '컨스트럭티브'}, {'alias': '구성적'}]}, {'key': 'greedy', 'isMeta': False, 'bojTagId': 33, 'problemCount': 2504, 'displayNames': [{'language': 'ko', 'name': '그리디 알고리즘', 'short': '그리디 알고리즘'}, {'language': 'en', 'name': 'greedy', 'short': 'greedy'}, {'language': 'ja', 'name': '貪欲法', 'short': '貪欲法'}], 'aliases': [{'alias': '탐욕법'}]}, {'key': 'implementation', 'isMeta': False, 'bojTagId': 102, 'problemCount': 5465, 'displayNames': [{'language': 'ko', 'name': '구현', 'short': '구현'}, {'language': 'en', 'name': 'implementation', 'short': 'impl'}, {'language': 'ja', 'name': '実装', 'short': 'impl'}], 'aliases': []}]",{}
2010,플러그,"[{'language': 'ko', 'languageDisplayName': 'ko', 'title': '플러그', 'isOriginal': False}, {'language': 'en', 'languageDisplayName': 'en', 'title': 'Electrical Outlets', 'isOriginal': True}]",True,False,11869,3,95,False,False,False,1.7838,True,"[{'key': 'arithmetic', 'isMeta': False, 'bojTagId': 121, 'problemCount': 1097, 'displayNames': [{'language': 'ko', 'name': '사칙연산', 'short': '사칙연산'}, {'language': 'en', 'name': 'arithmetic', 'short': 'arithmetic'}, {'language': 'ja', 'name': '算数', 'short': '算数'}], 'aliases': [{'alias': '덧셈'}, {'alias': '뺄셈'}, {'alias': '곱셈'}, {'alias': '나눗셈'}, {'alias': '더하기'}, {'alias': '빼기'}, {'alias': '곱하기'}, {'alias': '나누기'}]}, {'key': 'math', 'isMeta': False, 'bojTagId': 124, 'problemCount': 6271, 'displayNames': [{'language': 'ko', 'name': '수학', 'short': '수학'}, {'language': 'en', 'name': 'mathematics', 'short': 'math'}, {'language': 'ja', 'name': '数学', 'short': '数学'}], 'aliases': []}]",{}
2011,암호코드,"[{'language': 'ko', 'languageDisplayName': 'ko', 'title': '암호코드', 'isOriginal': False}, {'language': 'en', 'languageDisplayName': 'en', 'title': 'Alphacode', 'isOriginal': True}]",True,False,8347,11,144,False,False,False,4.8905,True,"[{'key': 'dp', 'isMeta': False, 'bojTagId': 25, 'problemCount': 3979, 'displayNames': [{'language': 'ko', 'name': '다이나믹 프로그래밍', 'short': '다이나믹 프로그래밍'}, {'language': 'en', 'name': 'dynamic programming', 'short': 'dp'}, {'language': 'ja', 'name': '動的計画法', 'short': 'dp'}], 'aliases': [{'alias': '동적계획법'}, {'alias': '동적 계획법'}, {'alias': '다이나믹프로그래밍'}]}]",{}
2012,등수 매기기,"[{'language': 'ko', 'languageDisplayName': 'ko', 'title': '등수 매기기', 'isOriginal': True}]",True,False,4929,8,68,False,False,False,2.5906,True,"[{'key': 'greedy', 'isMeta': False, 'bojTagId': 33, 'problemCount': 2504, 'displayNames': [{'language': 'ko', 'name': '그리디 알고리즘', 'short': '그리디 알고리즘'}, {'language': 'en', 'name': 'greedy', 'short': 'greedy'}, {'language': 'ja', 'name': '貪欲法', 'short': '貪欲法'}], 'aliases': [{'alias': '탐욕법'}]}, {'key': 'sorting', 'isMeta': False, 'bojTagId': 97, 'problemCount': 1827, 'displayNames': [{'language': 'ko', 'name': '정렬', 'short': '정렬'}, {'language': 'en', 'name': 'sorting', 'short': 'sorting'}, {'language': 'ja', 'name': 'ソート', 'short': 'ソート'}], 'aliases': []}]",{}
2013,선그리기,"[{'language': 'ko', 'languageDisplayName': 'ko', 'title': '선그리기', 'isOriginal': False}, {'language': 'en', 'languageDisplayName': 'en', 'title': 'I Conduit!', 'isOriginal': True}]",True,False,71,14,21,False,False,False,11.1408,True,"[{'key': 'data_structures', 'isMeta': False, 'bojTagId': 175, 'problemCount': 3771, 'displayNames': [{'language': 'ko', 'name': '자료 구조', 'short': '자료 구조'}, {'language': 'en', 'name': 'data structures', 'short': 'ds'}, {'language': 'ja', 'name': 'データ構造', 'short': 'ds'}], 'aliases': [{'alias': '자료구조'}, {'alias': '자구'}]}, {'key': 'disjoint_set', 'isMeta': False, 'bojTagId': 81, 'problemCount': 469, 'displayNames': [{'language': 'ko', 'name': '분리 집합', 'short': '분리 집합'}, {'language': 'en', 'name': 'disjoint set', 'short': 'dsu'}, {'language': 'ja', 'name': '素集合データ構造', 'short': '素集合データ構造'}], 'aliases': [{'alias': 'union'}, {'alias': 'find'}, {'alias': '유니온'}, {'alias': '파인드'}, {'alias': 'dsu'}]}, {'key': 'geometry', 'isMeta': False, 'bojTagId': 100, 'problemCount': 1483, 'displayNames': [{'language': 'ko', 'name': '기하학', 'short': '기하학'}, {'language': 'en', 'name': 'geometry', 'short': 'geom'}, {'language': 'ja', 'name': '幾何学', 'short': '幾何'}], 'aliases': []}, {'key': 'line_intersection', 'isMeta': False, 'bojTagId': 42, 'problemCount': 117, 'displayNames': [{'language': 'ko', 'name': '선분 교차 판정', 'short': '선분 교차 판정'}, {'language': 'en', 'name': 'line segment intersection check', 'short': 'line segment intersection check'}, {'language': 'ja', 'name': '直線の交点', 'short': '直線の交点'}], 'aliases': []}]",{}
2014,소수의 곱,"[{'language': 'ko', 'languageDisplayName': 'ko', 'title': '소수의 곱', 'isOriginal': True}]",True,False,2890,15,106,False,False,False,4.1837,True,"[{'key': 'data_structures', 'isMeta': False, 'bojTagId': 175, 'problemCount': 3771, 'displayNames': [{'language': 'ko', 'name': '자료 구조', 'short': '자료 구조'}, {'language': 'en', 'name': 'data structures', 'short': 'ds'}, {'language': 'ja', 'name': 'データ構造', 'short': 'ds'}], 'aliases': [{'alias': '자료구조'}, {'alias': '자구'}]}, {'key': 'math', 'isMeta': False, 'bojTagId': 124, 'problemCount': 6271, 'displayNames': [{'language': 'ko', 'name': '수학', 'short': '수학'}, {'language': 'en', 'name': 'mathematics', 'short': 'math'}, {'language': 'ja', 'name': '数学', 'short': '数学'}], 'aliases': []}, {'key': 'number_theory', 'isMeta': False, 'bojTagId': 95, 'problemCount': 1418, 'displayNames': [{'language': 'ko', 'name': '정수론', 'short': '정수론'}, {'language': 'en', 'name': 'number theory', 'short': 'number theory'}, {'language': 'ja', 'name': '整数論', 'short': '整数論'}], 'aliases': []}, {'key': 'priority_queue', 'isMeta': False, 'bojTagId': 59, 'problemCount': 420, 'displayNames': [{'language': 'ko', 'name': '우선순위 큐', 'short': '우선순위 큐'}, {'language': 'en', 'name': 'priority queue', 'short': 'priority queue'}, {'language': 'ja', 'name': '優先度付きキュー', 'short': '優先度付きキュー'}], 'aliases': [{'alias': 'heap'}, {'alias': '힙'}]}]",{}
2015,수들의 합 4,"[{'language': 'ko', 'languageDisplayName': 'ko', 'title': '수들의 합 4', 'isOriginal': True}]",True,False,1761,12,70,False,False,False,2.7808,True,"[{'key': 'data_structures', 'isMeta': False, 'bojTagId': 175, 'problemCount': 3771, 'displayNames': [{'language': 'ko', 'name': '자료 구조', 'short': '자료 구조'}, {'language': 'en', 'name': 'data structures', 'short': 'ds'}, {'language': 'ja', 'name': 'データ構造', 'short': 'ds'}], 'aliases': [{'alias': '자료구조'}, {'alias': '자구'}]}, {'key': 'hash_set', 'isMeta': False, 'bojTagId': 136, 'problemCount': 626, 'displayNames': [{'language': 'ko', 'name': '해시를 사용한 집합과 맵', 'short': '해시를 사용한 집합과 맵'}, {'language': 'en', 'name': 'set / map by hashing', 'short': 'hashset'}, {'language': 'ja', 'name': 'ハッシュ化によるセット・マップ', 'short': 'hashset'}], 'aliases': [{'alias': '집합'}, {'alias': '맵'}, {'alias': '셋'}, {'alias': '딕셔너리'}, {'alias': 'dictionary'}, {'alias': 'map'}, {'alias': 'set'}, {'alias': '해싱'}, {'alias': 'hashing'}, {'alias': 'dict'}]}, {'key': 'prefix_sum', 'isMeta': False, 'bojTagId': 139, 'problemCount': 949, 'displayNames': [{'language': 'ko', 'name': '누적 합', 'short': '누적 합'}, {'language': 'en', 'name': 'prefix sum', 'short': 'prefix sum'}, {'language': 'ja', 'name': '累積和', 'short': '累積和'}], 'aliases': [{'alias': '구간합'}, {'alias': '부분합'}, {'alias': 'rangesum'}]}, {'key': 'tree_set', 'isMeta': False, 'bojTagId': 74, 'problemCount': 487, 'displayNames': [{'language': 'ko', 'name': '트리를 사용한 집합과 맵', 'short': '트리를 사용한 집합과 맵'}, {'language': 'en', 'name': 'set / map by trees', 'short': 'treeset'}, {'language': 'ja', 'name': '木によるセット・マップ', 'short': 'treeset'}], 'aliases': [{'alias': '집합'}, {'alias': '맵'}, {'alias': '셋'}, {'alias': '딕셔너리'}, {'alias': 'dictionary'}, {'alias': 'map'}, {'alias': 'set'}, {'alias': 'bbst'}, {'alias': '트리'}, {'alias': 'tree'}]}]",{}
2016,미팅 주선하기,"[{'language': 'ko', 'languageDisplayName': 'ko', 'title': '미팅 주선하기', 'isOriginal': True}]",True,False,81,11,8,False,False,False,2.6914,True,"[{'key': 'bruteforcing', 'isMeta': False, 'bojTagId': 125, 'problemCount': 2158, 'displayNames': [{'language': 'ko', 'name': '브루트포스 알고리즘', 'short': '브루트포스 알고리즘'}, {'language': 'en', 'name': 'bruteforcing', 'short': 'bruteforce'}, {'language': 'ja', 'name': '全探索', 'short': '全探索'}], 'aliases': [{'alias': '완전탐색'}, {'alias': '완전 탐색'}, {'alias': '브루트포스'}, {'alias': 'bruteforce'}, {'alias': 'brute force'}, {'alias': '완탐'}]}, {'key': 'implementation', 'isMeta': False, 'bojTagId': 102, 'problemCount': 5465, 'displayNames': [{'language': 'ko', 'name': '구현', 'short': '구현'}, {'language': 'en', 'name': 'implementation', 'short': 'impl'}, {'language': 'ja', 'name': '実装', 'short': 'impl'}], 'aliases': []}, {'key': 'simulation', 'isMeta': False, 'bojTagId': 141, 'problemCount': 1065, 'displayNames': [{'language': 'ko', 'name': '시뮬레이션', 'short': '시뮬레이션'}, {'language': 'en', 'name': 'simulation', 'short': 'simulation'}, {'language': 'ja', 'name': 'シミュレーション', 'short': 'シミュレーション'}], 'aliases': []}]",{}
2017,울타리,"[{'language': 'ko', 'languageDisplayName': 'ko', 'title': '울타리', 'isOriginal': False}, {'language': 'en', 'languageDisplayName': 'en', 'title': 'Seeing the Boundary', 'isOriginal': True}]",True,False,10,21,5,False,False,False,2.4,True,"[{'key': 'geometry', 'isMeta': False, 'bojTagId': 100, 'problemCount': 1483, 'displayNames': [{'language': 'ko', 'name': '기하학', 'short': '기하학'}, {'language': 'en', 'name': 'geometry', 'short': 'geom'}, {'language': 'ja', 'name': '幾何学', 'short': '幾何'}], 'aliases': []}, {'key': 'implementation', 'isMeta': False, 'bojTagId': 102, 'problemCount': 5465, 'displayNames': [{'language': 'ko', 'name': '구현', 'short': '구현'}, {'language': 'en', 'name': 'implementation', 'short': 'impl'}, {'language': 'ja', 'name': '実装', 'short': 'impl'}], 'aliases': []}, {'key': 'sweeping', 'isMeta': False, 'bojTagId': 106, 'problemCount': 468, 'displayNames': [{'language': 'ko', 'name': '스위핑', 'short': '스위핑'}, {'language': 'en', 'name': 'sweeping', 'short': 'sweeping'}, {'language': 'ja', 'name': '平面走査', 'short': '平面走査'}], 'aliases': [{'alias': '라인 스위핑'}]}]",{}
2018,수들의 합 5,"[{'language': 'ko', 'languageDisplayName': 'ko', 'title': '수들의 합 5', 'isOriginal': False}, {'language': 'en', 'languageDisplayName': 'en', 'title': 'Herd Sums', 'isOriginal': True}]",True,False,8092,6,89,False,False,False,2.0399,True,"[{'key': 'math', 'isMeta': False, 'bojTagId': 124, 'problemCount': 6271, 'displayNames': [{'language': 'ko', 'name': '수학', 'short': '수학'}, {'language': 'en', 'name': 'mathematics', 'short': 'math'}, {'language': 'ja', 'name': '数学', 'short': '数学'}], 'aliases': []}, {'key': 'two_pointer', 'isMeta': False, 'bojTagId': 80, 'problemCount': 381, 'displayNames': [{'language': 'ko', 'name': '두 포인터', 'short': '두 포인터'}, {'language': 'en', 'name': 'two-pointer', 'short': 'two-pointer'}, {'language': 'ja', 'name': '尺取り法', 'short': '尺取り'}], 'aliases': [{'alias': '투포인터'}, {'alias': '인치웜'}, {'alias': 'inchworm'}, {'alias': 'twopointer'}]}]",{}
2019,다각형개수,"[{'language': 'ko', 'languageDisplayName': 'ko', 'title': '다각형개수', 'isOriginal': True}]",True,False,27,12,5,False,False,False,3.2593,True,"[{'key': 'dfs', 'isMeta': False, 'bojTagId': 127, 'problemCount': 806, 'displayNames': [{'language': 'ko', 'name': '깊이 우선 탐색', 'short': '깊이 우선 탐색'}, {'language': 'en', 'name': 'depth-first search', 'short': 'dfs'}, {'language': 'ja', 'name': '深さ優先探索', 'short': 'dfs'}], 'aliases': [{'alias': 'depth first'}, {'alias': 'depthfirst'}]}, {'key': 'geometry', 'isMeta': False, 'bojTagId': 100, 'problemCount': 1483, 'displayNames': [{'language': 'ko', 'name': '기하학', 'short': '기하학'}, {'language': 'en', 'name': 'geometry', 'short': 'geom'}, {'language': 'ja', 'name': '幾何学', 'short': '幾何'}], 'aliases': []}, {'key': 'graphs', 'isMeta': False, 'bojTagId': 7, 'problemCount': 3630, 'displayNames': [{'language': 'ko', 'name': '그래프 이론', 'short': '그래프 이론'}, {'language': 'en', 'name': 'graph theory', 'short': 'graph'}, {'language': 'ja', 'name': 'グラフ理論', 'short': 'グラフ'}], 'aliases': [{'alias': '그래프이론'}, {'alias': '그래프'}]}, {'key': 'graph_traversal', 'isMeta': False, 'bojTagId': 11, 'problemCount': 1978, 'displayNames': [{'language': 'ko', 'name': '그래프 탐색', 'short': '그래프 탐색'}, {'language': 'en', 'name': 'graph traversal', 'short': 'traversal'}, {'language': 'ja', 'name': 'グラフの探索', 'short': '横断'}], 'aliases': [{'alias': 'bfs'}, {'alias': 'dfs'}]}, {'key': 'line_intersection', 'isMeta': False, 'bojTagId': 42, 'problemCount': 117, 'displayNames': [{'language': 'ko', 'name': '선분 교차 판정', 'short': '선분 교차 판정'}, {'language': 'en', 'name': 'line segment intersection check', 'short': 'line segment intersection check'}, {'language': 'ja', 'name': '直線の交点', 'short': '直線の交点'}], 'aliases': []}]",{}
2020,부분 염기서열,"[{'language': 'ko', 'languageDisplayName': 'ko', 'title': '부분 염기서열', 'isOriginal': True}]",True,False,49,16,7,False,False,False,4.5102,True,"[{'key': 'hashing', 'isMeta': False, 'bojTagId': 8, 'problemCount': 166, 'displayNames': [{'language': 'ko', 'name': '해싱', 'short': '해싱'}, {'language': 'en', 'name': 'hashing', 'short': 'hash'}, {'language': 'ja', 'name': 'ハッシュ化', 'short': 'ハッシュ'}], 'aliases': []}, {'key': 'string', 'isMeta': False, 'bojTagId': 158, 'problemCount': 2356, 'displayNames': [{'language': 'ko', 'name': '문자열', 'short': '문자열'}, {'language': 'en', 'name': 'string', 'short': 'string'}, {'language': 'ja', 'name': '文字列', 'short': '文字列'}], 'aliases': [{'alias': '스트링'}]}]",{}
2021,최소 환승 경로,"[{'language': 'ko', 'languageDisplayName': 'ko', 'title': '최소 환승 경로', 'isOriginal': True}]",True,False,418,14,43,False,False,False,3.8828,True,"[{'key': 'bfs', 'isMeta': False, 'bojTagId': 126, 'problemCount': 967, 'displayNames': [{'language': 'ko', 'name': '너비 우선 탐색', 'short': '너비 우선 탐색'}, {'language': 'en', 'name': 'breadth-first search', 'short': 'bfs'}, {'language': 'ja', 'name': '幅優先検索', 'short': 'bfs'}], 'aliases': [{'alias': 'breadthfirst'}, {'alias': 'breadth first'}]}, {'key': 'graphs', 'isMeta': False, 'bojTagId': 7, 'problemCount': 3630, 'displayNames': [{'language': 'ko', 'name': '그래프 이론', 'short': '그래프 이론'}, {'language': 'en', 'name': 'graph theory', 'short': 'graph'}, {'language': 'ja', 'name': 'グラフ理論', 'short': 'グラフ'}], 'aliases': [{'alias': '그래프이론'}, {'alias': '그래프'}]}, {'key': 'graph_traversal', 'isMeta': False, 'bojTagId': 11, 'problemCount': 1978, 'displayNames': [{'language': 'ko', 'name': '그래프 탐색', 'short': '그래프 탐색'}, {'language': 'en', 'name': 'graph traversal', 'short': 'traversal'}, {'language': 'ja', 'name': 'グラフの探索', 'short': '横断'}], 'aliases': [{'alias': 'bfs'}, {'alias': 'dfs'}]}]",{}
2022,사다리,"[{'language': 'ko', 'languageDisplayName': 'ko', 'title': '사다리', 'isOriginal': False}, {'language': 'en', 'languageDisplayName': 'en', 'title': 'Crossed ladders', 'isOriginal': True}]",True,False,1821,12,74,False,False,False,1.8111,True,"[{'key': 'binary_search', 'isMeta': False, 'bojTagId': 12, 'problemCount': 1204, 'displayNames': [{'language': 'ko', 'name': '이분 탐색', 'short': '이분 탐색'}, {'language': 'en', 'name': 'binary search', 'short': 'binary search'}, {'language': 'ja', 'name': '二分探索', 'short': '二分探索'}], 'aliases': [{'alias': '이분탐색'}, {'alias': '이진탐색'}]}, {'key': 'geometry', 'isMeta': False, 'bojTagId': 100, 'problemCount': 1483, 'displayNames': [{'language': 'ko', 'name': '기하학', 'short': '기하학'}, {'language': 'en', 'name': 'geometry', 'short': 'geom'}, {'language': 'ja', 'name': '幾何学', 'short': '幾何'}], 'aliases': []}, {'key': 'math', 'isMeta': False, 'bojTagId': 124, 'problemCount': 6271, 'displayNames': [{'language': 'ko', 'name': '수학', 'short': '수학'}, {'language': 'en', 'name': 'mathematics', 'short': 'math'}, {'language': 'ja', 'name': '数学', 'short': '数学'}], 'aliases': []}, {'key': 'pythagoras', 'isMeta': False, 'bojTagId': 60, 'problemCount': 88, 'displayNames': [{'language': 'ko', 'name': '피타고라스 정리', 'short': '피타고라스 정리'}, {'language': 'en', 'name': 'pythagoras theorem', 'short': 'pythagoras thm'}, {'language': 'ja', 'name': 'ピタゴラスの定理', 'short': 'ピタゴラス'}], 'aliases': []}]",{}
2023,신기한 소수,"[{'language': 'ko', 'languageDisplayName': 'ko', 'title': '신기한 소수', 'isOriginal': True}]",True,False,8383,11,111,False,False,False,2.1743,True,"[{'key': 'backtracking', 'isMeta': False, 'bojTagId': 5, 'problemCount': 530, 'displayNames': [{'language': 'ko', 'name': '백트래킹', 'short': '백트래킹'}, {'language': 'en', 'name': 'backtracking', 'short': 'backtrack'}, {'language': 'ja', 'name': 'バックトラック法', 'short': 'バックトラック'}], 'aliases': [{'alias': '백트래킹'}, {'alias': '퇴각검색'}, {'alias': '퇴각 검색'}]}, {'key': 'math', 'isMeta': False, 'bojTagId': 124, 'problemCount': 6271, 'displayNames': [{'language': 'ko', 'name': '수학', 'short': '수학'}, {'language': 'en', 'name': 'mathematics', 'short': 'math'}, {'language': 'ja', 'name': '数学', 'short': '数学'}], 'aliases': []}, {'key': 'number_theory', 'isMeta': False, 'bojTagId': 95, 'problemCount': 1418, 'displayNames': [{'language': 'ko', 'name': '정수론', 'short': '정수론'}, {'language': 'en', 'name': 'number theory', 'short': 'number theory'}, {'language': 'ja', 'name': '整数論', 'short': '整数論'}], 'aliases': []}, {'key': 'primality_test', 'isMeta': False, 'bojTagId': 9, 'problemCount': 317, 'displayNames': [{'language': 'ko', 'name': '소수 판정', 'short': '소수 판정'}, {'language': 'en', 'name': 'primality test', 'short': 'primality test'}, {'language': 'ja', 'name': '素数性テスト', 'short': '素数性テスト'}], 'aliases': [{'alias': '소수'}, {'alias': '소수판별'}, {'alias': '소수판정'}, {'alias': 'prime'}]}]",{}
2024,선분 덮기,"[{'language': 'ko', 'languageDisplayName': 'ko', 'title': '선분 덮기', 'isOriginal': True}]",True,False,252,13,28,False,False,False,4.0238,True,"[{'key': 'greedy', 'isMeta': False, 'bojTagId': 33, 'problemCount': 2504, 'displayNames': [{'language': 'ko', 'name': '그리디 알고리즘', 'short': '그리디 알고리즘'}, {'language': 'en', 'name': 'greedy', 'short': 'greedy'}, {'language': 'ja', 'name': '貪欲法', 'short': '貪欲法'}], 'aliases': [{'alias': '탐욕법'}]}, {'key': 'sorting', 'isMeta': False, 'bojTagId': 97, 'problemCount': 1827, 'displayNames': [{'language': 'ko', 'name': '정렬', 'short': '정렬'}, {'language': 'en', 'name': 'sorting', 'short': 'sorting'}, {'language': 'ja', 'name': 'ソート', 'short': 'ソート'}], 'aliases': []}, {'key': 'sweeping', 'isMeta': False, 'bojTagId': 106, 'problemCount': 468, 'displayNames': [{'language': 'ko', 'name': '스위핑', 'short': '스위핑'}, {'language': 'en', 'name': 'sweeping', 'short': 'sweeping'}, {'language': 'ja', 'name': '平面走査', 'short': '平面走査'}], 'aliases': [{'alias': '라인 스위핑'}]}]",{}
2025,나이트투어,"[{'language': 'ko', 'languageDisplayName': 'ko', 'title': '나이트투어', 'isOriginal': True}]",True,False,20,27,6,False,False,False,35.85,True,"[{'key': 'constructive', 'isMeta': False, 'bojTagId': 128, 'problemCount': 986, 'displayNames': [{'language': 'ko', 'name': '해 구성하기', 'short': '해 구성하기'}, {'language': 'en', 'name': 'constructive', 'short': 'constructive'}, {'language': 'ja', 'name': '構成的', 'short': '構成的'}], 'aliases': [{'alias': 'constructive'}, {'alias': '컨스트럭티브'}, {'alias': '구성적'}]}, {'key': 'greedy', 'isMeta': False, 'bojTagId': 33, 'problemCount': 2504, 'displayNames': [{'language': 'ko', 'name': '그리디 알고리즘', 'short': '그리디 알고리즘'}, {'language': 'en', 'name': 'greedy', 'short': 'greedy'}, {'language': 'ja', 'name': '貪欲法', 'short': '貪欲法'}], 'aliases': [{'alias': '탐욕법'}]}, {'key': 'heuristics', 'isMeta': False, 'bojTagId': 142, 'problemCount': 102, 'displayNames': [{'language': 'ko', 'name': '휴리스틱', 'short': '휴리스틱'}, {'language': 'en', 'name': 'heuristics', 'short': 'heuristics'}, {'language': 'ja', 'name': 'ヒューリスティック', 'short': 'ヒューリスティック'}], 'aliases': []}]",{}
2026,소풍,"[{'language': 'ko', 'languageDisplayName': 'ko', 'title': '소풍', 'isOriginal': False}, {'language': 'en', 'languageDisplayName': 'en', 'title': 'Spring Vacation', 'isOriginal': True}]",True,False,655,14,24,False,False,False,4.2198,True,"[{'key': 'backtracking', 'isMeta': False, 'bojTagId': 5, 'problemCount': 530, 'displayNames': [{'language': 'ko', 'name': '백트래킹', 'short': '백트래킹'}, {'language': 'en', 'name': 'backtracking', 'short': 'backtrack'}, {'language': 'ja', 'name': 'バックトラック法', 'short': 'バックトラック'}], 'aliases': [{'alias': '백트래킹'}, {'alias': '퇴각검색'}, {'alias': '퇴각 검색'}]}]",{}
2027,가장 큰 L,"[{'language': 'ko', 'languageDisplayName': 'ko', 'title': '가장 큰 L', 'isOriginal': True}]",True,False,12,19,2,False,False,False,2.3333,True,"[{'key': 'data_structures', 'isMeta': False, 'bojTagId': 175, 'problemCount': 3771, 'displayNames': [{'language': 'ko', 'name': '자료 구조', 'short': '자료 구조'}, {'language': 'en', 'name': 'data structures', 'short': 'ds'}, {'language': 'ja', 'name': 'データ構造', 'short': 'ds'}], 'aliases': [{'alias': '자료구조'}, {'alias': '자구'}]}, {'key': 'greedy', 'isMeta': False, 'bojTagId': 33, 'problemCount': 2504, 'displayNames': [{'language': 'ko', 'name': '그리디 알고리즘', 'short': '그리디 알고리즘'}, {'language': 'en', 'name': 'greedy', 'short': 'greedy'}, {'language': 'ja', 'name': '貪欲法', 'short': '貪欲法'}], 'aliases': [{'alias': '탐욕법'}]}, {'key': 'stack', 'isMeta': False, 'bojTagId': 71, 'problemCount': 372, 'displayNames': [{'language': 'ko', 'name': '스택', 'short': '스택'}, {'language': 'en', 'name': 'stack', 'short': 'stack'}, {'language': 'ja', 'name': 'スタック', 'short': 'スタック'}], 'aliases': []}]",{}
2028,자기복제수,"[{'language': 'ko', 'languageDisplayName': 'ko', 'title': '자기복제수', 'isOriginal': True}]",True,False,1588,4,42,False,False,False,1.5592,True,"[{'key': 'math', 'isMeta': False, 'bojTagId': 124, 'problemCount': 6271, 'displayNames': [{'language': 'ko', 'name': '수학', 'short': '수학'}, {'language': 'en', 'name': 'mathematics', 'short': 'math'}, {'language': 'ja', 'name': '数学', 'short': '数学'}], 'aliases': []}]",{}
2029,성냥,"[{'language': 'ko', 'languageDisplayName': 'ko', 'title': '성냥', 'isOriginal': True}]",True,False,95,7,10,False,False,False,1.3684,True,"[{'key': 'implementation', 'isMeta': False, 'bojTagId': 102, 'problemCount': 5465, 'displayNames': [{'language': 'ko', 'name': '구현', 'short': '구현'}, {'language': 'en', 'name': 'implementation', 'short': 'impl'}, {'language': 'ja', 'name': '実装', 'short': 'impl'}], 'aliases': []}]",{}
2030,Burger King,"[{'language': 'en', 'languageDisplayName': 'en', 'title': 'Burger King', 'isOriginal': True}]",True,False,3,16,1,False,False,False,2.3333,True,"[{'key': 'data_structures', 'isMeta': False, 'bojTagId': 175, 'problemCount': 3771, 'displayNames': [{'language': 'ko', 'name': '자료 구조', 'short': '자료 구조'}, {'language': 'en', 'name': 'data structures', 'short': 'ds'}, {'language': 'ja', 'name': 'データ構造', 'short': 'ds'}], 'aliases': [{'alias': '자료구조'}, {'alias': '자구'}]}, {'key': 'implementation', 'isMeta': False, 'bojTagId': 102, 'problemCount': 5465, 'displayNames': [{'language': 'ko', 'name': '구현', 'short': '구현'}, {'language': 'en', 'name': 'implementation', 'short': 'impl'}, {'language': 'ja', 'name': '実装', 'short': 'impl'}], 'aliases': []}, {'key': 'queue', 'isMeta': False, 'bojTagId': 72, 'problemCount': 66, 'displayNames': [{'language': 'ko', 'name': '큐', 'short': '큐'}, {'language': 'en', 'name': 'queue', 'short': 'queue'}, {'language': 'ja', 'name': 'キュー', 'short': 'キュー'}], 'aliases': []}, {'key': 'simulation', 'isMeta': False, 'bojTagId': 141, 'problemCount': 1065, 'displayNames': [{'language': 'ko', 'name': '시뮬레이션', 'short': '시뮬레이션'}, {'language': 'en', 'name': 'simulation', 'short': 'simulation'}, {'language': 'ja', 'name': 'シミュレーション', 'short': 'シミュレーション'}], 'aliases': []}]",{}
2031,이 쿠키 달지 않아!,"[{'language': 'ko', 'languageDisplayName': 'ko', 'title': '이 쿠키 달지 않아!', 'isOriginal': True}]",True,False,63,14,15,False,False,False,3.8095,True,"[{'key': 'binary_search', 'isMeta': False, 'bojTagId': 12, 'problemCount': 1204, 'displayNames': [{'language': 'ko', 'name': '이분 탐색', 'short': '이분 탐색'}, {'language': 'en', 'name': 'binary search', 'short': 'binary search'}, {'language': 'ja', 'name': '二分探索', 'short': '二分探索'}], 'aliases': [{'alias': '이분탐색'}, {'alias': '이진탐색'}]}, {'key': 'dp', 'isMeta': False, 'bojTagId': 25, 'problemCount': 3979, 'displayNames': [{'language': 'ko', 'name': '다이나믹 프로그래밍', 'short': '다이나믹 프로그래밍'}, {'language': 'en', 'name': 'dynamic programming', 'short': 'dp'}, {'language': 'ja', 'name': '動的計画法', 'short': 'dp'}], 'aliases': [{'alias': '동적계획법'}, {'alias': '동적 계획법'}, {'alias': '다이나믹프로그래밍'}]}]",{}
2032,피라미드,"[{'language': 'ko', 'languageDisplayName': 'ko', 'title': '피라미드', 'isOriginal': True}]",True,False,18,18,5,False,False,False,1.9444,True,"[{'key': 'data_structures', 'isMeta': False, 'bojTagId': 175, 'problemCount': 3771, 'displayNames': [{'language': 'ko', 'name': '자료 구조', 'short': '자료 구조'}, {'language': 'en', 'name': 'data structures', 'short': 'ds'}, {'language': 'ja', 'name': 'データ構造', 'short': 'ds'}], 'aliases': [{'alias': '자료구조'}, {'alias': '자구'}]}, {'key': 'implementation', 'isMeta': False, 'bojTagId': 102, 'problemCount': 5465, 'displayNames': [{'language': 'ko', 'name': '구현', 'short': '구현'}, {'language': 'en', 'name': 'implementation', 'short': 'impl'}, {'language': 'ja', 'name': '実装', 'short': 'impl'}], 'aliases': []}, {'key': 'prefix_sum', 'isMeta': False, 'bojTagId': 139, 'problemCount': 949, 'displayNames': [{'language': 'ko', 'name': '누적 합', 'short': '누적 합'}, {'language': 'en', 'name': 'prefix sum', 'short': 'prefix sum'}, {'language': 'ja', 'name': '累積和', 'short': '累積和'}], 'aliases': [{'alias': '구간합'}, {'alias': '부분합'}, {'alias': 'rangesum'}]}]",{}
2033,반올림,"[{'language': 'ko', 'languageDisplayName': 'ko', 'title': '반올림', 'isOriginal': True}]",True,False,2354,5,48,False,False,False,2.4167,True,"[{'key': 'implementation', 'isMeta': False, 'bojTagId': 102, 'problemCount': 5465, 'displayNames': [{'language': 'ko', 'name': '구현', 'short': '구현'}, {'language': 'en', 'name': 'implementation', 'short': 'impl'}, {'language': 'ja', 'name': '実装', 'short': 'impl'}], 'aliases': []}, {'key': 'math', 'isMeta': False, 'bojTagId': 124, 'problemCount': 6271, 'displayNames': [{'language': 'ko', 'name': '수학', 'short': '수학'}, {'language': 'en', 'name': 'mathematics', 'short': 'math'}, {'language': 'ja', 'name': '数学', 'short': '数学'}], 'aliases': []}]",{}
2034,반음,"[{'language': 'ko', 'languageDisplayName': 'ko', 'title': '반음', 'isOriginal': True}]",True,False,164,7,12,False,False,False,2.122,True,"[{'key': 'implementation', 'isMeta': False, 'bojTagId': 102, 'problemCount': 5465, 'displayNames': [{'language': 'ko', 'name': '구현', 'short': '구현'}, {'language': 'en', 'name': 'implementation', 'short': 'impl'}, {'language': 'ja', 'name': '実装', 'short': 'impl'}], 'aliases': []}]",{}
2035,증가수열,"[{'language': 'ko', 'languageDisplayName': 'ko', 'title': '증가수열', 'isOriginal': False}, {'language': 'en', 'languageDisplayName': 'en', 'title': 'Increasing Sequences', 'isOriginal': True}]",True,False,53,13,5,False,False,False,3.6038,True,"[{'key': 'backtracking', 'isMeta': False, 'bojTagId': 5, 'problemCount': 530, 'displayNames': [{'language': 'ko', 'name': '백트래킹', 'short': '백트래킹'}, {'language': 'en', 'name': 'backtracking', 'short': 'backtrack'}, {'language': 'ja', 'name': 'バックトラック法', 'short': 'バックトラック'}], 'aliases': [{'alias': '백트래킹'}, {'alias': '퇴각검색'}, {'alias': '퇴각 검색'}]}]",{}
2036,수열의 점수,"[{'language': 'ko', 'languageDisplayName': 'ko', 'title': '수열의 점수', 'isOriginal': True}]",True,False,742,12,50,False,False,False,3.7588,True,"[{'key': 'case_work', 'isMeta': False, 'bojTagId': 137, 'problemCount': 855, 'displayNames': [{'language': 'ko', 'name': '많은 조건 분기', 'short': '많은 조건 분기'}, {'language': 'en', 'name': 'case work', 'short': 'case work'}, {'language': 'ja', 'name': 'ケースワーク', 'short': 'ケースワーク'}], 'aliases': [{'alias': '케이스'}, {'alias': '케이스워크'}, {'alias': '케이스 워크'}]}, {'key': 'greedy', 'isMeta': False, 'bojTagId': 33, 'problemCount': 2504, 'displayNames': [{'language': 'ko', 'name': '그리디 알고리즘', 'short': '그리디 알고리즘'}, {'language': 'en', 'name': 'greedy', 'short': 'greedy'}, {'language': 'ja', 'name': '貪欲法', 'short': '貪欲法'}], 'aliases': [{'alias': '탐욕법'}]}, {'key': 'sorting', 'isMeta': False, 'bojTagId': 97, 'problemCount': 1827, 'displayNames': [{'language': 'ko', 'name': '정렬', 'short': '정렬'}, {'language': 'en', 'name': 'sorting', 'short': 'sorting'}, {'language': 'ja', 'name': 'ソート', 'short': 'ソート'}], 'aliases': []}]",{}
2037,문자메시지,"[{'language': 'ko', 'languageDisplayName': 'ko', 'title': '문자메시지', 'isOriginal': False}, {'language': 'en', 'languageDisplayName': 'en', 'title': 'Best SMS to Type', 'isOriginal': True}]",True,False,847,5,25,False,False,False,2.2574,True,"[{'key': 'implementation', 'isMeta': False, 'bojTagId': 102, 'problemCount': 5465, 'displayNames': [{'language': 'ko', 'name': '구현', 'short': '구현'}, {'language': 'en', 'name': 'implementation', 'short': 'impl'}, {'language': 'ja', 'name': '実装', 'short': 'impl'}], 'aliases': []}, {'key': 'string', 'isMeta': False, 'bojTagId': 158, 'problemCount': 2356, 'displayNames': [{'language': 'ko', 'name': '문자열', 'short': '문자열'}, {'language': 'en', 'name': 'string', 'short': 'string'}, {'language': 'ja', 'name': '文字列', 'short': '文字列'}], 'aliases': [{'alias': '스트링'}]}]",{}
2038,골롱 수열,"[{'language': 'ko', 'languageDisplayName': 'ko', 'title': '골롱 수열', 'isOriginal': True}]",True,False,451,15,51,False,False,False,2.2284,True,"[{'key': 'dp', 'isMeta': False, 'bojTagId': 25, 'problemCount': 3979, 'displayNames': [{'language': 'ko', 'name': '다이나믹 프로그래밍', 'short': '다이나믹 프로그래밍'}, {'language': 'en', 'name': 'dynamic programming', 'short': 'dp'}, {'language': 'ja', 'name': '動的計画法', 'short': 'dp'}], 'aliases': [{'alias': '동적계획법'}, {'alias': '동적 계획법'}, {'alias': '다이나믹프로그래밍'}]}, {'key': 'math', 'isMeta': False, 'bojTagId': 124, 'problemCount': 6271, 'displayNames': [{'language': 'ko', 'name': '수학', 'short': '수학'}, {'language': 'en', 'name': 'mathematics', 'short': 'math'}, {'language': 'ja', 'name': '数学', 'short': '数学'}], 'aliases': []}]",{}
2039,뱀 찾기,"[{'language': 'ko', 'languageDisplayName': 'ko', 'title': '뱀 찾기', 'isOriginal': False}, {'language': 'en', 'languageDisplayName': 'en', 'title': 'Snakes on a Plane', 'isOriginal': True}]",True,False,5,0,0,False,False,False,4.0,True,[],{}
2040,수 게임,"[{'language': 'ko', 'languageDisplayName': 'ko', 'title': '수 게임', 'isOriginal': True}]",True,False,91,12,16,False,False,False,2.2198,True,"[{'key': 'dp', 'isMeta': False, 'bojTagId': 25, 'problemCount': 3979, 'displayNames': [{'language': 'ko', 'name': '다이나믹 프로그래밍', 'short': '다이나믹 프로그래밍'}, {'language': 'en', 'name': 'dynamic programming', 'short': 'dp'}, {'language': 'ja', 'name': '動的計画法', 'short': 'dp'}], 'aliases': [{'alias': '동적계획법'}, {'alias': '동적 계획법'}, {'alias': '다이나믹프로그래밍'}]}, {'key': 'game_theory', 'isMeta': False, 'bojTagId': 140, 'problemCount': 357, 'displayNames': [{'language': 'ko', 'name': '게임 이론', 'short': '게임 이론'}, {'language': 'en', 'name': 'game theory', 'short': 'game theory'}, {'language': 'ja', 'name': 'ゲーム理論', 'short': 'ゲーム'}], 'aliases': [{'alias': '게임이론'}, {'alias': '님'}, {'alias': 'nim'}]}, {'key': 'prefix_sum', 'isMeta': False, 'bojTagId': 139, 'problemCount': 949, 'displayNames': [{'language': 'ko', 'name': '누적 합', 'short': '누적 합'}, {'language': 'en', 'name': 'prefix sum', 'short': 'prefix sum'}, {'language': 'ja', 'name': '累積和', 'short': '累積和'}], 'aliases': [{'alias': '구간합'}, {'alias': '부분합'}, {'alias': 'rangesum'}]}]",{}
2041,숫자채우기,"[{'language': 'ko', 'languageDisplayName': 'ko', 'title': '숫자채우기', 'isOriginal': True}]",True,False,141,20,60,False,False,False,1.8582,True,"[{'key': 'ad_hoc', 'isMeta': False, 'bojTagId': 109, 'problemCount': 1447, 'displayNames': [{'language': 'ko', 'name': '애드 혹', 'short': '애드 혹'}, {'language': 'en', 'name': 'ad-hoc', 'short': 'ad-hoc'}, {'language': 'ja', 'name': 'アドホック', 'short': 'アドホック'}], 'aliases': []}, {'key': 'constructive', 'isMeta': False, 'bojTagId': 128, 'problemCount': 986, 'displayNames': [{'language': 'ko', 'name': '해 구성하기', 'short': '해 구성하기'}, {'language': 'en', 'name': 'constructive', 'short': 'constructive'}, {'language': 'ja', 'name': '構成的', 'short': '構成的'}], 'aliases': [{'alias': 'constructive'}, {'alias': '컨스트럭티브'}, {'alias': '구성적'}]}]",{}
2042,구간 합 구하기,"[{'language': 'ko', 'languageDisplayName': 'ko', 'title': '구간 합 구하기', 'isOriginal': True}]",True,False,12896,15,215,False,False,True,3.9339,True,"[{'key': 'segtree', 'isMeta': False, 'bojTagId': 65, 'problemCount': 1290, 'displayNames': [{'language': 'ko', 'name': '세그먼트 트리', 'short': '세그먼트 트리'}, {'language': 'en', 'name': 'segment tree', 'short': 'segtree'}, {'language': 'ja', 'name': 'セグメント木', 'short': 'セグ木'}], 'aliases': [{'alias': '구간트리'}, {'alias': '세그트리'}, {'alias': 'fenwick'}, {'alias': '펜윅'}]}, {'key': 'data_structures', 'isMeta': False, 'bojTagId': 175, 'problemCount': 3771, 'displayNames': [{'language': 'ko', 'name': '자료 구조', 'short': '자료 구조'}, {'language': 'en', 'name': 'data structures', 'short': 'ds'}, {'language': 'ja', 'name': 'データ構造', 'short': 'ds'}], 'aliases': [{'alias': '자료구조'}, {'alias': '자구'}]}]",{}
2043,수 묶기,"[{'language': 'ko', 'languageDisplayName': 'ko', 'title': '수 묶기', 'isOriginal': True}]",True,False,21,19,4,False,False,False,3.0476,True,"[{'key': 'flow', 'isMeta': False, 'bojTagId': 45, 'problemCount': 325, 'displayNames': [{'language': 'ko', 'name': '최대 유량', 'short': '최대 유량'}, {'language': 'en', 'name': 'maximum flow', 'short': 'flow'}, {'language': 'ja', 'name': '最大フロー', 'short': 'flow'}], 'aliases': [{'alias': 'dinic'}, {'alias': 'dinitz'}, {'alias': 'ford'}, {'alias': 'fulkerson'}, {'alias': 'fordfulkerson'}, {'alias': '디닉'}, {'alias': '디니츠'}, {'alias': '포드풀커슨'}, {'alias': '플로우'}]}, {'key': 'mcmf', 'isMeta': False, 'bojTagId': 48, 'problemCount': 117, 'displayNames': [{'language': 'ko', 'name': '최소 비용 최대 유량', 'short': '최소 비용 최대 유량'}, {'language': 'en', 'name': 'minimum cost maximum flow', 'short': 'mcmf'}, {'language': 'ja', 'name': '最小費用最大流問題', 'short': 'mcmf'}], 'aliases': [{'alias': 'dinic'}, {'alias': 'dinitz'}, {'alias': 'ford'}, {'alias': 'fulkerson'}, {'alias': 'fordfulkerson'}, {'alias': '디닉'}, {'alias': '디니츠'}, {'alias': '포드풀커슨'}]}]",{}
2044,windows,"[{'language': 'ko', 'languageDisplayName': 'ko', 'title': 'windows', 'isOriginal': False}, {'language': 'en', 'languageDisplayName': 'en', 'title': 'kaskade', 'isOriginal': True}]",True,False,124,13,18,False,False,False,3.1048,True,"[{'key': 'implementation', 'isMeta': False, 'bojTagId': 102, 'problemCount': 5465, 'displayNames': [{'language': 'ko', 'name': '구현', 'short': '구현'}, {'language': 'en', 'name': 'implementation', 'short': 'impl'}, {'language': 'ja', 'name': '実装', 'short': 'impl'}], 'aliases': []}, {'key': 'sorting', 'isMeta': False, 'bojTagId': 97, 'problemCount': 1827, 'displayNames': [{'language': 'ko', 'name': '정렬', 'short': '정렬'}, {'language': 'en', 'name': 'sorting', 'short': 'sorting'}, {'language': 'ja', 'name': 'ソート', 'short': 'ソート'}], 'aliases': []}]",{}
2045,마방진,"[{'language': 'ko', 'languageDisplayName': 'ko', 'title': '마방진', 'isOriginal': True}]",True,False,176,13,16,False,False,False,3.6591,True,"[{'key': 'implementation', 'isMeta': False, 'bojTagId': 102, 'problemCount': 5465, 'displayNames': [{'language': 'ko', 'name': '구현', 'short': '구현'}, {'language': 'en', 'name': 'implementation', 'short': 'impl'}, {'language': 'ja', 'name': '実装', 'short': 'impl'}], 'aliases': []}]",{}
2046,이어달리기,"[{'language': 'ko', 'languageDisplayName': 'ko', 'title': '이어달리기', 'isOriginal': False}, {'language': 'en', 'languageDisplayName': 'en', 'title': 'Marathon', 'isOriginal': True}]",False,False,0,0,0,False,False,False,0.0,True,[],{}
2047,미로,"[{'language': 'ko', 'languageDisplayName': 'ko', 'title': '미로', 'isOriginal': False}, {'language': 'en', 'languageDisplayName': 'en', 'title': 'Labyrinth', 'isOriginal': True}]",True,False,32,17,7,False,False,False,2.6875,True,"[{'key': 'bfs', 'isMeta': False, 'bojTagId': 126, 'problemCount': 967, 'displayNames': [{'language': 'ko', 'name': '너비 우선 탐색', 'short': '너비 우선 탐색'}, {'language': 'en', 'name': 'breadth-first search', 'short': 'bfs'}, {'language': 'ja', 'name': '幅優先検索', 'short': 'bfs'}], 'aliases': [{'alias': 'breadthfirst'}, {'alias': 'breadth first'}]}, {'key': 'graphs', 'isMeta': False, 'bojTagId': 7, 'problemCount': 3630, 'displayNames': [{'language': 'ko', 'name': '그래프 이론', 'short': '그래프 이론'}, {'language': 'en', 'name': 'graph theory', 'short': 'graph'}, {'language': 'ja', 'name': 'グラフ理論', 'short': 'グラフ'}], 'aliases': [{'alias': '그래프이론'}, {'alias': '그래프'}]}, {'key': 'graph_traversal', 'isMeta': False, 'bojTagId': 11, 'problemCount': 1978, 'displayNames': [{'language': 'ko', 'name': '그래프 탐색', 'short': '그래프 탐색'}, {'language': 'en', 'name': 'graph traversal', 'short': 'traversal'}, {'language': 'ja', 'name': 'グラフの探索', 'short': '横断'}], 'aliases': [{'alias': 'bfs'}, {'alias': 'dfs'}]}]",{}
2048,"Hello, 2048!","[{'language': 'ko', 'languageDisplayName': 'ko', 'title': 'Hello, 2048!', 'isOriginal': True}]",True,False,65,12,21,False,False,False,2.1692,True,"[{'key': 'math', 'isMeta': False, 'bojTagId': 124, 'problemCount': 6271, 'displayNames': [{'language': 'ko', 'name': '수학', 'short': '수학'}, {'language': 'en', 'name': 'mathematics', 'short': 'math'}, {'language': 'ja', 'name': '数学', 'short': '数学'}], 'aliases': []}, {'key': 'number_theory', 'isMeta': False, 'bojTagId': 95, 'problemCount': 1418, 'displayNames': [{'language': 'ko', 'name': '정수론', 'short': '정수론'}, {'language': 'en', 'name': 'number theory', 'short': 'number theory'}, {'language': 'ja', 'name': '整数論', 'short': '整数論'}], 'aliases': []}]",{}
2049,가장 먼 두 점,"[{'language': 'ko', 'languageDisplayName': 'ko', 'title': '가장 먼 두 점', 'isOriginal': True}]",True,False,443,18,88,False,False,False,2.6388,True,"[{'key': 'convex_hull', 'isMeta': False, 'bojTagId': 20, 'problemCount': 178, 'displayNames': [{'language': 'ko', 'name': '볼록 껍질', 'short': '볼록 껍질'}, {'language': 'en', 'name': 'convex hull', 'short': 'convex hull'}, {'language': 'ja', 'name': '凸包', 'short': '凸包'}], 'aliases': [{'alias': '컨벡스헐'}]}, {'key': 'geometry', 'isMeta': False, 'bojTagId': 100, 'problemCount': 1483, 'displayNames': [{'language': 'ko', 'name': '기하학', 'short': '기하학'}, {'language': 'en', 'name': 'geometry', 'short': 'geom'}, {'language': 'ja', 'name': '幾何学', 'short': '幾何'}], 'aliases': []}, {'key': 'rotating_calipers', 'isMeta': False, 'bojTagId': 64, 'problemCount': 29, 'displayNames': [{'language': 'ko', 'name': '회전하는 캘리퍼스', 'short': '회전하는 캘리퍼스'}, {'language': 'en', 'name': 'rotating calipers', 'short': 'rotating calipers'}, {'language': 'ja', 'name': 'rotating calipers', 'short': 'rotating calipers'}], 'aliases': []}]",{}
2050,타일 게임,"[{'language': 'ko', 'languageDisplayName': 'ko', 'title': '타일 게임', 'isOriginal': False}, {'language': 'en', 'languageDisplayName': 'en', 'title': 'Rummikub', 'isOriginal': True}]",True,False,1,0,0,False,False,False,1.0,True,[],{}
2051,최소 버텍스 커버,"[{'language': 'ko', 'languageDisplayName': 'ko', 'title': '최소 버텍스 커버', 'isOriginal': True}]",True,False,184,19,33,False,False,False,2.1793,True,"[{'key': 'bipartite_matching', 'isMeta': False, 'bojTagId': 13, 'problemCount': 182, 'displayNames': [{'language': 'ko', 'name': '이분 매칭', 'short': '이분 매칭'}, {'language': 'en', 'name': 'bipartite matching', 'short': 'bipartite matching'}, {'language': 'ja', 'name': '2部マッチング', 'short': '2部マッチング'}], 'aliases': []}, {'key': 'graphs', 'isMeta': False, 'bojTagId': 7, 'problemCount': 3630, 'displayNames': [{'language': 'ko', 'name': '그래프 이론', 'short': '그래프 이론'}, {'language': 'en', 'name': 'graph theory', 'short': 'graph'}, {'language': 'ja', 'name': 'グラフ理論', 'short': 'グラフ'}], 'aliases': [{'alias': '그래프이론'}, {'alias': '그래프'}]}]",{}
2052,지수연산,"[{'language': 'ko', 'languageDisplayName': 'ko', 'title': '지수연산', 'isOriginal': True}]",True,False,1013,4,49,False,False,False,2.5637,True,"[{'key': 'arbitrary_precision', 'isMeta': False, 'bojTagId': 117, 'problemCount': 257, 'displayNames': [{'language': 'ko', 'name': '임의 정밀도 / 큰 수 연산', 'short': '임의 정밀도 / 큰 수 연산'}, {'language': 'en', 'name': 'arbitrary precision / big integers', 'short': 'arbitrary precision / big integers'}, {'language': 'ja', 'name': '高精度または大きな数の演算', 'short': '高精度または大きな数の演算'}], 'aliases': [{'alias': '빅인티저'}, {'alias': '빅데시멀'}, {'alias': 'biginteger'}, {'alias': 'bigdecimal'}]}, {'key': 'math', 'isMeta': False, 'bojTagId': 124, 'problemCount': 6271, 'displayNames': [{'language': 'ko', 'name': '수학', 'short': '수학'}, {'language': 'en', 'name': 'mathematics', 'short': 'math'}, {'language': 'ja', 'name': '数学', 'short': '数学'}], 'aliases': []}]",{}
2053,반직선,"[{'language': 'ko', 'languageDisplayName': 'ko', 'title': '반직선', 'isOriginal': False}, {'language': 'en', 'languageDisplayName': 'en', 'title': 'Lines', 'isOriginal': True}]",True,False,6,0,0,False,False,False,5.8333,True,[],{}
2054,계산 문제,"[{'language': 'ko', 'languageDisplayName': 'ko', 'title': '계산 문제', 'isOriginal': True}]",True,False,48,14,12,False,False,False,2.1875,True,"[{'key': 'bruteforcing', 'isMeta': False, 'bojTagId': 125, 'problemCount': 2158, 'displayNames': [{'language': 'ko', 'name': '브루트포스 알고리즘', 'short': '브루트포스 알고리즘'}, {'language': 'en', 'name': 'bruteforcing', 'short': 'bruteforce'}, {'language': 'ja', 'name': '全探索', 'short': '全探索'}], 'aliases': [{'alias': '완전탐색'}, {'alias': '완전 탐색'}, {'alias': '브루트포스'}, {'alias': 'bruteforce'}, {'alias': 'brute force'}, {'alias': '완탐'}]}, {'key': 'data_structures', 'isMeta': False, 'bojTagId': 175, 'problemCount': 3771, 'displayNames': [{'language': 'ko', 'name': '자료 구조', 'short': '자료 구조'}, {'language': 'en', 'name': 'data structures', 'short': 'ds'}, {'language': 'ja', 'name': 'データ構造', 'short': 'ds'}], 'aliases': [{'alias': '자료구조'}, {'alias': '자구'}]}, {'key': 'implementation', 'isMeta': False, 'bojTagId': 102, 'problemCount': 5465, 'displayNames': [{'language': 'ko', 'name': '구현', 'short': '구현'}, {'language': 'en', 'name': 'implementation', 'short': 'impl'}, {'language': 'ja', 'name': '実装', 'short': 'impl'}], 'aliases': []}, {'key': 'recursion', 'isMeta': False, 'bojTagId': 62, 'problemCount': 227, 'displayNames': [{'language': 'ko', 'name': '재귀', 'short': '재귀'}, {'language': 'en', 'name': 'recursion', 'short': 'recursion'}, {'language': 'ja', 'name': '再帰', 'short': '再帰'}], 'aliases': []}, {'key': 'stack', 'isMeta': False, 'bojTagId': 71, 'problemCount': 372, 'displayNames': [{'language': 'ko', 'name': '스택', 'short': '스택'}, {'language': 'en', 'name': 'stack', 'short': 'stack'}, {'language': 'ja', 'name': 'スタック', 'short': 'スタック'}], 'aliases': []}, {'key': 'string', 'isMeta': False, 'bojTagId': 158, 'problemCount': 2356, 'displayNames': [{'language': 'ko', 'name': '문자열', 'short': '문자열'}, {'language': 'en', 'name': 'string', 'short': 'string'}, {'language': 'ja', 'name': '文字列', 'short': '文字列'}], 'aliases': [{'alias': '스트링'}]}]",{}
2055,삼각형 찾기,"[{'language': 'ko', 'languageDisplayName': 'ko', 'title': '삼각형 찾기', 'isOriginal': True}]",True,False,50,16,12,False,False,False,4.3,True,"[{'key': 'combinatorics', 'isMeta': False, 'bojTagId': 6, 'problemCount': 895, 'displayNames': [{'language': 'ko', 'name': '조합론', 'short': '조합론'}, {'language': 'en', 'name': 'combinatorics', 'short': 'combinatorics'}, {'language': 'ja', 'name': '組み合わせ', 'short': '組み合わせ'}], 'aliases': [{'alias': 'combination'}, {'alias': 'permutation'}, {'alias': 'probability'}, {'alias': '확률'}, {'alias': '순열'}]}, {'key': 'geometry', 'isMeta': False, 'bojTagId': 100, 'problemCount': 1483, 'displayNames': [{'language': 'ko', 'name': '기하학', 'short': '기하학'}, {'language': 'en', 'name': 'geometry', 'short': 'geom'}, {'language': 'ja', 'name': '幾何学', 'short': '幾何'}], 'aliases': []}, {'key': 'math', 'isMeta': False, 'bojTagId': 124, 'problemCount': 6271, 'displayNames': [{'language': 'ko', 'name': '수학', 'short': '수학'}, {'language': 'en', 'name': 'mathematics', 'short': 'math'}, {'language': 'ja', 'name': '数学', 'short': '数学'}], 'aliases': []}, {'key': 'number_theory', 'isMeta': False, 'bojTagId': 95, 'problemCount': 1418, 'displayNames': [{'language': 'ko', 'name': '정수론', 'short': '정수론'}, {'language': 'en', 'name': 'number theory', 'short': 'number theory'}, {'language': 'ja', 'name': '整数論', 'short': '整数論'}], 'aliases': []}]",{}
2056,작업,"[{'language': 'ko', 'languageDisplayName': 'ko', 'title': '작업', 'isOriginal': False}, {'language': 'en', 'languageDisplayName': 'en', 'title': 'Chores', 'isOriginal': True}]",True,False,5345,12,141,False,False,False,2.2636,True,"[{'key': 'dag', 'isMeta': False, 'bojTagId': 213, 'problemCount': 187, 'displayNames': [{'language': 'ko', 'name': '방향 비순환 그래프', 'short': 'dag'}, {'language': 'en', 'name': 'directed acyclic graph', 'short': 'dag'}, {'language': 'ja', 'name': '有向非巡回グラフ', 'short': '有向非巡回グラフ'}], 'aliases': []}, {'key': 'dp', 'isMeta': False, 'bojTagId': 25, 'problemCount': 3979, 'displayNames': [{'language': 'ko', 'name': '다이나믹 프로그래밍', 'short': '다이나믹 프로그래밍'}, {'language': 'en', 'name': 'dynamic programming', 'short': 'dp'}, {'language': 'ja', 'name': '動的計画法', 'short': 'dp'}], 'aliases': [{'alias': '동적계획법'}, {'alias': '동적 계획법'}, {'alias': '다이나믹프로그래밍'}]}, {'key': 'graphs', 'isMeta': False, 'bojTagId': 7, 'problemCount': 3630, 'displayNames': [{'language': 'ko', 'name': '그래프 이론', 'short': '그래프 이론'}, {'language': 'en', 'name': 'graph theory', 'short': 'graph'}, {'language': 'ja', 'name': 'グラフ理論', 'short': 'グラフ'}], 'aliases': [{'alias': '그래프이론'}, {'alias': '그래프'}]}, {'key': 'topological_sorting', 'isMeta': False, 'bojTagId': 78, 'problemCount': 174, 'displayNames': [{'language': 'ko', 'name': '위상 정렬', 'short': '위상 정렬'}, {'language': 'en', 'name': 'topological sorting', 'short': 'topological sorting'}, {'language': 'ja', 'name': 'トポロジカルソート', 'short': 'トポロジカルソート'}], 'aliases': []}]",{}
2057,팩토리얼 분해,"[{'language': 'ko', 'languageDisplayName': 'ko', 'title': '팩토리얼 분해', 'isOriginal': True}]",True,False,1016,6,42,False,False,False,3.3287,True,"[{'key': 'bruteforcing', 'isMeta': False, 'bojTagId': 125, 'problemCount': 2158, 'displayNames': [{'language': 'ko', 'name': '브루트포스 알고리즘', 'short': '브루트포스 알고리즘'}, {'language': 'en', 'name': 'bruteforcing', 'short': 'bruteforce'}, {'language': 'ja', 'name': '全探索', 'short': '全探索'}], 'aliases': [{'alias': '완전탐색'}, {'alias': '완전 탐색'}, {'alias': '브루트포스'}, {'alias': 'bruteforce'}, {'alias': 'brute force'}, {'alias': '완탐'}]}, {'key': 'greedy', 'isMeta': False, 'bojTagId': 33, 'problemCount': 2504, 'displayNames': [{'language': 'ko', 'name': '그리디 알고리즘', 'short': '그리디 알고리즘'}, {'language': 'en', 'name': 'greedy', 'short': 'greedy'}, {'language': 'ja', 'name': '貪欲法', 'short': '貪欲法'}], 'aliases': [{'alias': '탐욕법'}]}, {'key': 'math', 'isMeta': False, 'bojTagId': 124, 'problemCount': 6271, 'displayNames': [{'language': 'ko', 'name': '수학', 'short': '수학'}, {'language': 'en', 'name': 'mathematics', 'short': 'math'}, {'language': 'ja', 'name': '数学', 'short': '数学'}], 'aliases': []}]",{}
2058,원자의 에너지,"[{'language': 'ko', 'languageDisplayName': 'ko', 'title': '원자의 에너지', 'isOriginal': True}]",True,False,48,13,5,False,False,False,3.125,True,"[{'key': 'dp', 'isMeta': False, 'bojTagId': 25, 'problemCount': 3979, 'displayNames': [{'language': 'ko', 'name': '다이나믹 프로그래밍', 'short': '다이나믹 프로그래밍'}, {'language': 'en', 'name': 'dynamic programming', 'short': 'dp'}, {'language': 'ja', 'name': '動的計画法', 'short': 'dp'}], 'aliases': [{'alias': '동적계획법'}, {'alias': '동적 계획법'}, {'alias': '다이나믹프로그래밍'}]}, {'key': 'dp_tree', 'isMeta': False, 'bojTagId': 92, 'problemCount': 409, 'displayNames': [{'language': 'ko', 'name': '트리에서의 다이나믹 프로그래밍', 'short': '트리에서의 다이나믹 프로그래밍'}, {'language': 'en', 'name': 'dynamic programming on trees', 'short': 'tree dp'}, {'language': 'ja', 'name': '木上の動的計画法', 'short': 'tree dp'}], 'aliases': [{'alias': '트리dp'}]}, {'key': 'trees', 'isMeta': False, 'bojTagId': 120, 'problemCount': 1382, 'displayNames': [{'language': 'ko', 'name': '트리', 'short': '트리'}, {'language': 'en', 'name': 'tree', 'short': 'tree'}, {'language': 'ja', 'name': '木', 'short': '木'}], 'aliases': [{'alias': 'trees'}]}]",{}
2059,작업 순서,"[{'language': 'ko', 'languageDisplayName': 'ko', 'title': '작업 순서', 'isOriginal': True}]",True,False,2,0,0,False,False,False,5.5,True,[],{}
2060,염소 줄서기,"[{'language': 'ko', 'languageDisplayName': 'ko', 'title': '염소 줄서기', 'isOriginal': False}, {'language': 'en', 'languageDisplayName': 'en', 'title': 'Cow Queueing', 'isOriginal': True}]",True,False,20,22,2,False,False,False,3.95,True,"[{'key': 'combinatorics', 'isMeta': False, 'bojTagId': 6, 'problemCount': 895, 'displayNames': [{'language': 'ko', 'name': '조합론', 'short': '조합론'}, {'language': 'en', 'name': 'combinatorics', 'short': 'combinatorics'}, {'language': 'ja', 'name': '組み合わせ', 'short': '組み合わせ'}], 'aliases': [{'alias': 'combination'}, {'alias': 'permutation'}, {'alias': 'probability'}, {'alias': '확률'}, {'alias': '순열'}]}, {'key': 'dp', 'isMeta': False, 'bojTagId': 25, 'problemCount': 3979, 'displayNames': [{'language': 'ko', 'name': '다이나믹 프로그래밍', 'short': '다이나믹 프로그래밍'}, {'language': 'en', 'name': 'dynamic programming', 'short': 'dp'}, {'language': 'ja', 'name': '動的計画法', 'short': 'dp'}], 'aliases': [{'alias': '동적계획법'}, {'alias': '동적 계획법'}, {'alias': '다이나믹프로그래밍'}]}, {'key': 'dp_digit', 'isMeta': False, 'bojTagId': 217, 'problemCount': 14, 'displayNames': [{'language': 'ko', 'name': '자릿수를 이용한 다이나믹 프로그래밍', 'short': '자릿수 dp'}, {'language': 'en', 'name': 'digit dp', 'short': 'digit dp'}], 'aliases': []}, {'key': 'math', 'isMeta': False, 'bojTagId': 124, 'problemCount': 6271, 'displayNames': [{'language': 'ko', 'name': '수학', 'short': '수학'}, {'language': 'en', 'name': 'mathematics', 'short': 'math'}, {'language': 'ja', 'name': '数学', 'short': '数学'}], 'aliases': []}, {'key': 'parametric_search', 'isMeta': False, 'bojTagId': 170, 'problemCount': 368, 'displayNames': [{'language': 'ko', 'name': '매개 변수 탐색', 'short': '매개 변수 탐색'}, {'language': 'en', 'name': 'parametric search', 'short': 'parametric search'}, {'language': 'ja', 'name': 'parametric search', 'short': 'parametric search'}], 'aliases': [{'alias': '파라메트릭'}]}]",{}
2061,좋은 암호,"[{'language': 'ko', 'languageDisplayName': 'ko', 'title': '좋은 암호', 'isOriginal': False}, {'language': 'en', 'languageDisplayName': 'en', 'title': 'The Embarrassed Cryptographer', 'isOriginal': True}]",True,False,1631,3,74,False,True,False,2.2483,True,"[{'key': 'arbitrary_precision', 'isMeta': False, 'bojTagId': 117, 'problemCount': 257, 'displayNames': [{'language': 'ko', 'name': '임의 정밀도 / 큰 수 연산', 'short': '임의 정밀도 / 큰 수 연산'}, {'language': 'en', 'name': 'arbitrary precision / big integers', 'short': 'arbitrary precision / big integers'}, {'language': 'ja', 'name': '高精度または大きな数の演算', 'short': '高精度または大きな数の演算'}], 'aliases': [{'alias': '빅인티저'}, {'alias': '빅데시멀'}, {'alias': 'biginteger'}, {'alias': 'bigdecimal'}]}, {'key': 'bruteforcing', 'isMeta': False, 'bojTagId': 125, 'problemCount': 2158, 'displayNames': [{'language': 'ko', 'name': '브루트포스 알고리즘', 'short': '브루트포스 알고리즘'}, {'language': 'en', 'name': 'bruteforcing', 'short': 'bruteforce'}, {'language': 'ja', 'name': '全探索', 'short': '全探索'}], 'aliases': [{'alias': '완전탐색'}, {'alias': '완전 탐색'}, {'alias': '브루트포스'}, {'alias': 'bruteforce'}, {'alias': 'brute force'}, {'alias': '완탐'}]}, {'key': 'math', 'isMeta': False, 'bojTagId': 124, 'problemCount': 6271, 'displayNames': [{'language': 'ko', 'name': '수학', 'short': '수학'}, {'language': 'en', 'name': 'mathematics', 'short': 'math'}, {'language': 'ja', 'name': '数学', 'short': '数学'}], 'aliases': []}]","{'warn': [{'type': 'same', 'data': 1837}]}"
2062,곱하기 게임,"[{'language': 'en', 'languageDisplayName': 'en', 'title': 'Funny Games', 'isOriginal': True}, {'language': 'ko', 'languageDisplayName': 'ko', 'title': '곱하기 게임', 'isOriginal': False}]",True,False,15,15,5,False,False,False,6.2,True,"[{'key': 'data_structures', 'isMeta': False, 'bojTagId': 175, 'problemCount': 3771, 'displayNames': [{'language': 'ko', 'name': '자료 구조', 'short': '자료 구조'}, {'language': 'en', 'name': 'data structures', 'short': 'ds'}, {'language': 'ja', 'name': 'データ構造', 'short': 'ds'}], 'aliases': [{'alias': '자료구조'}, {'alias': '자구'}]}, {'key': 'game_theory', 'isMeta': False, 'bojTagId': 140, 'problemCount': 357, 'displayNames': [{'language': 'ko', 'name': '게임 이론', 'short': '게임 이론'}, {'language': 'en', 'name': 'game theory', 'short': 'game theory'}, {'language': 'ja', 'name': 'ゲーム理論', 'short': 'ゲーム'}], 'aliases': [{'alias': '게임이론'}, {'alias': '님'}, {'alias': 'nim'}]}, {'key': 'greedy', 'isMeta': False, 'bojTagId': 33, 'problemCount': 2504, 'displayNames': [{'language': 'ko', 'name': '그리디 알고리즘', 'short': '그리디 알고리즘'}, {'language': 'en', 'name': 'greedy', 'short': 'greedy'}, {'language': 'ja', 'name': '貪欲法', 'short': '貪欲法'}], 'aliases': [{'alias': '탐욕법'}]}, {'key': 'priority_queue', 'isMeta': False, 'bojTagId': 59, 'problemCount': 420, 'displayNames': [{'language': 'ko', 'name': '우선순위 큐', 'short': '우선순위 큐'}, {'language': 'en', 'name': 'priority queue', 'short': 'priority queue'}, {'language': 'ja', 'name': '優先度付きキュー', 'short': '優先度付きキュー'}], 'aliases': [{'alias': 'heap'}, {'alias': '힙'}]}]",{}
2063,철사 연결,"[{'language': 'ko', 'languageDisplayName': 'ko', 'title': '철사 연결', 'isOriginal': False}, {'language': 'en', 'languageDisplayName': 'en', 'title': 'Playground', 'isOriginal': True}]",True,False,52,10,13,False,False,False,3.4038,True,"[{'key': 'greedy', 'isMeta': False, 'bojTagId': 33, 'problemCount': 2504, 'displayNames': [{'language': 'ko', 'name': '그리디 알고리즘', 'short': '그리디 알고리즘'}, {'language': 'en', 'name': 'greedy', 'short': 'greedy'}, {'language': 'ja', 'name': '貪欲法', 'short': '貪欲法'}], 'aliases': [{'alias': '탐욕법'}]}, {'key': 'sorting', 'isMeta': False, 'bojTagId': 97, 'problemCount': 1827, 'displayNames': [{'language': 'ko', 'name': '정렬', 'short': '정렬'}, {'language': 'en', 'name': 'sorting', 'short': 'sorting'}, {'language': 'ja', 'name': 'ソート', 'short': 'ソート'}], 'aliases': []}]",{}
2064,IP 주소,"[{'language': 'ko', 'languageDisplayName': 'ko', 'title': 'IP 주소', 'isOriginal': False}, {'language': 'en', 'languageDisplayName': 'en', 'title': 'IP Networks', 'isOriginal': True}]",True,False,504,13,28,False,False,False,3.1071,True,"[{'key': 'bitmask', 'isMeta': False, 'bojTagId': 14, 'problemCount': 717, 'displayNames': [{'language': 'ko', 'name': '비트마스킹', 'short': '비트마스킹'}, {'language': 'en', 'name': 'bitmask', 'short': 'bitmask'}, {'language': 'ja', 'name': 'ビット表現', 'short': 'ビット表現'}], 'aliases': [{'alias': '비트필드'}, {'alias': '비트마스크'}]}, {'key': 'implementation', 'isMeta': False, 'bojTagId': 102, 'problemCount': 5465, 'displayNames': [{'language': 'ko', 'name': '구현', 'short': '구현'}, {'language': 'en', 'name': 'implementation', 'short': 'impl'}, {'language': 'ja', 'name': '実装', 'short': 'impl'}], 'aliases': []}]",{}
2065,나룻배,"[{'language': 'ko', 'languageDisplayName': 'ko', 'title': '나룻배', 'isOriginal': False}, {'language': 'en', 'languageDisplayName': 'en', 'title': 'Ferry Loading III', 'isOriginal': True}]",True,False,250,14,19,False,False,False,4.492,True,"[{'key': 'data_structures', 'isMeta': False, 'bojTagId': 175, 'problemCount': 3771, 'displayNames': [{'language': 'ko', 'name': '자료 구조', 'short': '자료 구조'}, {'language': 'en', 'name': 'data structures', 'short': 'ds'}, {'language': 'ja', 'name': 'データ構造', 'short': 'ds'}], 'aliases': [{'alias': '자료구조'}, {'alias': '자구'}]}, {'key': 'implementation', 'isMeta': False, 'bojTagId': 102, 'problemCount': 5465, 'displayNames': [{'language': 'ko', 'name': '구현', 'short': '구현'}, {'language': 'en', 'name': 'implementation', 'short': 'impl'}, {'language': 'ja', 'name': '実装', 'short': 'impl'}], 'aliases': []}, {'key': 'queue', 'isMeta': False, 'bojTagId': 72, 'problemCount': 66, 'displayNames': [{'language': 'ko', 'name': '큐', 'short': '큐'}, {'language': 'en', 'name': 'queue', 'short': 'queue'}, {'language': 'ja', 'name': 'キュー', 'short': 'キュー'}], 'aliases': []}, {'key': 'simulation', 'isMeta': False, 'bojTagId': 141, 'problemCount': 1065, 'displayNames': [{'language': 'ko', 'name': '시뮬레이션', 'short': '시뮬레이션'}, {'language': 'en', 'name': 'simulation', 'short': 'simulation'}, {'language': 'ja', 'name': 'シミュレーション', 'short': 'シミュレーション'}], 'aliases': []}]",{}
2066,카드놀이,"[{'language': 'ko', 'languageDisplayName': 'ko', 'title': '카드놀이', 'isOriginal': False}, {'language': 'en', 'languageDisplayName': 'en', 'title': 'Double Patience', 'isOriginal': True}]",True,False,172,15,9,False,False,False,1.9186,True,"[{'key': 'dp', 'isMeta': False, 'bojTagId': 25, 'problemCount': 3979, 'displayNames': [{'language': 'ko', 'name': '다이나믹 프로그래밍', 'short': '다이나믹 프로그래밍'}, {'language': 'en', 'name': 'dynamic programming', 'short': 'dp'}, {'language': 'ja', 'name': '動的計画法', 'short': 'dp'}], 'aliases': [{'alias': '동적계획법'}, {'alias': '동적 계획법'}, {'alias': '다이나믹프로그래밍'}]}]",{}
2067,엘리베이터,"[{'language': 'ko', 'languageDisplayName': 'ko', 'title': '엘리베이터', 'isOriginal': True}]",True,False,8,0,0,False,False,False,5.75,True,[],{}
2068,자전거 경주,"[{'language': 'ko', 'languageDisplayName': 'ko', 'title': '자전거 경주', 'isOriginal': False}, {'language': 'en', 'languageDisplayName': 'en', 'title': 'Cow Cycling', 'isOriginal': True}]",True,False,2,0,0,False,False,False,1.0,True,[],{}
2069,보이는 산맥,"[{'language': 'ko', 'languageDisplayName': 'ko', 'title': '보이는 산맥', 'isOriginal': False}, {'language': 'en', 'languageDisplayName': 'en', 'title': 'Mountain Majesties', 'isOriginal': True}]",True,False,51,13,10,False,False,False,2.3725,True,"[{'key': 'sorting', 'isMeta': False, 'bojTagId': 97, 'problemCount': 1827, 'displayNames': [{'language': 'ko', 'name': '정렬', 'short': '정렬'}, {'language': 'en', 'name': 'sorting', 'short': 'sorting'}, {'language': 'ja', 'name': 'ソート', 'short': 'ソート'}], 'aliases': []}, {'key': 'sweeping', 'isMeta': False, 'bojTagId': 106, 'problemCount': 468, 'displayNames': [{'language': 'ko', 'name': '스위핑', 'short': '스위핑'}, {'language': 'en', 'name': 'sweeping', 'short': 'sweeping'}, {'language': 'ja', 'name': '平面走査', 'short': '平面走査'}], 'aliases': [{'alias': '라인 스위핑'}]}]",{}
2070,목걸이 수열,"[{'language': 'ko', 'languageDisplayName': 'ko', 'title': '목걸이 수열', 'isOriginal': False}, {'language': 'en', 'languageDisplayName': 'en', 'title': 'Necklace Decomposition', 'isOriginal': True}]",True,False,40,15,7,False,False,False,2.65,True,"[{'key': 'greedy', 'isMeta': False, 'bojTagId': 33, 'problemCount': 2504, 'displayNames': [{'language': 'ko', 'name': '그리디 알고리즘', 'short': '그리디 알고리즘'}, {'language': 'en', 'name': 'greedy', 'short': 'greedy'}, {'language': 'ja', 'name': '貪欲法', 'short': '貪欲法'}], 'aliases': [{'alias': '탐욕법'}]}, {'key': 'string', 'isMeta': False, 'bojTagId': 158, 'problemCount': 2356, 'displayNames': [{'language': 'ko', 'name': '문자열', 'short': '문자열'}, {'language': 'en', 'name': 'string', 'short': 'string'}, {'language': 'ja', 'name': '文字列', 'short': '文字列'}], 'aliases': [{'alias': '스트링'}]}]",{}
2071,바둑,"[{'language': 'ko', 'languageDisplayName': 'ko', 'title': '바둑', 'isOriginal': True}]",True,False,7,21,3,False,False,False,26.2857,True,"[{'key': 'backtracking', 'isMeta': False, 'bojTagId': 5, 'problemCount': 530, 'displayNames': [{'language': 'ko', 'name': '백트래킹', 'short': '백트래킹'}, {'language': 'en', 'name': 'backtracking', 'short': 'backtrack'}, {'language': 'ja', 'name': 'バックトラック法', 'short': 'バックトラック'}], 'aliases': [{'alias': '백트래킹'}, {'alias': '퇴각검색'}, {'alias': '퇴각 검색'}]}, {'key': 'graphs', 'isMeta': False, 'bojTagId': 7, 'problemCount': 3630, 'displayNames': [{'language': 'ko', 'name': '그래프 이론', 'short': '그래프 이론'}, {'language': 'en', 'name': 'graph theory', 'short': 'graph'}, {'language': 'ja', 'name': 'グラフ理論', 'short': 'グラフ'}], 'aliases': [{'alias': '그래프이론'}, {'alias': '그래프'}]}, {'key': 'graph_traversal', 'isMeta': False, 'bojTagId': 11, 'problemCount': 1978, 'displayNames': [{'language': 'ko', 'name': '그래프 탐색', 'short': '그래프 탐색'}, {'language': 'en', 'name': 'graph traversal', 'short': 'traversal'}, {'language': 'ja', 'name': 'グラフの探索', 'short': '横断'}], 'aliases': [{'alias': 'bfs'}, {'alias': 'dfs'}]}, {'key': 'implementation', 'isMeta': False, 'bojTagId': 102, 'problemCount': 5465, 'displayNames': [{'language': 'ko', 'name': '구현', 'short': '구현'}, {'language': 'en', 'name': 'implementation', 'short': 'impl'}, {'language': 'ja', 'name': '実装', 'short': 'impl'}], 'aliases': []}]",{}
2072,오목,"[{'language': 'ko', 'languageDisplayName': 'ko', 'title': '오목', 'isOriginal': True}]",True,False,546,9,18,False,False,False,3.3315,True,"[{'key': 'implementation', 'isMeta': False, 'bojTagId': 102, 'problemCount': 5465, 'displayNames': [{'language': 'ko', 'name': '구현', 'short': '구현'}, {'language': 'en', 'name': 'implementation', 'short': 'impl'}, {'language': 'ja', 'name': '実装', 'short': 'impl'}], 'aliases': []}, {'key': 'simulation', 'isMeta': False, 'bojTagId': 141, 'problemCount': 1065, 'displayNames': [{'language': 'ko', 'name': '시뮬레이션', 'short': '시뮬레이션'}, {'language': 'en', 'name': 'simulation', 'short': 'simulation'}, {'language': 'ja', 'name': 'シミュレーション', 'short': 'シミュレーション'}], 'aliases': []}]",{}
2073,수도배관공사,"[{'language': 'ko', 'languageDisplayName': 'ko', 'title': '수도배관공사', 'isOriginal': True}]",True,False,546,12,31,False,False,False,2.6007,True,"[{'key': 'dp', 'isMeta': False, 'bojTagId': 25, 'problemCount': 3979, 'displayNames': [{'language': 'ko', 'name': '다이나믹 프로그래밍', 'short': '다이나믹 프로그래밍'}, {'language': 'en', 'name': 'dynamic programming', 'short': 'dp'}, {'language': 'ja', 'name': '動的計画法', 'short': 'dp'}], 'aliases': [{'alias': '동적계획법'}, {'alias': '동적 계획법'}, {'alias': '다이나믹프로그래밍'}]}, {'key': 'knapsack', 'isMeta': False, 'bojTagId': 148, 'problemCount': 252, 'displayNames': [{'language': 'ko', 'name': '배낭 문제', 'short': '배낭 문제'}, {'language': 'en', 'name': 'knapsack', 'short': 'knapsack'}, {'language': 'ja', 'name': 'ナップサック問題', 'short': 'ナップサック'}], 'aliases': [{'alias': '냅색'}]}]",{}
2074,거듭제곱 계산하기,"[{'language': 'en', 'languageDisplayName': 'en', 'title': 'Power Hungry Cows', 'isOriginal': True}, {'language': 'ko', 'languageDisplayName': 'ko', 'title': '거듭제곱 계산하기', 'isOriginal': False}]",True,False,58,14,12,False,False,False,2.3276,True,"[{'key': 'bfs', 'isMeta': False, 'bojTagId': 126, 'problemCount': 967, 'displayNames': [{'language': 'ko', 'name': '너비 우선 탐색', 'short': '너비 우선 탐색'}, {'language': 'en', 'name': 'breadth-first search', 'short': 'bfs'}, {'language': 'ja', 'name': '幅優先検索', 'short': 'bfs'}], 'aliases': [{'alias': 'breadthfirst'}, {'alias': 'breadth first'}]}, {'key': 'graphs', 'isMeta': False, 'bojTagId': 7, 'problemCount': 3630, 'displayNames': [{'language': 'ko', 'name': '그래프 이론', 'short': '그래프 이론'}, {'language': 'en', 'name': 'graph theory', 'short': 'graph'}, {'language': 'ja', 'name': 'グラフ理論', 'short': 'グラフ'}], 'aliases': [{'alias': '그래프이론'}, {'alias': '그래프'}]}, {'key': 'graph_traversal', 'isMeta': False, 'bojTagId': 11, 'problemCount': 1978, 'displayNames': [{'language': 'ko', 'name': '그래프 탐색', 'short': '그래프 탐색'}, {'language': 'en', 'name': 'graph traversal', 'short': 'traversal'}, {'language': 'ja', 'name': 'グラフの探索', 'short': '横断'}], 'aliases': [{'alias': 'bfs'}, {'alias': 'dfs'}]}, {'key': 'precomputation', 'isMeta': False, 'bojTagId': 172, 'problemCount': 204, 'displayNames': [{'language': 'ko', 'name': '런타임 전의 전처리', 'short': '런타임 전의 전처리'}, {'language': 'en', 'name': 'precomputation', 'short': 'precomputation'}, {'language': 'ja', 'name': '事前計算', 'short': '事前計算'}], 'aliases': [{'alias': 'lookup table'}, {'alias': 'db'}, {'alias': 'database'}]}]",{}
2075,N번째 큰 수,"[{'language': 'ko', 'languageDisplayName': 'ko', 'title': 'N번째 큰 수', 'isOriginal': True}]",True,False,9990,9,144,False,False,False,2.5545,True,"[{'key': 'data_structures', 'isMeta': False, 'bojTagId': 175, 'problemCount': 3771, 'displayNames': [{'language': 'ko', 'name': '자료 구조', 'short': '자료 구조'}, {'language': 'en', 'name': 'data structures', 'short': 'ds'}, {'language': 'ja', 'name': 'データ構造', 'short': 'ds'}], 'aliases': [{'alias': '자료구조'}, {'alias': '자구'}]}, {'key': 'priority_queue', 'isMeta': False, 'bojTagId': 59, 'problemCount': 420, 'displayNames': [{'language': 'ko', 'name': '우선순위 큐', 'short': '우선순위 큐'}, {'language': 'en', 'name': 'priority queue', 'short': 'priority queue'}, {'language': 'ja', 'name': '優先度付きキュー', 'short': '優先度付きキュー'}], 'aliases': [{'alias': 'heap'}, {'alias': '힙'}]}, {'key': 'sorting', 'isMeta': False, 'bojTagId': 97, 'problemCount': 1827, 'displayNames': [{'language': 'ko', 'name': '정렬', 'short': '정렬'}, {'language': 'en', 'name': 'sorting', 'short': 'sorting'}, {'language': 'ja', 'name': 'ソート', 'short': 'ソート'}], 'aliases': []}]",{}
2076,2차원 벡터,"[{'language': 'ko', 'languageDisplayName': 'ko', 'title': '2차원 벡터', 'isOriginal': True}]",True,False,44,19,11,False,False,False,5.6591,True,"[{'key': 'geometry', 'isMeta': False, 'bojTagId': 100, 'problemCount': 1483, 'displayNames': [{'language': 'ko', 'name': '기하학', 'short': '기하학'}, {'language': 'en', 'name': 'geometry', 'short': 'geom'}, {'language': 'ja', 'name': '幾何学', 'short': '幾何'}], 'aliases': []}, {'key': 'sorting', 'isMeta': False, 'bojTagId': 97, 'problemCount': 1827, 'displayNames': [{'language': 'ko', 'name': '정렬', 'short': '정렬'}, {'language': 'en', 'name': 'sorting', 'short': 'sorting'}, {'language': 'ja', 'name': 'ソート', 'short': 'ソート'}], 'aliases': []}, {'key': 'sweeping', 'isMeta': False, 'bojTagId': 106, 'problemCount': 468, 'displayNames': [{'language': 'ko', 'name': '스위핑', 'short': '스위핑'}, {'language': 'en', 'name': 'sweeping', 'short': 'sweeping'}, {'language': 'ja', 'name': '平面走査', 'short': '平面走査'}], 'aliases': [{'alias': '라인 스위핑'}]}, {'key': 'two_pointer', 'isMeta': False, 'bojTagId': 80, 'problemCount': 381, 'displayNames': [{'language': 'ko', 'name': '두 포인터', 'short': '두 포인터'}, {'language': 'en', 'name': 'two-pointer', 'short': 'two-pointer'}, {'language': 'ja', 'name': '尺取り法', 'short': '尺取り'}], 'aliases': [{'alias': '투포인터'}, {'alias': '인치웜'}, {'alias': 'inchworm'}, {'alias': 'twopointer'}]}]",{}
2078,무한이진트리,"[{'language': 'ko', 'languageDisplayName': 'ko', 'title': '무한이진트리', 'isOriginal': False}, {'language': 'en', 'languageDisplayName': 'en', 'title': 'Binary Tree', 'isOriginal': True}]",True,False,584,9,21,False,False,False,2.5291,True,"[{'key': 'math', 'isMeta': False, 'bojTagId': 124, 'problemCount': 6271, 'displayNames': [{'language': 'ko', 'name': '수학', 'short': '수학'}, {'language': 'en', 'name': 'mathematics', 'short': 'math'}, {'language': 'ja', 'name': '数学', 'short': '数学'}], 'aliases': []}]",{}
2079,팰린드롬,"[{'language': 'ko', 'languageDisplayName': 'ko', 'title': '팰린드롬', 'isOriginal': False}, {'language': 'en', 'languageDisplayName': 'en', 'title': 'PALIN', 'isOriginal': True}]",True,False,508,15,58,False,True,False,2.1713,True,"[{'key': 'dp', 'isMeta': False, 'bojTagId': 25, 'problemCount': 3979, 'displayNames': [{'language': 'ko', 'name': '다이나믹 프로그래밍', 'short': '다이나믹 프로그래밍'}, {'language': 'en', 'name': 'dynamic programming', 'short': 'dp'}, {'language': 'ja', 'name': '動的計画法', 'short': 'dp'}], 'aliases': [{'alias': '동적계획법'}, {'alias': '동적 계획법'}, {'alias': '다이나믹프로그래밍'}]}]","{'warn': [{'type': 'same', 'data': 1509}]}"
2080,겹치는 선분,"[{'language': 'ko', 'languageDisplayName': 'ko', 'title': '겹치는 선분', 'isOriginal': False}, {'language': 'en', 'languageDisplayName': 'en', 'title': 'Line Segments', 'isOriginal': True}]",True,False,22,19,5,False,False,False,3.2727,True,"[{'key': 'binary_search', 'isMeta': False, 'bojTagId': 12, 'problemCount': 1204, 'displayNames': [{'language': 'ko', 'name': '이분 탐색', 'short': '이분 탐색'}, {'language': 'en', 'name': 'binary search', 'short': 'binary search'}, {'language': 'ja', 'name': '二分探索', 'short': '二分探索'}], 'aliases': [{'alias': '이분탐색'}, {'alias': '이진탐색'}]}, {'key': 'geometry', 'isMeta': False, 'bojTagId': 100, 'problemCount': 1483, 'displayNames': [{'language': 'ko', 'name': '기하학', 'short': '기하학'}, {'language': 'en', 'name': 'geometry', 'short': 'geom'}, {'language': 'ja', 'name': '幾何学', 'short': '幾何'}], 'aliases': []}, {'key': 'sorting', 'isMeta': False, 'bojTagId': 97, 'problemCount': 1827, 'displayNames': [{'language': 'ko', 'name': '정렬', 'short': '정렬'}, {'language': 'en', 'name': 'sorting', 'short': 'sorting'}, {'language': 'ja', 'name': 'ソート', 'short': 'ソート'}], 'aliases': []}]",{}
2081,저울추,"[{'language': 'ko', 'languageDisplayName': 'ko', 'title': '저울추', 'isOriginal': True}]",True,False,26,20,12,False,False,False,3.1538,True,"[{'key': 'bellman_ford', 'isMeta': False, 'bojTagId': 10, 'problemCount': 41, 'displayNames': [{'language': 'ko', 'name': '벨만–포드', 'short': '벨만–포드'}, {'language': 'en', 'name': 'bellman–ford', 'short': 'bellman-ford'}, {'language': 'ja', 'name': 'ベルマンフォード法', 'short': 'ベルマンフォード'}], 'aliases': [{'alias': 'bellmanford'}, {'alias': '벨만포드'}, {'alias': 'spfa'}]}, {'key': 'graphs', 'isMeta': False, 'bojTagId': 7, 'problemCount': 3630, 'displayNames': [{'language': 'ko', 'name': '그래프 이론', 'short': '그래프 이론'}, {'language': 'en', 'name': 'graph theory', 'short': 'graph'}, {'language': 'ja', 'name': 'グラフ理論', 'short': 'グラフ'}], 'aliases': [{'alias': '그래프이론'}, {'alias': '그래프'}]}, {'key': 'shortest_path', 'isMeta': False, 'bojTagId': 215, 'problemCount': 759, 'displayNames': [{'language': 'ko', 'name': '최단 경로', 'short': '최단 경로'}, {'language': 'en', 'name': 'shortest path', 'short': 'shortest path'}, {'language': 'ja', 'name': '最短経路', 'short': '最短経路'}], 'aliases': []}]",{}
2082,시계,"[{'language': 'ko', 'languageDisplayName': 'ko', 'title': '시계', 'isOriginal': True}, {'language': 'en', 'languageDisplayName': 'en', 'title': 'CLOCK', 'isOriginal': False}]",True,False,307,8,13,False,False,False,1.3518,True,"[{'key': 'bruteforcing', 'isMeta': False, 'bojTagId': 125, 'problemCount': 2158, 'displayNames': [{'language': 'ko', 'name': '브루트포스 알고리즘', 'short': '브루트포스 알고리즘'}, {'language': 'en', 'name': 'bruteforcing', 'short': 'bruteforce'}, {'language': 'ja', 'name': '全探索', 'short': '全探索'}], 'aliases': [{'alias': '완전탐색'}, {'alias': '완전 탐색'}, {'alias': '브루트포스'}, {'alias': 'bruteforce'}, {'alias': 'brute force'}, {'alias': '완탐'}]}, {'key': 'implementation', 'isMeta': False, 'bojTagId': 102, 'problemCount': 5465, 'displayNames': [{'language': 'ko', 'name': '구현', 'short': '구현'}, {'language': 'en', 'name': 'implementation', 'short': 'impl'}, {'language': 'ja', 'name': '実装', 'short': 'impl'}], 'aliases': []}]",{}
2083,럭비 클럽,"[{'language': 'ko', 'languageDisplayName': 'ko', 'title': '럭비 클럽', 'isOriginal': False}, {'language': 'en', 'languageDisplayName': 'en', 'title': 'Rugby Club', 'isOriginal': True}]",True,False,6798,2,126,False,False,False,1.762,True,"[{'key': 'implementation', 'isMeta': False, 'bojTagId': 102, 'problemCount': 5465, 'displayNames': [{'language': 'ko', 'name': '구현', 'short': '구현'}, {'language': 'en', 'name': 'implementation', 'short': 'impl'}, {'language': 'ja', 'name': '実装', 'short': 'impl'}], 'aliases': []}]",{}
2084,차수열,"[{'language': 'ko', 'languageDisplayName': 'ko', 'title': '차수열', 'isOriginal': True}]",True,False,68,15,20,False,False,False,2.0735,True,"[{'key': 'constructive', 'isMeta': False, 'bojTagId': 128, 'problemCount': 986, 'displayNames': [{'language': 'ko', 'name': '해 구성하기', 'short': '해 구성하기'}, {'language': 'en', 'name': 'constructive', 'short': 'constructive'}, {'language': 'ja', 'name': '構成的', 'short': '構成的'}], 'aliases': [{'alias': 'constructive'}, {'alias': '컨스트럭티브'}, {'alias': '구성적'}]}, {'key': 'degree_sequence', 'isMeta': False, 'bojTagId': 200, 'problemCount': 6, 'displayNames': [{'language': 'ko', 'name': '차수열', 'short': '차수열'}, {'language': 'en', 'name': 'degree sequence', 'short': 'degree sequence'}, {'language': 'ja', 'name': 'degree sequence', 'short': 'degree sequence'}], 'aliases': []}, {'key': 'graphs', 'isMeta': False, 'bojTagId': 7, 'problemCount': 3630, 'displayNames': [{'language': 'ko', 'name': '그래프 이론', 'short': '그래프 이론'}, {'language': 'en', 'name': 'graph theory', 'short': 'graph'}, {'language': 'ja', 'name': 'グラフ理論', 'short': 'グラフ'}], 'aliases': [{'alias': '그래프이론'}, {'alias': '그래프'}]}, {'key': 'greedy', 'isMeta': False, 'bojTagId': 33, 'problemCount': 2504, 'displayNames': [{'language': 'ko', 'name': '그리디 알고리즘', 'short': '그리디 알고리즘'}, {'language': 'en', 'name': 'greedy', 'short': 'greedy'}, {'language': 'ja', 'name': '貪欲法', 'short': '貪欲法'}], 'aliases': [{'alias': '탐욕법'}]}]",{}
2085,진법,"[{'language': 'ko', 'languageDisplayName': 'ko', 'title': '진법', 'isOriginal': True}]",True,False,14,12,3,False,False,False,4.0,True,"[{'key': 'case_work', 'isMeta': False, 'bojTagId': 137, 'problemCount': 855, 'displayNames': [{'language': 'ko', 'name': '많은 조건 분기', 'short': '많은 조건 분기'}, {'language': 'en', 'name': 'case work', 'short': 'case work'}, {'language': 'ja', 'name': 'ケースワーク', 'short': 'ケースワーク'}], 'aliases': [{'alias': '케이스'}, {'alias': '케이스워크'}, {'alias': '케이스 워크'}]}, {'key': 'dp', 'isMeta': False, 'bojTagId': 25, 'problemCount': 3979, 'displayNames': [{'language': 'ko', 'name': '다이나믹 프로그래밍', 'short': '다이나믹 프로그래밍'}, {'language': 'en', 'name': 'dynamic programming', 'short': 'dp'}, {'language': 'ja', 'name': '動的計画法', 'short': 'dp'}], 'aliases': [{'alias': '동적계획법'}, {'alias': '동적 계획법'}, {'alias': '다이나믹프로그래밍'}]}]",{}
2086,피보나치 수의 합,"[{'language': 'ko', 'languageDisplayName': 'ko', 'title': '피보나치 수의 합', 'isOriginal': True}]",True,False,1306,15,104,False,False,False,2.9127,True,"[{'key': 'exponentiation_by_squaring', 'isMeta': False, 'bojTagId': 39, 'problemCount': 276, 'displayNames': [{'language': 'ko', 'name': '분할 정복을 이용한 거듭제곱', 'short': '분할 정복을 이용한 거듭제곱'}, {'language': 'en', 'name': 'exponentiation by squaring', 'short': 'exponentiation by squaring'}, {'language': 'ja', 'name': '二乗法によるべき乗', 'short': '二乗法によるべき乗'}], 'aliases': [{'alias': '거듭제곱'}, {'alias': '제곱'}, {'alias': 'power'}, {'alias': 'square'}]}, {'key': 'math', 'isMeta': False, 'bojTagId': 124, 'problemCount': 6271, 'displayNames': [{'language': 'ko', 'name': '수학', 'short': '수학'}, {'language': 'en', 'name': 'mathematics', 'short': 'math'}, {'language': 'ja', 'name': '数学', 'short': '数学'}], 'aliases': []}]",{}
2087,암호문,"[{'language': 'en', 'languageDisplayName': 'en', 'title': 'Cipher', 'isOriginal': True}, {'language': 'ko', 'languageDisplayName': 'ko', 'title': '암호문', 'isOriginal': False}]",True,False,137,15,20,False,False,False,2.9416,True,"[{'key': 'bitmask', 'isMeta': False, 'bojTagId': 14, 'problemCount': 717, 'displayNames': [{'language': 'ko', 'name': '비트마스킹', 'short': '비트마스킹'}, {'language': 'en', 'name': 'bitmask', 'short': 'bitmask'}, {'language': 'ja', 'name': 'ビット表現', 'short': 'ビット表現'}], 'aliases': [{'alias': '비트필드'}, {'alias': '비트마스크'}]}, {'key': 'mitm', 'isMeta': False, 'bojTagId': 46, 'problemCount': 93, 'displayNames': [{'language': 'ko', 'name': '중간에서 만나기', 'short': '중간에서 만나기'}, {'language': 'en', 'name': 'meet in the middle', 'short': 'meet in the middle'}, {'language': 'ja', 'name': '半分全列挙', 'short': '半分全列挙'}], 'aliases': []}]",{}
2088,트리의 개수,"[{'language': 'ko', 'languageDisplayName': 'ko', 'title': '트리의 개수', 'isOriginal': False}, {'language': 'en', 'languageDisplayName': 'en', 'title': 'Exploring Pyramids', 'isOriginal': True}]",True,False,46,15,5,False,False,False,2.5217,True,"[{'key': 'dp', 'isMeta': False, 'bojTagId': 25, 'problemCount': 3979, 'displayNames': [{'language': 'ko', 'name': '다이나믹 프로그래밍', 'short': '다이나믹 프로그래밍'}, {'language': 'en', 'name': 'dynamic programming', 'short': 'dp'}, {'language': 'ja', 'name': '動的計画法', 'short': 'dp'}], 'aliases': [{'alias': '동적계획법'}, {'alias': '동적 계획법'}, {'alias': '다이나믹프로그래밍'}]}]",{}
2089,-2진수,"[{'language': 'ko', 'languageDisplayName': 'ko', 'title': '-2진수', 'isOriginal': False}, {'language': 'en', 'languageDisplayName': 'en', 'title': 'The Moronic Cowmpouter', 'isOriginal': True}]",True,False,4615,9,66,False,False,False,2.1703,True,"[{'key': 'math', 'isMeta': False, 'bojTagId': 124, 'problemCount': 6271, 'displayNames': [{'language': 'ko', 'name': '수학', 'short': '수학'}, {'language': 'en', 'name': 'mathematics', 'short': 'math'}, {'language': 'ja', 'name': '数学', 'short': '数学'}], 'aliases': []}, {'key': 'number_theory', 'isMeta': False, 'bojTagId': 95, 'problemCount': 1418, 'displayNames': [{'language': 'ko', 'name': '정수론', 'short': '정수론'}, {'language': 'en', 'name': 'number theory', 'short': 'number theory'}, {'language': 'ja', 'name': '整数論', 'short': '整数論'}], 'aliases': []}]",{}
2090,조화평균,"[{'language': 'ko', 'languageDisplayName': 'ko', 'title': '조화평균', 'isOriginal': True}]",True,False,443,7,24,False,False,False,2.9323,True,"[{'key': 'euclidean', 'isMeta': False, 'bojTagId': 26, 'problemCount': 187, 'displayNames': [{'language': 'ko', 'name': '유클리드 호제법', 'short': '유클리드 호제법'}, {'language': 'en', 'name': 'euclidean algorithm', 'short': 'euclidean algorithm'}, {'language': 'ja', 'name': 'ユークリッドの互除法', 'short': 'ユークリッドの互除法'}], 'aliases': [{'alias': '유클리드알고리즘'}]}, {'key': 'implementation', 'isMeta': False, 'bojTagId': 102, 'problemCount': 5465, 'displayNames': [{'language': 'ko', 'name': '구현', 'short': '구현'}, {'language': 'en', 'name': 'implementation', 'short': 'impl'}, {'language': 'ja', 'name': '実装', 'short': 'impl'}], 'aliases': []}, {'key': 'math', 'isMeta': False, 'bojTagId': 124, 'problemCount': 6271, 'displayNames': [{'language': 'ko', 'name': '수학', 'short': '수학'}, {'language': 'en', 'name': 'mathematics', 'short': 'math'}, {'language': 'ja', 'name': '数学', 'short': '数学'}], 'aliases': []}, {'key': 'number_theory', 'isMeta': False, 'bojTagId': 95, 'problemCount': 1418, 'displayNames': [{'language': 'ko', 'name': '정수론', 'short': '정수론'}, {'language': 'en', 'name': 'number theory', 'short': 'number theory'}, {'language': 'ja', 'name': '整数論', 'short': '整数論'}], 'aliases': []}]",{}
2091,동전,"[{'language': 'ko', 'languageDisplayName': 'ko', 'title': '동전', 'isOriginal': False}, {'language': 'en', 'languageDisplayName': 'en', 'title': ""Charlie's Change"", 'isOriginal': True}]",True,False,342,13,41,False,False,False,4.7515,True,"[{'key': 'bruteforcing', 'isMeta': False, 'bojTagId': 125, 'problemCount': 2158, 'displayNames': [{'language': 'ko', 'name': '브루트포스 알고리즘', 'short': '브루트포스 알고리즘'}, {'language': 'en', 'name': 'bruteforcing', 'short': 'bruteforce'}, {'language': 'ja', 'name': '全探索', 'short': '全探索'}], 'aliases': [{'alias': '완전탐색'}, {'alias': '완전 탐색'}, {'alias': '브루트포스'}, {'alias': 'bruteforce'}, {'alias': 'brute force'}, {'alias': '완탐'}]}, {'key': 'dp', 'isMeta': False, 'bojTagId': 25, 'problemCount': 3979, 'displayNames': [{'language': 'ko', 'name': '다이나믹 프로그래밍', 'short': '다이나믹 프로그래밍'}, {'language': 'en', 'name': 'dynamic programming', 'short': 'dp'}, {'language': 'ja', 'name': '動的計画法', 'short': 'dp'}], 'aliases': [{'alias': '동적계획법'}, {'alias': '동적 계획법'}, {'alias': '다이나믹프로그래밍'}]}, {'key': 'greedy', 'isMeta': False, 'bojTagId': 33, 'problemCount': 2504, 'displayNames': [{'language': 'ko', 'name': '그리디 알고리즘', 'short': '그리디 알고리즘'}, {'language': 'en', 'name': 'greedy', 'short': 'greedy'}, {'language': 'ja', 'name': '貪欲法', 'short': '貪欲法'}], 'aliases': [{'alias': '탐욕법'}]}]",{}
2092,집합의 개수,"[{'language': 'ko', 'languageDisplayName': 'ko', 'title': '집합의 개수', 'isOriginal': False}, {'language': 'en', 'languageDisplayName': 'en', 'title': 'Ant Counting', 'isOriginal': True}]",True,False,323,15,18,False,False,False,2.2941,True,"[{'key': 'dp', 'isMeta': False, 'bojTagId': 25, 'problemCount': 3979, 'displayNames': [{'language': 'ko', 'name': '다이나믹 프로그래밍', 'short': '다이나믹 프로그래밍'}, {'language': 'en', 'name': 'dynamic programming', 'short': 'dp'}, {'language': 'ja', 'name': '動的計画法', 'short': 'dp'}], 'aliases': [{'alias': '동적계획법'}, {'alias': '동적 계획법'}, {'alias': '다이나믹프로그래밍'}]}]",{}
2093,괄호 제거,"[{'language': 'ko', 'languageDisplayName': 'ko', 'title': '괄호 제거', 'isOriginal': False}, {'language': 'en', 'languageDisplayName': 'en', 'title': 'Brackets Removal', 'isOriginal': True}]",True,False,12,14,2,False,False,False,3.6667,True,"[{'key': 'case_work', 'isMeta': False, 'bojTagId': 137, 'problemCount': 855, 'displayNames': [{'language': 'ko', 'name': '많은 조건 분기', 'short': '많은 조건 분기'}, {'language': 'en', 'name': 'case work', 'short': 'case work'}, {'language': 'ja', 'name': 'ケースワーク', 'short': 'ケースワーク'}], 'aliases': [{'alias': '케이스'}, {'alias': '케이스워크'}, {'alias': '케이스 워크'}]}, {'key': 'implementation', 'isMeta': False, 'bojTagId': 102, 'problemCount': 5465, 'displayNames': [{'language': 'ko', 'name': '구현', 'short': '구현'}, {'language': 'en', 'name': 'implementation', 'short': 'impl'}, {'language': 'ja', 'name': '実装', 'short': 'impl'}], 'aliases': []}, {'key': 'parsing', 'isMeta': False, 'bojTagId': 96, 'problemCount': 453, 'displayNames': [{'language': 'ko', 'name': '파싱', 'short': '파싱'}, {'language': 'en', 'name': 'parsing', 'short': 'parsing'}, {'language': 'ja', 'name': 'パージング', 'short': 'パージング'}], 'aliases': []}, {'key': 'string', 'isMeta': False, 'bojTagId': 158, 'problemCount': 2356, 'displayNames': [{'language': 'ko', 'name': '문자열', 'short': '문자열'}, {'language': 'en', 'name': 'string', 'short': 'string'}, {'language': 'ja', 'name': '文字列', 'short': '文字列'}], 'aliases': [{'alias': '스트링'}]}]",{}
2094,강수량,"[{'language': 'ko', 'languageDisplayName': 'ko', 'title': '강수량', 'isOriginal': False}, {'language': 'en', 'languageDisplayName': 'en', 'title': 'Worst Weather Ever', 'isOriginal': True}]",True,False,260,18,21,False,False,False,5.6231,True,"[{'key': 'case_work', 'isMeta': False, 'bojTagId': 137, 'problemCount': 855, 'displayNames': [{'language': 'ko', 'name': '많은 조건 분기', 'short': '많은 조건 분기'}, {'language': 'en', 'name': 'case work', 'short': 'case work'}, {'language': 'ja', 'name': 'ケースワーク', 'short': 'ケースワーク'}], 'aliases': [{'alias': '케이스'}, {'alias': '케이스워크'}, {'alias': '케이스 워크'}]}, {'key': 'coordinate_compression', 'isMeta': False, 'bojTagId': 161, 'problemCount': 225, 'displayNames': [{'language': 'ko', 'name': '값 / 좌표 압축', 'short': '값 / 좌표 압축'}, {'language': 'en', 'name': 'value / coordinate compression', 'short': 'compression'}, {'language': 'ja', 'name': 'value / coordinate compression', 'short': 'compression'}], 'aliases': [{'alias': 'zip'}]}, {'key': 'data_structures', 'isMeta': False, 'bojTagId': 175, 'problemCount': 3771, 'displayNames': [{'language': 'ko', 'name': '자료 구조', 'short': '자료 구조'}, {'language': 'en', 'name': 'data structures', 'short': 'ds'}, {'language': 'ja', 'name': 'データ構造', 'short': 'ds'}], 'aliases': [{'alias': '자료구조'}, {'alias': '자구'}]}, {'key': 'segtree', 'isMeta': False, 'bojTagId': 65, 'problemCount': 1290, 'displayNames': [{'language': 'ko', 'name': '세그먼트 트리', 'short': '세그먼트 트리'}, {'language': 'en', 'name': 'segment tree', 'short': 'segtree'}, {'language': 'ja', 'name': 'セグメント木', 'short': 'セグ木'}], 'aliases': [{'alias': '구간트리'}, {'alias': '세그트리'}, {'alias': 'fenwick'}, {'alias': '펜윅'}]}, {'key': 'tree_set', 'isMeta': False, 'bojTagId': 74, 'problemCount': 487, 'displayNames': [{'language': 'ko', 'name': '트리를 사용한 집합과 맵', 'short': '트리를 사용한 집합과 맵'}, {'language': 'en', 'name': 'set / map by trees', 'short': 'treeset'}, {'language': 'ja', 'name': '木によるセット・マップ', 'short': 'treeset'}], 'aliases': [{'alias': '집합'}, {'alias': '맵'}, {'alias': '셋'}, {'alias': '딕셔너리'}, {'alias': 'dictionary'}, {'alias': 'map'}, {'alias': 'set'}, {'alias': 'bbst'}, {'alias': '트리'}, {'alias': 'tree'}]}]",{}
2095,티켓,"[{'language': 'ko', 'languageDisplayName': 'ko', 'title': '티켓', 'isOriginal': False}, {'language': 'en', 'languageDisplayName': 'en', 'title': 'Ticket Office', 'isOriginal': True}]",True,False,18,19,6,False,False,False,5.8333,True,"[{'key': 'dp', 'isMeta': False, 'bojTagId': 25, 'problemCount': 3979, 'displayNames': [{'language': 'ko', 'name': '다이나믹 프로그래밍', 'short': '다이나믹 프로그래밍'}, {'language': 'en', 'name': 'dynamic programming', 'short': 'dp'}, {'language': 'ja', 'name': '動的計画法', 'short': 'dp'}], 'aliases': [{'alias': '동적계획법'}, {'alias': '동적 계획법'}, {'alias': '다이나믹프로그래밍'}]}, {'key': 'greedy', 'isMeta': False, 'bojTagId': 33, 'problemCount': 2504, 'displayNames': [{'language': 'ko', 'name': '그리디 알고리즘', 'short': '그리디 알고리즘'}, {'language': 'en', 'name': 'greedy', 'short': 'greedy'}, {'language': 'ja', 'name': '貪欲法', 'short': '貪欲法'}], 'aliases': [{'alias': '탐욕법'}]}]",{}
2096,내려가기,"[{'language': 'ko', 'languageDisplayName': 'ko', 'title': '내려가기', 'isOriginal': True}]",True,False,13432,11,219,False,False,False,2.714,True,"[{'key': 'dp', 'isMeta': False, 'bojTagId': 25, 'problemCount': 3979, 'displayNames': [{'language': 'ko', 'name': '다이나믹 프로그래밍', 'short': '다이나믹 프로그래밍'}, {'language': 'en', 'name': 'dynamic programming', 'short': 'dp'}, {'language': 'ja', 'name': '動的計画法', 'short': 'dp'}], 'aliases': [{'alias': '동적계획법'}, {'alias': '동적 계획법'}, {'alias': '다이나믹프로그래밍'}]}, {'key': 'sliding_window', 'isMeta': False, 'bojTagId': 68, 'problemCount': 103, 'displayNames': [{'language': 'ko', 'name': '슬라이딩 윈도우', 'short': '슬라이딩 윈도우'}, {'language': 'en', 'name': 'sliding window', 'short': 'sliding window'}, {'language': 'ja', 'name': 'スライディングウィンドウ', 'short': 'スライディングウィンドウ'}], 'aliases': [{'alias': '슬라이딩윈도'}]}]",{}
2097,조약돌,"[{'language': 'ko', 'languageDisplayName': 'ko', 'title': '조약돌', 'isOriginal': True}]",True,False,593,6,28,False,False,False,2.4924,True,"[{'key': 'arithmetic', 'isMeta': False, 'bojTagId': 121, 'problemCount': 1097, 'displayNames': [{'language': 'ko', 'name': '사칙연산', 'short': '사칙연산'}, {'language': 'en', 'name': 'arithmetic', 'short': 'arithmetic'}, {'language': 'ja', 'name': '算数', 'short': '算数'}], 'aliases': [{'alias': '덧셈'}, {'alias': '뺄셈'}, {'alias': '곱셈'}, {'alias': '나눗셈'}, {'alias': '더하기'}, {'alias': '빼기'}, {'alias': '곱하기'}, {'alias': '나누기'}]}, {'key': 'math', 'isMeta': False, 'bojTagId': 124, 'problemCount': 6271, 'displayNames': [{'language': 'ko', 'name': '수학', 'short': '수학'}, {'language': 'en', 'name': 'mathematics', 'short': 'math'}, {'language': 'ja', 'name': '数学', 'short': '数学'}], 'aliases': []}]",{}
2098,외판원 순회,"[{'language': 'ko', 'languageDisplayName': 'ko', 'title': '외판원 순회', 'isOriginal': True}]",True,False,9067,15,93,False,False,True,3.6382,True,"[{'key': 'bitmask', 'isMeta': False, 'bojTagId': 14, 'problemCount': 717, 'displayNames': [{'language': 'ko', 'name': '비트마스킹', 'short': '비트마스킹'}, {'language': 'en', 'name': 'bitmask', 'short': 'bitmask'}, {'language': 'ja', 'name': 'ビット表現', 'short': 'ビット表現'}], 'aliases': [{'alias': '비트필드'}, {'alias': '비트마스크'}]}, {'key': 'dp', 'isMeta': False, 'bojTagId': 25, 'problemCount': 3979, 'displayNames': [{'language': 'ko', 'name': '다이나믹 프로그래밍', 'short': '다이나믹 프로그래밍'}, {'language': 'en', 'name': 'dynamic programming', 'short': 'dp'}, {'language': 'ja', 'name': '動的計画法', 'short': 'dp'}], 'aliases': [{'alias': '동적계획법'}, {'alias': '동적 계획법'}, {'alias': '다이나믹프로그래밍'}]}, {'key': 'dp_bitfield', 'isMeta': False, 'bojTagId': 87, 'problemCount': 299, 'displayNames': [{'language': 'ko', 'name': '비트필드를 이용한 다이나믹 프로그래밍', 'short': '비트필드를 이용한 다이나믹 프로그래밍'}, {'language': 'en', 'name': 'dynamic programming using bitfield', 'short': 'bitfield dp'}, {'language': 'ja', 'name': 'ビットを使用した動的計画法', 'short': 'ビットdp'}], 'aliases': [{'alias': '동적계획법'}, {'alias': '비트마스크'}, {'alias': '비트dp'}]}, {'key': 'tsp', 'isMeta': False, 'bojTagId': 138, 'problemCount': 59, 'displayNames': [{'language': 'ko', 'name': '외판원 순회 문제', 'short': '외판원 순회 문제'}, {'language': 'en', 'name': 'travelling salesman problem', 'short': 'tsp'}, {'language': 'ja', 'name': '巡回セールスマン問題', 'short': '巡回セールスマン'}], 'aliases': [{'alias': '외판원순회'}]}]",{}
2099,The game of death,"[{'language': 'ko', 'languageDisplayName': 'ko', 'title': 'The game of death', 'isOriginal': True}]",True,False,346,15,30,False,False,False,2.3757,True,"[{'key': 'exponentiation_by_squaring', 'isMeta': False, 'bojTagId': 39, 'problemCount': 276, 'displayNames': [{'language': 'ko', 'name': '분할 정복을 이용한 거듭제곱', 'short': '분할 정복을 이용한 거듭제곱'}, {'language': 'en', 'name': 'exponentiation by squaring', 'short': 'exponentiation by squaring'}, {'language': 'ja', 'name': '二乗法によるべき乗', 'short': '二乗法によるべき乗'}], 'aliases': [{'alias': '거듭제곱'}, {'alias': '제곱'}, {'alias': 'power'}, {'alias': 'square'}]}, {'key': 'graphs', 'isMeta': False, 'bojTagId': 7, 'problemCount': 3630, 'displayNames': [{'language': 'ko', 'name': '그래프 이론', 'short': '그래프 이론'}, {'language': 'en', 'name': 'graph theory', 'short': 'graph'}, {'language': 'ja', 'name': 'グラフ理論', 'short': 'グラフ'}], 'aliases': [{'alias': '그래프이론'}, {'alias': '그래프'}]}, {'key': 'math', 'isMeta': False, 'bojTagId': 124, 'problemCount': 6271, 'displayNames': [{'language': 'ko', 'name': '수학', 'short': '수학'}, {'language': 'en', 'name': 'mathematics', 'short': 'math'}, {'language': 'ja', 'name': '数学', 'short': '数学'}], 'aliases': []}]",{}
